solid OpenSCAD_Model
  facet normal 0 0 -1
    outer loop
      vertex 184 -139 0
      vertex 186 -137 0
      vertex 185.983 -137.261 0
    endloop
  endfacet
  facet normal 0 0 -1
    outer loop
      vertex 188.342 -108.449 0
      vertex 188.342 -107.927 0
      vertex 188.359 -108.188 0
    endloop
  endfacet
  facet normal 0 0 -1
    outer loop
      vertex 188.291 -108.705 0
      vertex 188.342 -107.927 0
      vertex 188.342 -108.449 0
    endloop
  endfacet
  facet normal 0 0 -1
    outer loop
      vertex 188.291 -108.705 0
      vertex 188.291 -107.67 0
      vertex 188.342 -107.927 0
    endloop
  endfacet
  facet normal 0 0 -1
    outer loop
      vertex 188.291 -108.705 0
      vertex 188.207 -107.422 0
      vertex 188.291 -107.67 0
    endloop
  endfacet
  facet normal 0 0 -1
    outer loop
      vertex 188.207 -108.953 0
      vertex 188.207 -107.422 0
      vertex 188.291 -108.705 0
    endloop
  endfacet
  facet normal 0 0 -1
    outer loop
      vertex 188.207 -108.953 0
      vertex 188.091 -107.188 0
      vertex 188.207 -107.422 0
    endloop
  endfacet
  facet normal 0 0 -1
    outer loop
      vertex 188.091 -109.188 0
      vertex 188.091 -107.188 0
      vertex 188.207 -108.953 0
    endloop
  endfacet
  facet normal 0 0 -1
    outer loop
      vertex 187.959 -109.388 0
      vertex 188.091 -107.188 0
      vertex 188.091 -109.188 0
    endloop
  endfacet
  facet normal 0 0 -1
    outer loop
      vertex 187.959 -109.388 0
      vertex 187.946 -106.97 0
      vertex 188.091 -107.188 0
    endloop
  endfacet
  facet normal 0 0 -1
    outer loop
      vertex 187.959 -109.388 0
      vertex 187.773 -106.773 0
      vertex 187.946 -106.97 0
    endloop
  endfacet
  facet normal 0 0 -1
    outer loop
      vertex 186.4 -111.467 0
      vertex 187.773 -106.773 0
      vertex 187.959 -109.388 0
    endloop
  endfacet
  facet normal 0 0 -1
    outer loop
      vertex 185.742 -104.742 0
      vertex 186.4 -111.467 0
      vertex 186.257 -111.686 0
    endloop
  endfacet
  facet normal 0 0 -1
    outer loop
      vertex 185.511 -104.465 0
      vertex 186.257 -111.686 0
      vertex 186.144 -111.922 0
    endloop
  endfacet
  facet normal 0 0 -1
    outer loop
      vertex 185.376 -104.24 0
      vertex 186.144 -111.922 0
      vertex 186.063 -112.17 0
    endloop
  endfacet
  facet normal 0 0 -1
    outer loop
      vertex 184 -139 0
      vertex 185.983 -137.261 0
      vertex 185.932 -137.518 0
    endloop
  endfacet
  facet normal 0 0 -1
    outer loop
      vertex 184 -139 0
      vertex 185.932 -137.518 0
      vertex 185.848 -137.765 0
    endloop
  endfacet
  facet normal 0 0 -1
    outer loop
      vertex 186.4 -111.467 0
      vertex 185.742 -104.742 0
      vertex 187.773 -106.773 0
    endloop
  endfacet
  facet normal 0 0 -1
    outer loop
      vertex 185.272 -104 0
      vertex 186.063 -112.17 0
      vertex 186.014 -112.427 0
    endloop
  endfacet
  facet normal 0 0 -1
    outer loop
      vertex 152.685 -101.55 0
      vertex 186.014 -112.427 0
      vertex 186 -112.667 0
    endloop
  endfacet
  facet normal -0 0 -1
    outer loop
      vertex 186 -137 0
      vertex 184 -139 0
      vertex 186 -112.667 0
    endloop
  endfacet
  facet normal 0 0 -1
    outer loop
      vertex 184 -139 0
      vertex 185.848 -137.765 0
      vertex 185.732 -138 0
    endloop
  endfacet
  facet normal 0 0 -1
    outer loop
      vertex 184 -139 0
      vertex 185.732 -138 0
      vertex 185.587 -138.218 0
    endloop
  endfacet
  facet normal 0 0 -1
    outer loop
      vertex 151.55 -102.685 0
      vertex 186 -112.667 0
      vertex 184 -139 0
    endloop
  endfacet
  facet normal 0 0 -1
    outer loop
      vertex 184 -139 0
      vertex 185.587 -138.218 0
      vertex 185.414 -138.414 0
    endloop
  endfacet
  facet normal 0 -0 -1
    outer loop
      vertex 152.192 -102.192 0
      vertex 186 -112.667 0
      vertex 151.887 -102.459 0
    endloop
  endfacet
  facet normal 0 -0 -1
    outer loop
      vertex 152.459 -101.887 0
      vertex 186 -112.667 0
      vertex 152.192 -102.192 0
    endloop
  endfacet
  facet normal 0 0 -1
    outer loop
      vertex 184 -139 0
      vertex 185.414 -138.414 0
      vertex 185.218 -138.587 0
    endloop
  endfacet
  facet normal 0 0 -1
    outer loop
      vertex 186.257 -111.686 0
      vertex 185.511 -104.465 0
      vertex 185.742 -104.742 0
    endloop
  endfacet
  facet normal 0 -0 -1
    outer loop
      vertex 152.685 -101.55 0
      vertex 186 -112.667 0
      vertex 152.459 -101.887 0
    endloop
  endfacet
  facet normal 0 0 -1
    outer loop
      vertex 186.144 -111.922 0
      vertex 185.376 -104.24 0
      vertex 185.511 -104.465 0
    endloop
  endfacet
  facet normal 0 0 -1
    outer loop
      vertex 184 -139 0
      vertex 185.218 -138.587 0
      vertex 185 -138.732 0
    endloop
  endfacet
  facet normal 0 0 -1
    outer loop
      vertex 185.158 -103.228 0
      vertex 153.073 -100.405 0
      vertex 153.1 -100 0
    endloop
  endfacet
  facet normal 0 0 -1
    outer loop
      vertex 185.158 -103.228 0
      vertex 152.994 -100.802 0
      vertex 153.073 -100.405 0
    endloop
  endfacet
  facet normal 0 0 -1
    outer loop
      vertex 185.163 -103.49 0
      vertex 152.994 -100.802 0
      vertex 185.158 -103.228 0
    endloop
  endfacet
  facet normal 0 0 -1
    outer loop
      vertex 185.201 -103.748 0
      vertex 152.994 -100.802 0
      vertex 185.163 -103.49 0
    endloop
  endfacet
  facet normal 0 -0 -1
    outer loop
      vertex 152.994 -100.802 0
      vertex 185.201 -103.748 0
      vertex 152.864 -101.186 0
    endloop
  endfacet
  facet normal 0 0 -1
    outer loop
      vertex 185.272 -104 0
      vertex 152.864 -101.186 0
      vertex 185.201 -103.748 0
    endloop
  endfacet
  facet normal 0 0 -1
    outer loop
      vertex 186.014 -112.427 0
      vertex 152.685 -101.55 0
      vertex 185.272 -104 0
    endloop
  endfacet
  facet normal 0 0 -1
    outer loop
      vertex 186 -112.667 0
      vertex 151.55 -102.685 0
      vertex 151.887 -102.459 0
    endloop
  endfacet
  facet normal 0 0 -1
    outer loop
      vertex 184 -139 0
      vertex 151.186 -102.864 0
      vertex 151.55 -102.685 0
    endloop
  endfacet
  facet normal 0 0 -1
    outer loop
      vertex 184 -139 0
      vertex 150.802 -102.994 0
      vertex 151.186 -102.864 0
    endloop
  endfacet
  facet normal 0 0 -1
    outer loop
      vertex 184 -139 0
      vertex 150.405 -103.073 0
      vertex 150.802 -102.994 0
    endloop
  endfacet
  facet normal 0 0 -1
    outer loop
      vertex 184 -139 0
      vertex 150 -103.1 0
      vertex 150.405 -103.073 0
    endloop
  endfacet
  facet normal 0 0 -1
    outer loop
      vertex 184 -139 0
      vertex 149.595 -103.073 0
      vertex 150 -103.1 0
    endloop
  endfacet
  facet normal 0 0 -1
    outer loop
      vertex 184 -139 0
      vertex 149.198 -102.994 0
      vertex 149.595 -103.073 0
    endloop
  endfacet
  facet normal 0 0 -1
    outer loop
      vertex 111.887 -112.459 0
      vertex 149.198 -102.994 0
      vertex 184 -139 0
    endloop
  endfacet
  facet normal 0 -0 -1
    outer loop
      vertex 112.192 -112.192 0
      vertex 149.198 -102.994 0
      vertex 111.887 -112.459 0
    endloop
  endfacet
  facet normal -0 0 -1
    outer loop
      vertex 149.198 -102.994 0
      vertex 112.192 -112.192 0
      vertex 148.814 -102.864 0
    endloop
  endfacet
  facet normal 0 -0 -1
    outer loop
      vertex 112.459 -111.887 0
      vertex 148.814 -102.864 0
      vertex 112.192 -112.192 0
    endloop
  endfacet
  facet normal 0 0 -1
    outer loop
      vertex 116.641 -96.862 0
      vertex 146.9 -100 0
      vertex 146.927 -100.405 0
    endloop
  endfacet
  facet normal 0 0 -1
    outer loop
      vertex 116.504 -97.2297 0
      vertex 146.927 -100.405 0
      vertex 147.006 -100.802 0
    endloop
  endfacet
  facet normal 0 0 -1
    outer loop
      vertex 116.32 -97.5764 0
      vertex 147.006 -100.802 0
      vertex 147.136 -101.186 0
    endloop
  endfacet
  facet normal 0 0 -1
    outer loop
      vertex 113.1 -110 0
      vertex 147.136 -101.186 0
      vertex 147.315 -101.55 0
    endloop
  endfacet
  facet normal 0 0 -1
    outer loop
      vertex 113.073 -110.405 0
      vertex 147.315 -101.55 0
      vertex 147.541 -101.887 0
    endloop
  endfacet
  facet normal 0 0 -1
    outer loop
      vertex 146.9 -100 0
      vertex 125.882 -74.9707 0
      vertex 125.952 -74.771 0
    endloop
  endfacet
  facet normal 0 0 -1
    outer loop
      vertex 146.9 -100 0
      vertex 125.766 -75.2054 0
      vertex 125.882 -74.9707 0
    endloop
  endfacet
  facet normal 0 0 -1
    outer loop
      vertex 146.9 -100 0
      vertex 125.62 -75.4229 0
      vertex 125.766 -75.2054 0
    endloop
  endfacet
  facet normal 0 0 -1
    outer loop
      vertex 146.9 -100 0
      vertex 125.448 -75.6196 0
      vertex 125.62 -75.4229 0
    endloop
  endfacet
  facet normal 0 0 -1
    outer loop
      vertex 146.9 -100 0
      vertex 120.841 -82.862 0
      vertex 125.448 -75.6196 0
    endloop
  endfacet
  facet normal 0 0 -1
    outer loop
      vertex 125.448 -75.6196 0
      vertex 120.841 -82.862 0
      vertex 125.251 -75.7921 0
    endloop
  endfacet
  facet normal 0 -0 -1
    outer loop
      vertex 120.942 -82.3916 0
      vertex 125.251 -75.7921 0
      vertex 120.841 -82.862 0
    endloop
  endfacet
  facet normal 0 0 -1
    outer loop
      vertex 112.994 -110.802 0
      vertex 147.541 -101.887 0
      vertex 147.808 -102.192 0
    endloop
  endfacet
  facet normal 0 0 -1
    outer loop
      vertex 125.251 -75.7921 0
      vertex 120.942 -82.3916 0
      vertex 125.034 -75.9374 0
    endloop
  endfacet
  facet normal 0 -0 -1
    outer loop
      vertex 120.968 -82 0
      vertex 125.034 -75.9374 0
      vertex 120.942 -82.3916 0
    endloop
  endfacet
  facet normal 0 0 -1
    outer loop
      vertex 125.034 -75.9374 0
      vertex 120.968 -82 0
      vertex 124.799 -76.0531 0
    endloop
  endfacet
  facet normal 0 0 -1
    outer loop
      vertex 120.942 -81.6084 0
      vertex 124.799 -76.0531 0
      vertex 120.968 -82 0
    endloop
  endfacet
  facet normal 0 0 -1
    outer loop
      vertex 124.799 -76.0531 0
      vertex 120.942 -81.6084 0
      vertex 124.551 -76.1372 0
    endloop
  endfacet
  facet normal 0 0 -1
    outer loop
      vertex 120.866 -81.2235 0
      vertex 124.295 -76.1883 0
      vertex 120.942 -81.6084 0
    endloop
  endfacet
  facet normal 0 0 -1
    outer loop
      vertex 124.295 -76.1883 0
      vertex 120.866 -81.2235 0
      vertex 124.034 -76.2054 0
    endloop
  endfacet
  facet normal 0 0 -1
    outer loop
      vertex 120.74 -80.8519 0
      vertex 124.034 -76.2054 0
      vertex 120.866 -81.2235 0
    endloop
  endfacet
  facet normal -0 0 -1
    outer loop
      vertex 124.034 -76.2054 0
      vertex 120.74 -80.8519 0
      vertex 123.773 -76.1883 0
    endloop
  endfacet
  facet normal 0 0 -1
    outer loop
      vertex 120.566 -80.5 0
      vertex 123.773 -76.1883 0
      vertex 120.74 -80.8519 0
    endloop
  endfacet
  facet normal -0 0 -1
    outer loop
      vertex 123.516 -76.1372 0
      vertex 120.348 -80.1737 0
      vertex 123.268 -76.0531 0
    endloop
  endfacet
  facet normal 0 0 -1
    outer loop
      vertex 120.089 -79.8787 0
      vertex 123.268 -76.0531 0
      vertex 120.348 -80.1737 0
    endloop
  endfacet
  facet normal 0 0 -1
    outer loop
      vertex 120.348 -80.1737 0
      vertex 123.516 -76.1372 0
      vertex 120.566 -80.5 0
    endloop
  endfacet
  facet normal 0 -0 -1
    outer loop
      vertex 112.685 -111.55 0
      vertex 148.45 -102.685 0
      vertex 112.459 -111.887 0
    endloop
  endfacet
  facet normal -0 0 -1
    outer loop
      vertex 123.773 -76.1883 0
      vertex 120.566 -80.5 0
      vertex 123.516 -76.1372 0
    endloop
  endfacet
  facet normal 0 0 -1
    outer loop
      vertex 124.551 -76.1372 0
      vertex 120.942 -81.6084 0
      vertex 124.295 -76.1883 0
    endloop
  endfacet
  facet normal 0 0 -1
    outer loop
      vertex 146.9 -100 0
      vertex 116.641 -96.862 0
      vertex 120.841 -82.862 0
    endloop
  endfacet
  facet normal 0 0 -1
    outer loop
      vertex 146.927 -100.405 0
      vertex 116.504 -97.2297 0
      vertex 116.641 -96.862 0
    endloop
  endfacet
  facet normal 0 0 -1
    outer loop
      vertex 147.315 -101.55 0
      vertex 113.073 -110.405 0
      vertex 113.1 -110 0
    endloop
  endfacet
  facet normal 0 0 -1
    outer loop
      vertex 147.136 -101.186 0
      vertex 113.1 -110 0
      vertex 113.073 -109.595 0
    endloop
  endfacet
  facet normal 0 0 -1
    outer loop
      vertex 147.006 -100.802 0
      vertex 116.32 -97.5764 0
      vertex 116.504 -97.2297 0
    endloop
  endfacet
  facet normal 0 0 -1
    outer loop
      vertex 116.32 -97.5764 0
      vertex 113.073 -109.595 0
      vertex 116.093 -97.8961 0
    endloop
  endfacet
  facet normal 0 0 -1
    outer loop
      vertex 112.994 -109.198 0
      vertex 116.093 -97.8961 0
      vertex 113.073 -109.595 0
    endloop
  endfacet
  facet normal 0 0 -1
    outer loop
      vertex 116.093 -97.8961 0
      vertex 112.994 -109.198 0
      vertex 115.825 -98.1833 0
    endloop
  endfacet
  facet normal 0 0 -1
    outer loop
      vertex 112.864 -108.814 0
      vertex 115.825 -98.1833 0
      vertex 112.994 -109.198 0
    endloop
  endfacet
  facet normal 0 0 -1
    outer loop
      vertex 115.825 -98.1833 0
      vertex 112.864 -108.814 0
      vertex 115.523 -98.4332 0
    endloop
  endfacet
  facet normal 0 0 -1
    outer loop
      vertex 112.685 -108.45 0
      vertex 115.523 -98.4332 0
      vertex 112.864 -108.814 0
    endloop
  endfacet
  facet normal 0 0 -1
    outer loop
      vertex 115.523 -98.4332 0
      vertex 112.685 -108.45 0
      vertex 115.19 -98.6414 0
    endloop
  endfacet
  facet normal -0 0 -1
    outer loop
      vertex 147.136 -101.186 0
      vertex 113.073 -109.595 0
      vertex 116.32 -97.5764 0
    endloop
  endfacet
  facet normal 0 0 -1
    outer loop
      vertex 147.541 -101.887 0
      vertex 112.994 -110.802 0
      vertex 113.073 -110.405 0
    endloop
  endfacet
  facet normal 0 0 -1
    outer loop
      vertex 147.808 -102.192 0
      vertex 112.864 -111.186 0
      vertex 112.994 -110.802 0
    endloop
  endfacet
  facet normal -0 0 -1
    outer loop
      vertex 148.113 -102.459 0
      vertex 112.864 -111.186 0
      vertex 147.808 -102.192 0
    endloop
  endfacet
  facet normal 0 -0 -1
    outer loop
      vertex 112.864 -111.186 0
      vertex 148.113 -102.459 0
      vertex 112.685 -111.55 0
    endloop
  endfacet
  facet normal -0 0 -1
    outer loop
      vertex 148.45 -102.685 0
      vertex 112.685 -111.55 0
      vertex 148.113 -102.459 0
    endloop
  endfacet
  facet normal -0 0 -1
    outer loop
      vertex 148.814 -102.864 0
      vertex 112.459 -111.887 0
      vertex 148.45 -102.685 0
    endloop
  endfacet
  facet normal 0 0 -1
    outer loop
      vertex 184 -139 0
      vertex 111.55 -112.685 0
      vertex 111.887 -112.459 0
    endloop
  endfacet
  facet normal 0 0 -1
    outer loop
      vertex 184 -139 0
      vertex 111.186 -112.864 0
      vertex 111.55 -112.685 0
    endloop
  endfacet
  facet normal 0 0 -1
    outer loop
      vertex 184 -139 0
      vertex 110.802 -112.994 0
      vertex 111.186 -112.864 0
    endloop
  endfacet
  facet normal 0 0 -1
    outer loop
      vertex 184 -139 0
      vertex 110.405 -113.073 0
      vertex 110.802 -112.994 0
    endloop
  endfacet
  facet normal 0 0 -1
    outer loop
      vertex 184 -139 0
      vertex 110 -113.1 0
      vertex 110.405 -113.073 0
    endloop
  endfacet
  facet normal 0 0 -1
    outer loop
      vertex 184 -139 0
      vertex 109.595 -113.073 0
      vertex 110 -113.1 0
    endloop
  endfacet
  facet normal 0 0 -1
    outer loop
      vertex 2.00008 -139 0
      vertex 109.595 -113.073 0
      vertex 184 -139 0
    endloop
  endfacet
  facet normal -0 0 -1
    outer loop
      vertex 109.595 -113.073 0
      vertex 2.00008 -139 0
      vertex 109.198 -112.994 0
    endloop
  endfacet
  facet normal 0 0 -1
    outer loop
      vertex 106.927 -110.405 0
      vertex 85 -99 0
      vertex 106.9 -110 0
    endloop
  endfacet
  facet normal 0 0 -1
    outer loop
      vertex 107.006 -110.802 0
      vertex 85 -99 0
      vertex 106.927 -110.405 0
    endloop
  endfacet
  facet normal 0 0 -1
    outer loop
      vertex 107.136 -111.186 0
      vertex 85 -99 0
      vertex 107.006 -110.802 0
    endloop
  endfacet
  facet normal 0 0 -1
    outer loop
      vertex 107.315 -111.55 0
      vertex 85 -99 0
      vertex 107.136 -111.186 0
    endloop
  endfacet
  facet normal 0 0 -1
    outer loop
      vertex 107.541 -111.887 0
      vertex 85 -99 0
      vertex 107.315 -111.55 0
    endloop
  endfacet
  facet normal 0 0 -1
    outer loop
      vertex 66.9998 -101.848 0
      vertex 107.541 -111.887 0
      vertex 107.808 -112.192 0
    endloop
  endfacet
  facet normal 0 0 -1
    outer loop
      vertex 66.7521 -101.932 0
      vertex 107.808 -112.192 0
      vertex 108.113 -112.459 0
    endloop
  endfacet
  facet normal 0 0 -1
    outer loop
      vertex 66.4955 -101.983 0
      vertex 108.113 -112.459 0
      vertex 108.45 -112.685 0
    endloop
  endfacet
  facet normal 0 0 -1
    outer loop
      vertex 107.541 -111.887 0
      vertex 84.6084 -98.9743 0
      vertex 85 -99 0
    endloop
  endfacet
  facet normal 0 0 -1
    outer loop
      vertex 107.541 -111.887 0
      vertex 66.9998 -101.848 0
      vertex 84.6084 -98.9743 0
    endloop
  endfacet
  facet normal 0 -0 -1
    outer loop
      vertex 67.2344 -101.732 0
      vertex 84.6084 -98.9743 0
      vertex 66.9998 -101.848 0
    endloop
  endfacet
  facet normal -0 0 -1
    outer loop
      vertex 84.6084 -98.9743 0
      vertex 67.2344 -101.732 0
      vertex 84.2235 -98.8978 0
    endloop
  endfacet
  facet normal 0 0 -1
    outer loop
      vertex 69.9754 -86.1965 0
      vertex 82 -82 0
      vertex 82 -96 0
    endloop
  endfacet
  facet normal 0 0 -1
    outer loop
      vertex 68.219 -100.248 0
      vertex 82 -96 0
      vertex 82.0257 -96.3916 0
    endloop
  endfacet
  facet normal 0 0 -1
    outer loop
      vertex 68.219 -100.248 0
      vertex 82.0257 -96.3916 0
      vertex 82.1022 -96.7765 0
    endloop
  endfacet
  facet normal 0 -0 -1
    outer loop
      vertex 73.5442 -75.3674 0
      vertex 82 -82 0
      vertex 70.0625 -85.8124 0
    endloop
  endfacet
  facet normal 0 0 -1
    outer loop
      vertex 82 -82 0
      vertex 73.5442 -75.3674 0
      vertex 75.4417 -74 0
    endloop
  endfacet
  facet normal 0 0 -1
    outer loop
      vertex 75.2997 -74.005 0
      vertex 73.5442 -75.3674 0
      vertex 75.0406 -74.0406 0
    endloop
  endfacet
  facet normal 0 0 -1
    outer loop
      vertex 75.0406 -74.0406 0
      vertex 73.5442 -75.3674 0
      vertex 74.7883 -74.1097 0
    endloop
  endfacet
  facet normal 0 0 -1
    outer loop
      vertex 74.7883 -74.1097 0
      vertex 73.5442 -75.3674 0
      vertex 74.5471 -74.2112 0
    endloop
  endfacet
  facet normal 0 0 -1
    outer loop
      vertex 68.219 -100.248 0
      vertex 82.1022 -96.7765 0
      vertex 82.2284 -97.1481 0
    endloop
  endfacet
  facet normal 0 0 -1
    outer loop
      vertex 74.5471 -74.2112 0
      vertex 73.5442 -75.3674 0
      vertex 74.3212 -74.3432 0
    endloop
  endfacet
  facet normal 0 0 -1
    outer loop
      vertex 74.3212 -74.3432 0
      vertex 73.5442 -75.3674 0
      vertex 74.1146 -74.5036 0
    endloop
  endfacet
  facet normal 0 0 -1
    outer loop
      vertex 74.1146 -74.5036 0
      vertex 73.5442 -75.3674 0
      vertex 73.9306 -74.6896 0
    endloop
  endfacet
  facet normal 0 0 -1
    outer loop
      vertex 73.9306 -74.6896 0
      vertex 73.5442 -75.3674 0
      vertex 73.7725 -74.8981 0
    endloop
  endfacet
  facet normal 0 0 -1
    outer loop
      vertex 73.7725 -74.8981 0
      vertex 73.5442 -75.3674 0
      vertex 73.643 -75.1253 0
    endloop
  endfacet
  facet normal 0 0 -1
    outer loop
      vertex 75.4417 -74 0
      vertex 73.5442 -75.3674 0
      vertex 75.2997 -74.005 0
    endloop
  endfacet
  facet normal 0 0 -1
    outer loop
      vertex 68.219 -100.248 0
      vertex 82.2284 -97.1481 0
      vertex 82.4019 -97.5 0
    endloop
  endfacet
  facet normal 0 0 -1
    outer loop
      vertex 68.1663 -100.518 0
      vertex 82.4019 -97.5 0
      vertex 82.6199 -97.8263 0
    endloop
  endfacet
  facet normal 0 0 -1
    outer loop
      vertex 68.0822 -100.765 0
      vertex 82.6199 -97.8263 0
      vertex 82.8787 -98.1213 0
    endloop
  endfacet
  facet normal 0 0 -1
    outer loop
      vertex 82 -82 0
      vertex 69.9754 -86.1965 0
      vertex 70.0625 -85.8124 0
    endloop
  endfacet
  facet normal 0 0 -1
    outer loop
      vertex 70.0625 -85.8124 0
      vertex 69.9754 -86.1965 0
      vertex 70.0248 -85.9396 0
    endloop
  endfacet
  facet normal -0 0 -1
    outer loop
      vertex 82 -96 0
      vertex 68.219 -100.248 0
      vertex 69.9754 -86.1965 0
    endloop
  endfacet
  facet normal 0 0 -1
    outer loop
      vertex 67.9665 -101 0
      vertex 82.8787 -98.1213 0
      vertex 83.1737 -98.3801 0
    endloop
  endfacet
  facet normal 0 0 -1
    outer loop
      vertex 67.8211 -101.218 0
      vertex 83.1737 -98.3801 0
      vertex 83.5 -98.5981 0
    endloop
  endfacet
  facet normal -0 0 -1
    outer loop
      vertex 84.2235 -98.8978 0
      vertex 67.452 -101.587 0
      vertex 83.8519 -98.7716 0
    endloop
  endfacet
  facet normal 0 0 -1
    outer loop
      vertex 2.00008 -139 0
      vertex 108.45 -112.685 0
      vertex 108.814 -112.864 0
    endloop
  endfacet
  facet normal -0 0 -1
    outer loop
      vertex 109.198 -112.994 0
      vertex 2.00008 -139 0
      vertex 108.814 -112.864 0
    endloop
  endfacet
  facet normal 0 0 -1
    outer loop
      vertex 82.4019 -97.5 0
      vertex 68.1663 -100.518 0
      vertex 68.219 -100.248 0
    endloop
  endfacet
  facet normal 0 0 -1
    outer loop
      vertex 82.6199 -97.8263 0
      vertex 68.0822 -100.765 0
      vertex 68.1663 -100.518 0
    endloop
  endfacet
  facet normal 0 0 -1
    outer loop
      vertex 82.8787 -98.1213 0
      vertex 67.9665 -101 0
      vertex 68.0822 -100.765 0
    endloop
  endfacet
  facet normal 0 0 -1
    outer loop
      vertex 83.1737 -98.3801 0
      vertex 67.8211 -101.218 0
      vertex 67.9665 -101 0
    endloop
  endfacet
  facet normal 0 0 -1
    outer loop
      vertex 83.5 -98.5981 0
      vertex 67.6487 -101.414 0
      vertex 67.8211 -101.218 0
    endloop
  endfacet
  facet normal -0 0 -1
    outer loop
      vertex 83.8519 -98.7716 0
      vertex 67.6487 -101.414 0
      vertex 83.5 -98.5981 0
    endloop
  endfacet
  facet normal 0 -0 -1
    outer loop
      vertex 67.6487 -101.414 0
      vertex 83.8519 -98.7716 0
      vertex 67.452 -101.587 0
    endloop
  endfacet
  facet normal 0 -0 -1
    outer loop
      vertex 67.452 -101.587 0
      vertex 84.2235 -98.8978 0
      vertex 67.2344 -101.732 0
    endloop
  endfacet
  facet normal 0 0 -1
    outer loop
      vertex 107.808 -112.192 0
      vertex 66.7521 -101.932 0
      vertex 66.9998 -101.848 0
    endloop
  endfacet
  facet normal -0 0 -1
    outer loop
      vertex 108.45 -112.685 0
      vertex 2.00008 -139 0
      vertex 66.2344 -102 0
    endloop
  endfacet
  facet normal 0 0 -1
    outer loop
      vertex 108.113 -112.459 0
      vertex 66.4955 -101.983 0
      vertex 66.7521 -101.932 0
    endloop
  endfacet
  facet normal 0 0 -1
    outer loop
      vertex 108.45 -112.685 0
      vertex 66.2344 -102 0
      vertex 66.4955 -101.983 0
    endloop
  endfacet
  facet normal 0 0 -1
    outer loop
      vertex 66.2344 -102 0
      vertex 27.0735 -110.405 0
      vertex 27.1 -110 0
    endloop
  endfacet
  facet normal 0 0 -1
    outer loop
      vertex 66.2344 -102 0
      vertex 26.9944 -110.802 0
      vertex 27.0735 -110.405 0
    endloop
  endfacet
  facet normal 0 0 -1
    outer loop
      vertex 66.2344 -102 0
      vertex 26.864 -111.186 0
      vertex 26.9944 -110.802 0
    endloop
  endfacet
  facet normal 0 0 -1
    outer loop
      vertex 66.2344 -102 0
      vertex 26.6847 -111.55 0
      vertex 26.864 -111.186 0
    endloop
  endfacet
  facet normal 0 0 -1
    outer loop
      vertex 66.2344 -102 0
      vertex 26.4594 -111.887 0
      vertex 26.6847 -111.55 0
    endloop
  endfacet
  facet normal 0 0 -1
    outer loop
      vertex 66.2344 -102 0
      vertex 26.192 -112.192 0
      vertex 26.4594 -111.887 0
    endloop
  endfacet
  facet normal 0 0 -1
    outer loop
      vertex 66.2344 -102 0
      vertex 25.8872 -112.459 0
      vertex 26.192 -112.192 0
    endloop
  endfacet
  facet normal 0 -0 -1
    outer loop
      vertex 25.55 -112.685 0
      vertex 66.2344 -102 0
      vertex 2.00008 -139 0
    endloop
  endfacet
  facet normal 0 0 -1
    outer loop
      vertex 66.2344 -102 0
      vertex 25.55 -112.685 0
      vertex 25.8872 -112.459 0
    endloop
  endfacet
  facet normal 0 0 -1
    outer loop
      vertex 25.55 -112.685 0
      vertex 2.00008 -139 0
      vertex 25.1863 -112.864 0
    endloop
  endfacet
  facet normal 0 0 -1
    outer loop
      vertex 25.1863 -112.864 0
      vertex 2.00008 -139 0
      vertex 24.8023 -112.994 0
    endloop
  endfacet
  facet normal 0 0 -1
    outer loop
      vertex 24.8023 -112.994 0
      vertex 2.00008 -139 0
      vertex 24.4046 -113.073 0
    endloop
  endfacet
  facet normal 0 0 -1
    outer loop
      vertex 24.4046 -113.073 0
      vertex 2.00008 -139 0
      vertex 24 -113.1 0
    endloop
  endfacet
  facet normal 0 0 -1
    outer loop
      vertex 20.9265 -110.405 0
      vertex 3.99988 -102 0
      vertex 20.9 -110 0
    endloop
  endfacet
  facet normal 0 0 -1
    outer loop
      vertex 0 -106.667 0
      vertex 20.9265 -110.405 0
      vertex 21.0056 -110.802 0
    endloop
  endfacet
  facet normal 0 0 -1
    outer loop
      vertex 0 -106.667 0
      vertex 21.0056 -110.802 0
      vertex 21.136 -111.186 0
    endloop
  endfacet
  facet normal 0 0 -1
    outer loop
      vertex 0 -106.667 0
      vertex 21.136 -111.186 0
      vertex 21.3153 -111.55 0
    endloop
  endfacet
  facet normal 0 0 -1
    outer loop
      vertex 0 -106.667 0
      vertex 21.3153 -111.55 0
      vertex 21.5406 -111.887 0
    endloop
  endfacet
  facet normal 0 0 -1
    outer loop
      vertex 0 -137 0
      vertex 21.5406 -111.887 0
      vertex 21.808 -112.192 0
    endloop
  endfacet
  facet normal 0 0 -1
    outer loop
      vertex 0 -137 0
      vertex 21.808 -112.192 0
      vertex 22.1128 -112.459 0
    endloop
  endfacet
  facet normal 0 0 -1
    outer loop
      vertex 2.00008 -139 0
      vertex 22.1128 -112.459 0
      vertex 22.45 -112.685 0
    endloop
  endfacet
  facet normal 0 0 -1
    outer loop
      vertex 20.9265 -110.405 0
      vertex 0 -106.667 0
      vertex 3.99988 -102 0
    endloop
  endfacet
  facet normal 0 -0 -1
    outer loop
      vertex 0.40007 -105.467 0
      vertex 3.99988 -102 0
      vertex 0 -106.667 0
    endloop
  endfacet
  facet normal 0 -0 -1
    outer loop
      vertex 2.39993 -102.8 0
      vertex 3.99988 -102 0
      vertex 0.40007 -105.467 0
    endloop
  endfacet
  facet normal 0 0 -1
    outer loop
      vertex 3.71722 -102.02 0
      vertex 2.39993 -102.8 0
      vertex 3.46109 -102.074 0
    endloop
  endfacet
  facet normal 0 0 -1
    outer loop
      vertex 3.46109 -102.074 0
      vertex 2.39993 -102.8 0
      vertex 3.21443 -102.161 0
    endloop
  endfacet
  facet normal 0 0 -1
    outer loop
      vertex 2.98096 -102.279 0
      vertex 2.39993 -102.8 0
      vertex 2.76517 -102.427 0
    endloop
  endfacet
  facet normal 0 0 -1
    outer loop
      vertex 2.76517 -102.427 0
      vertex 2.39993 -102.8 0
      vertex 2.57031 -102.601 0
    endloop
  endfacet
  facet normal 0 0 -1
    outer loop
      vertex 2.00008 -139 0
      vertex 22.45 -112.685 0
      vertex 22.8137 -112.864 0
    endloop
  endfacet
  facet normal -0 0 -1
    outer loop
      vertex 24 -113.1 0
      vertex 2.00008 -139 0
      vertex 23.5954 -113.073 0
    endloop
  endfacet
  facet normal 0 0 -1
    outer loop
      vertex 2.00008 -139 0
      vertex 23.1977 -112.994 0
      vertex 23.5954 -113.073 0
    endloop
  endfacet
  facet normal 0 0 -1
    outer loop
      vertex 2.00008 -139 0
      vertex 22.8137 -112.864 0
      vertex 23.1977 -112.994 0
    endloop
  endfacet
  facet normal 0 0 -1
    outer loop
      vertex 22.1128 -112.459 0
      vertex 2.00008 -139 0
      vertex 0 -137 0
    endloop
  endfacet
  facet normal 0 0 -1
    outer loop
      vertex 0 -137 0
      vertex 2.00008 -139 0
      vertex 1.73894 -138.983 0
    endloop
  endfacet
  facet normal 0 0 -1
    outer loop
      vertex 0 -137 0
      vertex 1.73894 -138.983 0
      vertex 1.48239 -138.932 0
    endloop
  endfacet
  facet normal 0 0 -1
    outer loop
      vertex 0 -137 0
      vertex 1.48239 -138.932 0
      vertex 1.2346 -138.848 0
    endloop
  endfacet
  facet normal 0 0 -1
    outer loop
      vertex 0 -137 0
      vertex 1.2346 -138.848 0
      vertex 1.00002 -138.732 0
    endloop
  endfacet
  facet normal 0 0 -1
    outer loop
      vertex 0 -137 0
      vertex 1.00002 -138.732 0
      vertex 0.782455 -138.587 0
    endloop
  endfacet
  facet normal 0 0 -1
    outer loop
      vertex 0 -137 0
      vertex 0.782455 -138.587 0
      vertex 0.585785 -138.414 0
    endloop
  endfacet
  facet normal 0 0 -1
    outer loop
      vertex 0 -137 0
      vertex 0.585785 -138.414 0
      vertex 0.413315 -138.218 0
    endloop
  endfacet
  facet normal -0 0 -1
    outer loop
      vertex 21.5406 -111.887 0
      vertex 0 -137 0
      vertex 0 -106.667 0
    endloop
  endfacet
  facet normal 0 0 -1
    outer loop
      vertex 3.99988 -102 0
      vertex 2.39993 -102.8 0
      vertex 3.71722 -102.02 0
    endloop
  endfacet
  facet normal 0 0 -1
    outer loop
      vertex 0 -137 0
      vertex 0.413315 -138.218 0
      vertex 0.267929 -138 0
    endloop
  endfacet
  facet normal 0 0 -1
    outer loop
      vertex 0.40007 -105.467 0
      vertex 0 -106.667 0
      vertex 0.267944 -105.667 0
    endloop
  endfacet
  facet normal 0 0 -1
    outer loop
      vertex 0 -137 0
      vertex 0.267929 -138 0
      vertex 0.152252 -137.765 0
    endloop
  endfacet
  facet normal 0 0 -1
    outer loop
      vertex 0 -137 0
      vertex 0.152252 -137.765 0
      vertex 0.0681458 -137.518 0
    endloop
  endfacet
  facet normal 0 0 -1
    outer loop
      vertex 3.21443 -102.161 0
      vertex 2.39993 -102.8 0
      vertex 2.98096 -102.279 0
    endloop
  endfacet
  facet normal 0 0 -1
    outer loop
      vertex 0 -137 0
      vertex 0.0681458 -137.518 0
      vertex 0.0171051 -137.261 0
    endloop
  endfacet
  facet normal 0 0 -1
    outer loop
      vertex 0.267944 -105.667 0
      vertex 0 -106.667 0
      vertex 0.152267 -105.901 0
    endloop
  endfacet
  facet normal 0 0 -1
    outer loop
      vertex 0.152267 -105.901 0
      vertex 0 -106.667 0
      vertex 0.0681458 -106.149 0
    endloop
  endfacet
  facet normal 0 0 -1
    outer loop
      vertex 0.0681458 -106.149 0
      vertex 0 -106.667 0
      vertex 0.0171051 -106.406 0
    endloop
  endfacet
  facet normal -0 0 -1
    outer loop
      vertex 123.268 -76.0531 0
      vertex 120.089 -79.8787 0
      vertex 123.034 -75.9374 0
    endloop
  endfacet
  facet normal -0 0 -1
    outer loop
      vertex 123.034 -75.9374 0
      vertex 120.089 -79.8787 0
      vertex 122.816 -75.7921 0
    endloop
  endfacet
  facet normal 0 0 -1
    outer loop
      vertex 119.794 -79.6199 0
      vertex 122.816 -75.7921 0
      vertex 120.089 -79.8787 0
    endloop
  endfacet
  facet normal -0 0 -1
    outer loop
      vertex 122.816 -75.7921 0
      vertex 119.794 -79.6199 0
      vertex 122.62 -75.6196 0
    endloop
  endfacet
  facet normal 0 0 -1
    outer loop
      vertex 119.468 -79.4019 0
      vertex 122.62 -75.6196 0
      vertex 119.794 -79.6199 0
    endloop
  endfacet
  facet normal 0 0 -1
    outer loop
      vertex 119.116 -79.2284 0
      vertex 122.62 -75.6196 0
      vertex 119.468 -79.4019 0
    endloop
  endfacet
  facet normal -0 0 -1
    outer loop
      vertex 122.62 -75.6196 0
      vertex 119.116 -79.2284 0
      vertex 121.586 -74.5858 0
    endloop
  endfacet
  facet normal 0 -0 -1
    outer loop
      vertex 120.171 -74 0
      vertex 121.586 -74.5858 0
      vertex 119.116 -79.2284 0
    endloop
  endfacet
  facet normal 0 0 -1
    outer loop
      vertex 121.586 -74.5858 0
      vertex 120.171 -74 0
      vertex 121.389 -74.4133 0
    endloop
  endfacet
  facet normal 0 0 -1
    outer loop
      vertex 121.389 -74.4133 0
      vertex 120.171 -74 0
      vertex 121.172 -74.2679 0
    endloop
  endfacet
  facet normal 0 0 -1
    outer loop
      vertex 121.172 -74.2679 0
      vertex 120.171 -74 0
      vertex 120.937 -74.1523 0
    endloop
  endfacet
  facet normal 0 0 -1
    outer loop
      vertex 120.937 -74.1523 0
      vertex 120.171 -74 0
      vertex 120.689 -74.0681 0
    endloop
  endfacet
  facet normal 0 0 -1
    outer loop
      vertex 120.689 -74.0681 0
      vertex 120.171 -74 0
      vertex 120.433 -74.0171 0
    endloop
  endfacet
  facet normal 0 0 -1
    outer loop
      vertex 118.744 -79.1022 0
      vertex 120.171 -74 0
      vertex 119.116 -79.2284 0
    endloop
  endfacet
  facet normal 0 0 -1
    outer loop
      vertex 118.359 -79.0257 0
      vertex 120.171 -74 0
      vertex 118.744 -79.1022 0
    endloop
  endfacet
  facet normal 0 0 -1
    outer loop
      vertex 117.968 -79 0
      vertex 120.171 -74 0
      vertex 118.359 -79.0257 0
    endloop
  endfacet
  facet normal 0 0 -1
    outer loop
      vertex 85 -79 0
      vertex 120.171 -74 0
      vertex 117.968 -79 0
    endloop
  endfacet
  facet normal 0 0 -1
    outer loop
      vertex 75.4417 -74 0
      vertex 85 -79 0
      vertex 84.6084 -79.0257 0
    endloop
  endfacet
  facet normal 0 0 -1
    outer loop
      vertex 85 -79 0
      vertex 75.4417 -74 0
      vertex 120.171 -74 0
    endloop
  endfacet
  facet normal 0 0 -1
    outer loop
      vertex 84.2235 -79.1022 0
      vertex 75.4417 -74 0
      vertex 84.6084 -79.0257 0
    endloop
  endfacet
  facet normal 0 0 -1
    outer loop
      vertex 83.8519 -79.2284 0
      vertex 75.4417 -74 0
      vertex 84.2235 -79.1022 0
    endloop
  endfacet
  facet normal 0 0 -1
    outer loop
      vertex 83.5 -79.4019 0
      vertex 75.4417 -74 0
      vertex 83.8519 -79.2284 0
    endloop
  endfacet
  facet normal 0 0 -1
    outer loop
      vertex 83.1737 -79.6199 0
      vertex 75.4417 -74 0
      vertex 83.5 -79.4019 0
    endloop
  endfacet
  facet normal 0 0 -1
    outer loop
      vertex 82.8787 -79.8787 0
      vertex 75.4417 -74 0
      vertex 83.1737 -79.6199 0
    endloop
  endfacet
  facet normal 0 0 -1
    outer loop
      vertex 82.6199 -80.1737 0
      vertex 75.4417 -74 0
      vertex 82.8787 -79.8787 0
    endloop
  endfacet
  facet normal 0 0 -1
    outer loop
      vertex 82.4019 -80.5 0
      vertex 75.4417 -74 0
      vertex 82.6199 -80.1737 0
    endloop
  endfacet
  facet normal 0 0 -1
    outer loop
      vertex 82.2284 -80.8519 0
      vertex 75.4417 -74 0
      vertex 82.4019 -80.5 0
    endloop
  endfacet
  facet normal 0 0 -1
    outer loop
      vertex 82.1022 -81.2235 0
      vertex 75.4417 -74 0
      vertex 82.2284 -80.8519 0
    endloop
  endfacet
  facet normal 0 0 -1
    outer loop
      vertex 82.0257 -81.6084 0
      vertex 75.4417 -74 0
      vertex 82.1022 -81.2235 0
    endloop
  endfacet
  facet normal 0 0 -1
    outer loop
      vertex 75.4417 -74 0
      vertex 82.0257 -81.6084 0
      vertex 82 -82 0
    endloop
  endfacet
  facet normal 0 0 -1
    outer loop
      vertex 112.459 -108.113 0
      vertex 115.19 -98.6414 0
      vertex 112.685 -108.45 0
    endloop
  endfacet
  facet normal 0 0 -1
    outer loop
      vertex 115.19 -98.6414 0
      vertex 112.459 -108.113 0
      vertex 114.833 -98.8045 0
    endloop
  endfacet
  facet normal 0 0 -1
    outer loop
      vertex 112.192 -107.808 0
      vertex 114.833 -98.8045 0
      vertex 112.459 -108.113 0
    endloop
  endfacet
  facet normal 0 0 -1
    outer loop
      vertex 114.833 -98.8045 0
      vertex 112.192 -107.808 0
      vertex 114.458 -98.9195 0
    endloop
  endfacet
  facet normal 0 0 -1
    outer loop
      vertex 111.887 -107.541 0
      vertex 114.458 -98.9195 0
      vertex 112.192 -107.808 0
    endloop
  endfacet
  facet normal 0 0 -1
    outer loop
      vertex 114.458 -98.9195 0
      vertex 111.887 -107.541 0
      vertex 114.071 -98.9846 0
    endloop
  endfacet
  facet normal 0 0 -1
    outer loop
      vertex 111.55 -107.315 0
      vertex 114.071 -98.9846 0
      vertex 111.887 -107.541 0
    endloop
  endfacet
  facet normal 0 0 -1
    outer loop
      vertex 114.071 -98.9846 0
      vertex 111.55 -107.315 0
      vertex 113.768 -99 0
    endloop
  endfacet
  facet normal 0 0 -1
    outer loop
      vertex 111.186 -107.136 0
      vertex 113.768 -99 0
      vertex 111.55 -107.315 0
    endloop
  endfacet
  facet normal 0 0 -1
    outer loop
      vertex 110.802 -107.006 0
      vertex 113.768 -99 0
      vertex 111.186 -107.136 0
    endloop
  endfacet
  facet normal 0 0 -1
    outer loop
      vertex 110.405 -106.927 0
      vertex 113.768 -99 0
      vertex 110.802 -107.006 0
    endloop
  endfacet
  facet normal 0 0 -1
    outer loop
      vertex 110 -106.9 0
      vertex 113.768 -99 0
      vertex 110.405 -106.927 0
    endloop
  endfacet
  facet normal 0 0 -1
    outer loop
      vertex 109.595 -106.927 0
      vertex 113.768 -99 0
      vertex 110 -106.9 0
    endloop
  endfacet
  facet normal 0 0 -1
    outer loop
      vertex 109.198 -107.006 0
      vertex 113.768 -99 0
      vertex 109.595 -106.927 0
    endloop
  endfacet
  facet normal 0 0 -1
    outer loop
      vertex 108.814 -107.136 0
      vertex 113.768 -99 0
      vertex 109.198 -107.006 0
    endloop
  endfacet
  facet normal 0 0 -1
    outer loop
      vertex 108.45 -107.315 0
      vertex 113.768 -99 0
      vertex 108.814 -107.136 0
    endloop
  endfacet
  facet normal 0 0 -1
    outer loop
      vertex 108.113 -107.541 0
      vertex 113.768 -99 0
      vertex 108.45 -107.315 0
    endloop
  endfacet
  facet normal 0 0 -1
    outer loop
      vertex 85 -99 0
      vertex 108.113 -107.541 0
      vertex 107.808 -107.808 0
    endloop
  endfacet
  facet normal 0 0 -1
    outer loop
      vertex 85 -99 0
      vertex 107.808 -107.808 0
      vertex 107.541 -108.113 0
    endloop
  endfacet
  facet normal 0 0 -1
    outer loop
      vertex 108.113 -107.541 0
      vertex 85 -99 0
      vertex 113.768 -99 0
    endloop
  endfacet
  facet normal 0 0 -1
    outer loop
      vertex 107.315 -108.45 0
      vertex 85 -99 0
      vertex 107.541 -108.113 0
    endloop
  endfacet
  facet normal 0 0 -1
    outer loop
      vertex 107.136 -108.814 0
      vertex 85 -99 0
      vertex 107.315 -108.45 0
    endloop
  endfacet
  facet normal 0 0 -1
    outer loop
      vertex 107.006 -109.198 0
      vertex 85 -99 0
      vertex 107.136 -108.814 0
    endloop
  endfacet
  facet normal 0 0 -1
    outer loop
      vertex 106.927 -109.595 0
      vertex 85 -99 0
      vertex 107.006 -109.198 0
    endloop
  endfacet
  facet normal 0 0 -1
    outer loop
      vertex 85 -99 0
      vertex 106.927 -109.595 0
      vertex 106.9 -110 0
    endloop
  endfacet
  facet normal 0 0 -1
    outer loop
      vertex 27.0735 -109.595 0
      vertex 66.2344 -102 0
      vertex 27.1 -110 0
    endloop
  endfacet
  facet normal 0 0 -1
    outer loop
      vertex 26.9944 -109.198 0
      vertex 66.2344 -102 0
      vertex 27.0735 -109.595 0
    endloop
  endfacet
  facet normal 0 0 -1
    outer loop
      vertex 26.864 -108.814 0
      vertex 66.2344 -102 0
      vertex 26.9944 -109.198 0
    endloop
  endfacet
  facet normal 0 0 -1
    outer loop
      vertex 26.6847 -108.45 0
      vertex 66.2344 -102 0
      vertex 26.864 -108.814 0
    endloop
  endfacet
  facet normal 0 0 -1
    outer loop
      vertex 26.4594 -108.113 0
      vertex 66.2344 -102 0
      vertex 26.6847 -108.45 0
    endloop
  endfacet
  facet normal 0 0 -1
    outer loop
      vertex 26.192 -107.808 0
      vertex 66.2344 -102 0
      vertex 26.4594 -108.113 0
    endloop
  endfacet
  facet normal 0 0 -1
    outer loop
      vertex 25.8872 -107.541 0
      vertex 66.2344 -102 0
      vertex 26.192 -107.808 0
    endloop
  endfacet
  facet normal 0 0 -1
    outer loop
      vertex 25.55 -107.315 0
      vertex 66.2344 -102 0
      vertex 25.8872 -107.541 0
    endloop
  endfacet
  facet normal 0 0 -1
    outer loop
      vertex 25.1863 -107.136 0
      vertex 66.2344 -102 0
      vertex 25.55 -107.315 0
    endloop
  endfacet
  facet normal 0 0 -1
    outer loop
      vertex 24.8023 -107.006 0
      vertex 66.2344 -102 0
      vertex 25.1863 -107.136 0
    endloop
  endfacet
  facet normal 0 0 -1
    outer loop
      vertex 24.4046 -106.927 0
      vertex 66.2344 -102 0
      vertex 24.8023 -107.006 0
    endloop
  endfacet
  facet normal 0 0 -1
    outer loop
      vertex 3.99988 -102 0
      vertex 24.4046 -106.927 0
      vertex 24 -106.9 0
    endloop
  endfacet
  facet normal 0 0 -1
    outer loop
      vertex 3.99988 -102 0
      vertex 24 -106.9 0
      vertex 23.5954 -106.927 0
    endloop
  endfacet
  facet normal 0 0 -1
    outer loop
      vertex 24.4046 -106.927 0
      vertex 3.99988 -102 0
      vertex 66.2344 -102 0
    endloop
  endfacet
  facet normal 0 0 -1
    outer loop
      vertex 23.1977 -107.006 0
      vertex 3.99988 -102 0
      vertex 23.5954 -106.927 0
    endloop
  endfacet
  facet normal 0 0 -1
    outer loop
      vertex 22.8137 -107.136 0
      vertex 3.99988 -102 0
      vertex 23.1977 -107.006 0
    endloop
  endfacet
  facet normal 0 0 -1
    outer loop
      vertex 22.45 -107.315 0
      vertex 3.99988 -102 0
      vertex 22.8137 -107.136 0
    endloop
  endfacet
  facet normal 0 0 -1
    outer loop
      vertex 22.1128 -107.541 0
      vertex 3.99988 -102 0
      vertex 22.45 -107.315 0
    endloop
  endfacet
  facet normal 0 0 -1
    outer loop
      vertex 21.808 -107.808 0
      vertex 3.99988 -102 0
      vertex 22.1128 -107.541 0
    endloop
  endfacet
  facet normal 0 0 -1
    outer loop
      vertex 21.5406 -108.113 0
      vertex 3.99988 -102 0
      vertex 21.808 -107.808 0
    endloop
  endfacet
  facet normal 0 0 -1
    outer loop
      vertex 21.3153 -108.45 0
      vertex 3.99988 -102 0
      vertex 21.5406 -108.113 0
    endloop
  endfacet
  facet normal 0 0 -1
    outer loop
      vertex 21.136 -108.814 0
      vertex 3.99988 -102 0
      vertex 21.3153 -108.45 0
    endloop
  endfacet
  facet normal 0 0 -1
    outer loop
      vertex 21.0056 -109.198 0
      vertex 3.99988 -102 0
      vertex 21.136 -108.814 0
    endloop
  endfacet
  facet normal 0 0 -1
    outer loop
      vertex 20.9265 -109.595 0
      vertex 3.99988 -102 0
      vertex 21.0056 -109.198 0
    endloop
  endfacet
  facet normal 0 0 -1
    outer loop
      vertex 3.99988 -102 0
      vertex 20.9265 -109.595 0
      vertex 20.9 -110 0
    endloop
  endfacet
  facet normal 0 0 -1
    outer loop
      vertex 203.569 -2.3595 0
      vertex 203.584 -1.73894 0
      vertex 203.602 -1.99998 0
    endloop
  endfacet
  facet normal 0 0 -1
    outer loop
      vertex 203.569 -2.3595 0
      vertex 203.533 -1.48239 0
      vertex 203.584 -1.73894 0
    endloop
  endfacet
  facet normal 0 0 -1
    outer loop
      vertex 203.569 -2.3595 0
      vertex 203.449 -1.2346 0
      vertex 203.533 -1.48239 0
    endloop
  endfacet
  facet normal 0 0 -1
    outer loop
      vertex 203.569 -2.3595 0
      vertex 203.334 -1.00002 0
      vertex 203.449 -1.2346 0
    endloop
  endfacet
  facet normal 0 0 -1
    outer loop
      vertex 203.569 -2.3595 0
      vertex 203.188 -0.782455 0
      vertex 203.334 -1.00002 0
    endloop
  endfacet
  facet normal 0 0 -1
    outer loop
      vertex 203.569 -2.3595 0
      vertex 203.016 -0.585785 0
      vertex 203.188 -0.782455 0
    endloop
  endfacet
  facet normal 0 0 -1
    outer loop
      vertex 203.569 -2.3595 0
      vertex 202.819 -0.413315 0
      vertex 203.016 -0.585785 0
    endloop
  endfacet
  facet normal 0 0 -1
    outer loop
      vertex 203.569 -2.3595 0
      vertex 202.602 -0.267929 0
      vertex 202.819 -0.413315 0
    endloop
  endfacet
  facet normal 0 0 -1
    outer loop
      vertex 203.569 -2.3595 0
      vertex 202.367 -0.152252 0
      vertex 202.602 -0.267929 0
    endloop
  endfacet
  facet normal 0 0 -1
    outer loop
      vertex 203.569 -2.3595 0
      vertex 202.119 -0.0681458 0
      vertex 202.367 -0.152252 0
    endloop
  endfacet
  facet normal 0 0 -1
    outer loop
      vertex 203.569 -2.3595 0
      vertex 201.863 -0.0171051 0
      vertex 202.119 -0.0681458 0
    endloop
  endfacet
  facet normal 0 0 -1
    outer loop
      vertex 203.569 -2.3595 0
      vertex 201.601 0 0
      vertex 201.863 -0.0171051 0
    endloop
  endfacet
  facet normal 0 0 -1
    outer loop
      vertex 195.073 -13.5954 0
      vertex 203.569 -2.3595 0
      vertex 195.1 -14 0
    endloop
  endfacet
  facet normal 0 0 -1
    outer loop
      vertex 203.569 -2.3595 0
      vertex 195.073 -14.4046 0
      vertex 195.1 -14 0
    endloop
  endfacet
  facet normal 0 0 -1
    outer loop
      vertex 203.569 -2.3595 0
      vertex 194.994 -14.8023 0
      vertex 195.073 -14.4046 0
    endloop
  endfacet
  facet normal 0 0 -1
    outer loop
      vertex 203.569 -2.3595 0
      vertex 194.864 -15.1863 0
      vertex 194.994 -14.8023 0
    endloop
  endfacet
  facet normal 0 0 -1
    outer loop
      vertex 203.569 -2.3595 0
      vertex 194.685 -15.55 0
      vertex 194.864 -15.1863 0
    endloop
  endfacet
  facet normal 0 0 -1
    outer loop
      vertex 185.189 -102.968 0
      vertex 194.685 -15.55 0
      vertex 203.569 -2.3595 0
    endloop
  endfacet
  facet normal 0 0 -1
    outer loop
      vertex 189.541 -15.8872 0
      vertex 147.577 -1.43439 0
      vertex 189.315 -15.55 0
    endloop
  endfacet
  facet normal 0 -0 -1
    outer loop
      vertex 147.577 -1.43439 0
      vertex 189.541 -15.8872 0
      vertex 125.952 -74.771 0
    endloop
  endfacet
  facet normal -0 0 -1
    outer loop
      vertex 189.808 -16.192 0
      vertex 125.952 -74.771 0
      vertex 189.541 -15.8872 0
    endloop
  endfacet
  facet normal -0 0 -1
    outer loop
      vertex 190.113 -16.4594 0
      vertex 125.952 -74.771 0
      vertex 189.808 -16.192 0
    endloop
  endfacet
  facet normal -0 0 -1
    outer loop
      vertex 190.45 -16.6847 0
      vertex 125.952 -74.771 0
      vertex 190.113 -16.4594 0
    endloop
  endfacet
  facet normal 0 0 -1
    outer loop
      vertex 125.952 -74.771 0
      vertex 190.45 -16.6847 0
      vertex 151.186 -97.136 0
    endloop
  endfacet
  facet normal 0 0 -1
    outer loop
      vertex 151.186 -97.136 0
      vertex 190.45 -16.6847 0
      vertex 151.55 -97.3153 0
    endloop
  endfacet
  facet normal -0 0 -1
    outer loop
      vertex 190.814 -16.864 0
      vertex 151.55 -97.3153 0
      vertex 190.45 -16.6847 0
    endloop
  endfacet
  facet normal 0 0 -1
    outer loop
      vertex 151.55 -97.3153 0
      vertex 190.814 -16.864 0
      vertex 185.189 -102.968 0
    endloop
  endfacet
  facet normal -0 0 -1
    outer loop
      vertex 191.198 -16.9944 0
      vertex 185.189 -102.968 0
      vertex 190.814 -16.864 0
    endloop
  endfacet
  facet normal -0 0 -1
    outer loop
      vertex 191.595 -17.0735 0
      vertex 185.189 -102.968 0
      vertex 191.198 -16.9944 0
    endloop
  endfacet
  facet normal -0 0 -1
    outer loop
      vertex 192 -17.1 0
      vertex 185.189 -102.968 0
      vertex 191.595 -17.0735 0
    endloop
  endfacet
  facet normal 0 0 -1
    outer loop
      vertex 192.405 -17.0735 0
      vertex 185.189 -102.968 0
      vertex 192 -17.1 0
    endloop
  endfacet
  facet normal 0 0 -1
    outer loop
      vertex 192.802 -16.9944 0
      vertex 185.189 -102.968 0
      vertex 192.405 -17.0735 0
    endloop
  endfacet
  facet normal 0 0 -1
    outer loop
      vertex 193.186 -16.864 0
      vertex 185.189 -102.968 0
      vertex 192.802 -16.9944 0
    endloop
  endfacet
  facet normal 0 0 -1
    outer loop
      vertex 193.55 -16.6847 0
      vertex 185.189 -102.968 0
      vertex 193.186 -16.864 0
    endloop
  endfacet
  facet normal 0 0 -1
    outer loop
      vertex 193.887 -16.4594 0
      vertex 185.189 -102.968 0
      vertex 193.55 -16.6847 0
    endloop
  endfacet
  facet normal 0 0 -1
    outer loop
      vertex 194.192 -16.192 0
      vertex 185.189 -102.968 0
      vertex 193.887 -16.4594 0
    endloop
  endfacet
  facet normal 0 0 -1
    outer loop
      vertex 194.459 -15.8872 0
      vertex 185.189 -102.968 0
      vertex 194.192 -16.192 0
    endloop
  endfacet
  facet normal 0 0 -1
    outer loop
      vertex 194.685 -15.55 0
      vertex 185.189 -102.968 0
      vertex 194.459 -15.8872 0
    endloop
  endfacet
  facet normal 0 0 -1
    outer loop
      vertex 194.994 -13.1977 0
      vertex 203.569 -2.3595 0
      vertex 195.073 -13.5954 0
    endloop
  endfacet
  facet normal 0 0 -1
    outer loop
      vertex 194.864 -12.8137 0
      vertex 203.569 -2.3595 0
      vertex 194.994 -13.1977 0
    endloop
  endfacet
  facet normal 0 0 -1
    outer loop
      vertex 194.685 -12.45 0
      vertex 203.569 -2.3595 0
      vertex 194.864 -12.8137 0
    endloop
  endfacet
  facet normal 0 0 -1
    outer loop
      vertex 194.459 -12.1128 0
      vertex 203.569 -2.3595 0
      vertex 194.685 -12.45 0
    endloop
  endfacet
  facet normal 0 0 -1
    outer loop
      vertex 194.192 -11.808 0
      vertex 203.569 -2.3595 0
      vertex 194.459 -12.1128 0
    endloop
  endfacet
  facet normal 0 0 -1
    outer loop
      vertex 193.887 -11.5406 0
      vertex 203.569 -2.3595 0
      vertex 194.192 -11.808 0
    endloop
  endfacet
  facet normal 0 0 -1
    outer loop
      vertex 193.55 -11.3153 0
      vertex 203.569 -2.3595 0
      vertex 193.887 -11.5406 0
    endloop
  endfacet
  facet normal -0 0 -1
    outer loop
      vertex 203.569 -2.3595 0
      vertex 193.55 -11.3153 0
      vertex 201.601 0 0
    endloop
  endfacet
  facet normal 0 0 -1
    outer loop
      vertex 193.186 -11.136 0
      vertex 201.601 0 0
      vertex 193.55 -11.3153 0
    endloop
  endfacet
  facet normal 0 0 -1
    outer loop
      vertex 192.802 -11.0056 0
      vertex 201.601 0 0
      vertex 193.186 -11.136 0
    endloop
  endfacet
  facet normal 0 0 -1
    outer loop
      vertex 192.405 -10.9265 0
      vertex 201.601 0 0
      vertex 192.802 -11.0056 0
    endloop
  endfacet
  facet normal 0 0 -1
    outer loop
      vertex 192 -10.9 0
      vertex 201.601 0 0
      vertex 192.405 -10.9265 0
    endloop
  endfacet
  facet normal 0 0 -1
    outer loop
      vertex 191.595 -10.9265 0
      vertex 201.601 0 0
      vertex 192 -10.9 0
    endloop
  endfacet
  facet normal 0 0 -1
    outer loop
      vertex 191.198 -11.0056 0
      vertex 201.601 0 0
      vertex 191.595 -10.9265 0
    endloop
  endfacet
  facet normal 0 0 -1
    outer loop
      vertex 190.814 -11.136 0
      vertex 201.601 0 0
      vertex 191.198 -11.0056 0
    endloop
  endfacet
  facet normal 0 0 -1
    outer loop
      vertex 190.45 -11.3153 0
      vertex 201.601 0 0
      vertex 190.814 -11.136 0
    endloop
  endfacet
  facet normal 0 0 -1
    outer loop
      vertex 149.495 0 0
      vertex 190.45 -11.3153 0
      vertex 190.113 -11.5406 0
    endloop
  endfacet
  facet normal 0 0 -1
    outer loop
      vertex 149.495 0 0
      vertex 190.113 -11.5406 0
      vertex 189.808 -11.808 0
    endloop
  endfacet
  facet normal 0 0 -1
    outer loop
      vertex 153.1 -100 0
      vertex 185.189 -102.968 0
      vertex 185.158 -103.228 0
    endloop
  endfacet
  facet normal 0 0 -1
    outer loop
      vertex 184 -139 0
      vertex 185 -138.732 0
      vertex 184.765 -138.848 0
    endloop
  endfacet
  facet normal 0 0 -1
    outer loop
      vertex 184 -139 0
      vertex 184.765 -138.848 0
      vertex 184.518 -138.932 0
    endloop
  endfacet
  facet normal 0 0 -1
    outer loop
      vertex 184 -139 0
      vertex 184.518 -138.932 0
      vertex 184.261 -138.983 0
    endloop
  endfacet
  facet normal 0 0 -1
    outer loop
      vertex 186.063 -112.17 0
      vertex 185.272 -104 0
      vertex 185.376 -104.24 0
    endloop
  endfacet
  facet normal 0 -0 -1
    outer loop
      vertex 152.864 -101.186 0
      vertex 185.272 -104 0
      vertex 152.685 -101.55 0
    endloop
  endfacet
  facet normal 0 0 -1
    outer loop
      vertex 185.189 -102.968 0
      vertex 153.1 -100 0
      vertex 153.073 -99.5954 0
    endloop
  endfacet
  facet normal 0 0 -1
    outer loop
      vertex 185.189 -102.968 0
      vertex 153.073 -99.5954 0
      vertex 152.994 -99.1977 0
    endloop
  endfacet
  facet normal 0 0 -1
    outer loop
      vertex 185.189 -102.968 0
      vertex 152.994 -99.1977 0
      vertex 152.864 -98.8137 0
    endloop
  endfacet
  facet normal 0 0 -1
    outer loop
      vertex 185.189 -102.968 0
      vertex 152.864 -98.8137 0
      vertex 152.685 -98.45 0
    endloop
  endfacet
  facet normal 0 0 -1
    outer loop
      vertex 185.189 -102.968 0
      vertex 152.685 -98.45 0
      vertex 152.459 -98.1128 0
    endloop
  endfacet
  facet normal 0 0 -1
    outer loop
      vertex 185.189 -102.968 0
      vertex 152.459 -98.1128 0
      vertex 152.192 -97.808 0
    endloop
  endfacet
  facet normal 0 0 -1
    outer loop
      vertex 185.189 -102.968 0
      vertex 152.192 -97.808 0
      vertex 151.887 -97.5406 0
    endloop
  endfacet
  facet normal 0 0 -1
    outer loop
      vertex 185.189 -102.968 0
      vertex 151.887 -97.5406 0
      vertex 151.55 -97.3153 0
    endloop
  endfacet
  facet normal 0 0 -1
    outer loop
      vertex 189.315 -15.55 0
      vertex 147.577 -1.43439 0
      vertex 189.136 -15.1863 0
    endloop
  endfacet
  facet normal 0 0 -1
    outer loop
      vertex 189.136 -15.1863 0
      vertex 147.577 -1.43439 0
      vertex 189.006 -14.8023 0
    endloop
  endfacet
  facet normal 0 -0 -1
    outer loop
      vertex 149.495 0 0
      vertex 189.006 -14.8023 0
      vertex 147.577 -1.43439 0
    endloop
  endfacet
  facet normal 0 0 -1
    outer loop
      vertex 189.006 -14.8023 0
      vertex 149.495 0 0
      vertex 188.927 -14.4046 0
    endloop
  endfacet
  facet normal 0 0 -1
    outer loop
      vertex 188.927 -14.4046 0
      vertex 149.495 0 0
      vertex 188.9 -14 0
    endloop
  endfacet
  facet normal 0 0 -1
    outer loop
      vertex 125.952 -74.771 0
      vertex 151.186 -97.136 0
      vertex 150.802 -97.0056 0
    endloop
  endfacet
  facet normal 0 0 -1
    outer loop
      vertex 125.952 -74.771 0
      vertex 150.802 -97.0056 0
      vertex 150.405 -96.9265 0
    endloop
  endfacet
  facet normal 0 0 -1
    outer loop
      vertex 125.952 -74.771 0
      vertex 150.405 -96.9265 0
      vertex 150 -96.9 0
    endloop
  endfacet
  facet normal 0 0 -1
    outer loop
      vertex 125.952 -74.771 0
      vertex 150 -96.9 0
      vertex 149.595 -96.9265 0
    endloop
  endfacet
  facet normal 0 0 -1
    outer loop
      vertex 190.45 -11.3153 0
      vertex 149.495 0 0
      vertex 201.601 0 0
    endloop
  endfacet
  facet normal 0 0 -1
    outer loop
      vertex 189.541 -12.1128 0
      vertex 149.495 0 0
      vertex 189.808 -11.808 0
    endloop
  endfacet
  facet normal 0 0 -1
    outer loop
      vertex 189.315 -12.45 0
      vertex 149.495 0 0
      vertex 189.541 -12.1128 0
    endloop
  endfacet
  facet normal 0 0 -1
    outer loop
      vertex 189.136 -12.8137 0
      vertex 149.495 0 0
      vertex 189.315 -12.45 0
    endloop
  endfacet
  facet normal 0 0 -1
    outer loop
      vertex 188.9 -14 0
      vertex 149.495 0 0
      vertex 188.927 -13.5954 0
    endloop
  endfacet
  facet normal 0 0 -1
    outer loop
      vertex 189.006 -13.1977 0
      vertex 149.495 0 0
      vertex 189.136 -12.8137 0
    endloop
  endfacet
  facet normal 0 0 -1
    outer loop
      vertex 125.952 -74.771 0
      vertex 149.595 -96.9265 0
      vertex 149.198 -97.0056 0
    endloop
  endfacet
  facet normal 0 0 -1
    outer loop
      vertex 149.495 0 0
      vertex 147.577 -1.43439 0
      vertex 149.284 -0.0112152 0
    endloop
  endfacet
  facet normal 0 0 -1
    outer loop
      vertex 125.952 -74.771 0
      vertex 149.198 -97.0056 0
      vertex 148.814 -97.136 0
    endloop
  endfacet
  facet normal 0 0 -1
    outer loop
      vertex 149.284 -0.0112152 0
      vertex 147.577 -1.43439 0
      vertex 149.026 -0.0558167 0
    endloop
  endfacet
  facet normal 0 0 -1
    outer loop
      vertex 149.026 -0.0558167 0
      vertex 147.577 -1.43439 0
      vertex 148.776 -0.133743 0
    endloop
  endfacet
  facet normal 0 0 -1
    outer loop
      vertex 125.952 -74.771 0
      vertex 148.814 -97.136 0
      vertex 148.45 -97.3153 0
    endloop
  endfacet
  facet normal 0 0 -1
    outer loop
      vertex 148.776 -0.133743 0
      vertex 147.577 -1.43439 0
      vertex 148.539 -0.243561 0
    endloop
  endfacet
  facet normal 0 0 -1
    outer loop
      vertex 148.539 -0.243561 0
      vertex 147.577 -1.43439 0
      vertex 148.318 -0.383377 0
    endloop
  endfacet
  facet normal 0 0 -1
    outer loop
      vertex 125.952 -74.771 0
      vertex 148.45 -97.3153 0
      vertex 148.113 -97.5406 0
    endloop
  endfacet
  facet normal 0 0 -1
    outer loop
      vertex 148.318 -0.383377 0
      vertex 147.577 -1.43439 0
      vertex 148.117 -0.55098 0
    endloop
  endfacet
  facet normal 0 0 -1
    outer loop
      vertex 125.952 -74.771 0
      vertex 148.113 -97.5406 0
      vertex 147.808 -97.808 0
    endloop
  endfacet
  facet normal 0 0 -1
    outer loop
      vertex 148.117 -0.55098 0
      vertex 147.577 -1.43439 0
      vertex 147.94 -0.743256 0
    endloop
  endfacet
  facet normal 0 0 -1
    outer loop
      vertex 147.94 -0.743256 0
      vertex 147.577 -1.43439 0
      vertex 147.789 -0.957108 0
    endloop
  endfacet
  facet normal 0 0 -1
    outer loop
      vertex 147.789 -0.957108 0
      vertex 147.577 -1.43439 0
      vertex 147.667 -1.18878 0
    endloop
  endfacet
  facet normal 0 0 -1
    outer loop
      vertex 125.952 -74.771 0
      vertex 147.808 -97.808 0
      vertex 147.541 -98.1128 0
    endloop
  endfacet
  facet normal 0 0 -1
    outer loop
      vertex 125.952 -74.771 0
      vertex 147.541 -98.1128 0
      vertex 147.315 -98.45 0
    endloop
  endfacet
  facet normal 0 0 -1
    outer loop
      vertex 125.952 -74.771 0
      vertex 147.315 -98.45 0
      vertex 147.136 -98.8137 0
    endloop
  endfacet
  facet normal 0 0 -1
    outer loop
      vertex 125.952 -74.771 0
      vertex 147.136 -98.8137 0
      vertex 147.006 -99.1977 0
    endloop
  endfacet
  facet normal 0 0 -1
    outer loop
      vertex 125.952 -74.771 0
      vertex 147.006 -99.1977 0
      vertex 146.927 -99.5954 0
    endloop
  endfacet
  facet normal 0 0 -1
    outer loop
      vertex 125.952 -74.771 0
      vertex 146.927 -99.5954 0
      vertex 146.9 -100 0
    endloop
  endfacet
  facet normal 0 0 -1
    outer loop
      vertex 188.927 -13.5954 0
      vertex 149.495 0 0
      vertex 189.006 -13.1977 0
    endloop
  endfacet
  facet normal 0.195529 0.980698 -0
    outer loop
      vertex 202.119 -0.0681458 0
      vertex 201.863 -0.0171051 16
      vertex 202.119 -0.0681458 16
    endloop
  endfacet
  facet normal 0.195529 0.980698 0
    outer loop
      vertex 201.863 -0.0171051 16
      vertex 202.119 -0.0681458 0
      vertex 201.863 -0.0171051 0
    endloop
  endfacet
  facet normal 0.321171 0.947021 -0
    outer loop
      vertex 202.367 -0.152252 0
      vertex 202.119 -0.0681458 16
      vertex 202.367 -0.152252 16
    endloop
  endfacet
  facet normal 0.321171 0.947021 0
    outer loop
      vertex 202.119 -0.0681458 16
      vertex 202.367 -0.152252 0
      vertex 202.119 -0.0681458 0
    endloop
  endfacet
  facet normal 0.441637 0.897194 -0
    outer loop
      vertex 202.602 -0.267929 0
      vertex 202.367 -0.152252 16
      vertex 202.602 -0.267929 16
    endloop
  endfacet
  facet normal 0.441637 0.897194 0
    outer loop
      vertex 202.367 -0.152252 16
      vertex 202.602 -0.267929 0
      vertex 202.367 -0.152252 0
    endloop
  endfacet
  facet normal 0.556605 0.830777 -0
    outer loop
      vertex 202.819 -0.413315 0
      vertex 202.602 -0.267929 16
      vertex 202.819 -0.413315 16
    endloop
  endfacet
  facet normal 0.556605 0.830777 0
    outer loop
      vertex 202.602 -0.267929 16
      vertex 202.819 -0.413315 0
      vertex 202.602 -0.267929 0
    endloop
  endfacet
  facet normal 0.65871 0.752397 -0
    outer loop
      vertex 203.016 -0.585785 0
      vertex 202.819 -0.413315 16
      vertex 203.016 -0.585785 16
    endloop
  endfacet
  facet normal 0.65871 0.752397 0
    outer loop
      vertex 202.819 -0.413315 16
      vertex 203.016 -0.585785 0
      vertex 202.819 -0.413315 0
    endloop
  endfacet
  facet normal 0.75274 0.658318 0
    outer loop
      vertex 203.188 -0.782455 16
      vertex 203.016 -0.585785 0
      vertex 203.016 -0.585785 16
    endloop
  endfacet
  facet normal 0.75274 0.658318 0
    outer loop
      vertex 203.016 -0.585785 0
      vertex 203.188 -0.782455 16
      vertex 203.188 -0.782455 0
    endloop
  endfacet
  facet normal 0.830361 0.557225 0
    outer loop
      vertex 203.334 -1.00002 16
      vertex 203.188 -0.782455 0
      vertex 203.188 -0.782455 16
    endloop
  endfacet
  facet normal 0.830361 0.557225 0
    outer loop
      vertex 203.188 -0.782455 0
      vertex 203.334 -1.00002 16
      vertex 203.334 -1.00002 0
    endloop
  endfacet
  facet normal 0.897906 0.440187 0
    outer loop
      vertex 203.449 -1.2346 16
      vertex 203.334 -1.00002 0
      vertex 203.334 -1.00002 16
    endloop
  endfacet
  facet normal 0.897906 0.440187 0
    outer loop
      vertex 203.334 -1.00002 0
      vertex 203.449 -1.2346 16
      vertex 203.449 -1.2346 0
    endloop
  endfacet
  facet normal 0.947062 0.321051 0
    outer loop
      vertex 203.533 -1.48239 16
      vertex 203.449 -1.2346 0
      vertex 203.449 -1.2346 16
    endloop
  endfacet
  facet normal 0.947062 0.321051 0
    outer loop
      vertex 203.449 -1.2346 0
      vertex 203.533 -1.48239 16
      vertex 203.533 -1.48239 0
    endloop
  endfacet
  facet normal 0.980808 0.194976 0
    outer loop
      vertex 203.584 -1.73894 16
      vertex 203.533 -1.48239 0
      vertex 203.533 -1.48239 16
    endloop
  endfacet
  facet normal 0.980808 0.194976 0
    outer loop
      vertex 203.533 -1.48239 0
      vertex 203.584 -1.73894 16
      vertex 203.584 -1.73894 0
    endloop
  endfacet
  facet normal 0.997631 0.0687916 0
    outer loop
      vertex 203.602 -1.99998 16
      vertex 203.584 -1.73894 0
      vertex 203.584 -1.73894 16
    endloop
  endfacet
  facet normal 0.997631 0.0687916 0
    outer loop
      vertex 203.584 -1.73894 0
      vertex 203.602 -1.99998 16
      vertex 203.602 -1.99998 0
    endloop
  endfacet
  facet normal 0.995814 -0.0914048 0
    outer loop
      vertex 203.569 -2.3595 16
      vertex 203.602 -1.99998 0
      vertex 203.602 -1.99998 16
    endloop
  endfacet
  facet normal 0.995814 -0.0914048 0
    outer loop
      vertex 203.602 -1.99998 0
      vertex 203.569 -2.3595 16
      vertex 203.569 -2.3595 0
    endloop
  endfacet
  facet normal 0.983719 -0.179714 0
    outer loop
      vertex 185.189 -102.968 16
      vertex 203.569 -2.3595 0
      vertex 203.569 -2.3595 16
    endloop
  endfacet
  facet normal 0.983719 -0.179714 0
    outer loop
      vertex 203.569 -2.3595 0
      vertex 185.189 -102.968 16
      vertex 185.189 -102.968 0
    endloop
  endfacet
  facet normal 0.992967 -0.118392 0
    outer loop
      vertex 185.158 -103.228 16
      vertex 185.189 -102.968 0
      vertex 185.189 -102.968 16
    endloop
  endfacet
  facet normal 0.992967 -0.118392 0
    outer loop
      vertex 185.189 -102.968 0
      vertex 185.158 -103.228 16
      vertex 185.158 -103.228 0
    endloop
  endfacet
  facet normal 0.999818 0.0190805 0
    outer loop
      vertex 185.163 -103.49 16
      vertex 185.158 -103.228 0
      vertex 185.158 -103.228 16
    endloop
  endfacet
  facet normal 0.999818 0.0190805 0
    outer loop
      vertex 185.158 -103.228 0
      vertex 185.163 -103.49 16
      vertex 185.163 -103.49 0
    endloop
  endfacet
  facet normal 0.989327 0.145715 0
    outer loop
      vertex 185.201 -103.748 16
      vertex 185.163 -103.49 0
      vertex 185.163 -103.49 16
    endloop
  endfacet
  facet normal 0.989327 0.145715 0
    outer loop
      vertex 185.163 -103.49 0
      vertex 185.201 -103.748 16
      vertex 185.201 -103.748 0
    endloop
  endfacet
  facet normal 0.962526 0.271188 0
    outer loop
      vertex 185.272 -104 16
      vertex 185.201 -103.748 0
      vertex 185.201 -103.748 16
    endloop
  endfacet
  facet normal 0.962526 0.271188 0
    outer loop
      vertex 185.201 -103.748 0
      vertex 185.272 -104 16
      vertex 185.272 -104 0
    endloop
  endfacet
  facet normal 0.917556 0.397607 0
    outer loop
      vertex 185.376 -104.24 16
      vertex 185.272 -104 0
      vertex 185.272 -104 16
    endloop
  endfacet
  facet normal 0.917556 0.397607 0
    outer loop
      vertex 185.272 -104 0
      vertex 185.376 -104.24 16
      vertex 185.376 -104.24 0
    endloop
  endfacet
  facet normal 0.857493 0.514496 0
    outer loop
      vertex 185.511 -104.465 16
      vertex 185.376 -104.24 0
      vertex 185.376 -104.24 16
    endloop
  endfacet
  facet normal 0.857493 0.514496 0
    outer loop
      vertex 185.376 -104.24 0
      vertex 185.511 -104.465 16
      vertex 185.511 -104.465 0
    endloop
  endfacet
  facet normal 0.767994 0.640457 0
    outer loop
      vertex 185.742 -104.742 16
      vertex 185.511 -104.465 0
      vertex 185.511 -104.465 16
    endloop
  endfacet
  facet normal 0.767994 0.640457 0
    outer loop
      vertex 185.511 -104.465 0
      vertex 185.742 -104.742 16
      vertex 185.742 -104.742 0
    endloop
  endfacet
  facet normal 0.707107 0.707107 0
    outer loop
      vertex 187.773 -106.773 16
      vertex 185.742 -104.742 0
      vertex 185.742 -104.742 16
    endloop
  endfacet
  facet normal 0.707107 0.707107 0
    outer loop
      vertex 185.742 -104.742 0
      vertex 187.773 -106.773 16
      vertex 187.773 -106.773 0
    endloop
  endfacet
  facet normal 0.751394 0.659854 0
    outer loop
      vertex 187.946 -106.97 16
      vertex 187.773 -106.773 0
      vertex 187.773 -106.773 16
    endloop
  endfacet
  facet normal 0.751394 0.659854 0
    outer loop
      vertex 187.773 -106.773 0
      vertex 187.946 -106.97 16
      vertex 187.946 -106.97 0
    endloop
  endfacet
  facet normal 0.832637 0.553818 0
    outer loop
      vertex 188.091 -107.188 16
      vertex 187.946 -106.97 0
      vertex 187.946 -106.97 16
    endloop
  endfacet
  facet normal 0.832637 0.553818 0
    outer loop
      vertex 187.946 -106.97 0
      vertex 188.091 -107.188 16
      vertex 188.091 -107.188 0
    endloop
  endfacet
  facet normal 0.895953 0.444148 0
    outer loop
      vertex 188.207 -107.422 16
      vertex 188.091 -107.188 0
      vertex 188.091 -107.188 16
    endloop
  endfacet
  facet normal 0.895953 0.444148 0
    outer loop
      vertex 188.091 -107.188 0
      vertex 188.207 -107.422 16
      vertex 188.207 -107.422 0
    endloop
  endfacet
  facet normal 0.947145 0.320807 0
    outer loop
      vertex 188.291 -107.67 16
      vertex 188.207 -107.422 0
      vertex 188.207 -107.422 16
    endloop
  endfacet
  facet normal 0.947145 0.320807 0
    outer loop
      vertex 188.207 -107.422 0
      vertex 188.291 -107.67 16
      vertex 188.291 -107.67 0
    endloop
  endfacet
  facet normal 0.980873 0.194648 0
    outer loop
      vertex 188.342 -107.927 16
      vertex 188.291 -107.67 0
      vertex 188.291 -107.67 16
    endloop
  endfacet
  facet normal 0.980873 0.194648 0
    outer loop
      vertex 188.291 -107.67 0
      vertex 188.342 -107.927 16
      vertex 188.342 -107.927 0
    endloop
  endfacet
  facet normal 0.997886 0.0649964 0
    outer loop
      vertex 188.359 -108.188 16
      vertex 188.342 -107.927 0
      vertex 188.342 -107.927 16
    endloop
  endfacet
  facet normal 0.997886 0.0649964 0
    outer loop
      vertex 188.342 -107.927 0
      vertex 188.359 -108.188 16
      vertex 188.359 -108.188 0
    endloop
  endfacet
  facet normal 0.997886 -0.0649964 0
    outer loop
      vertex 188.342 -108.449 16
      vertex 188.359 -108.188 0
      vertex 188.359 -108.188 16
    endloop
  endfacet
  facet normal 0.997886 -0.0649964 0
    outer loop
      vertex 188.359 -108.188 0
      vertex 188.342 -108.449 16
      vertex 188.342 -108.449 0
    endloop
  endfacet
  facet normal 0.980728 -0.195379 0
    outer loop
      vertex 188.291 -108.705 16
      vertex 188.342 -108.449 0
      vertex 188.342 -108.449 16
    endloop
  endfacet
  facet normal 0.980728 -0.195379 0
    outer loop
      vertex 188.342 -108.449 0
      vertex 188.291 -108.705 16
      vertex 188.291 -108.705 0
    endloop
  endfacet
  facet normal 0.947145 -0.320807 0
    outer loop
      vertex 188.207 -108.953 16
      vertex 188.291 -108.705 0
      vertex 188.291 -108.705 16
    endloop
  endfacet
  facet normal 0.947145 -0.320807 0
    outer loop
      vertex 188.291 -108.705 0
      vertex 188.207 -108.953 16
      vertex 188.207 -108.953 0
    endloop
  endfacet
  facet normal 0.896705 -0.442629 0
    outer loop
      vertex 188.091 -109.188 16
      vertex 188.207 -108.953 0
      vertex 188.207 -108.953 16
    endloop
  endfacet
  facet normal 0.896705 -0.442629 0
    outer loop
      vertex 188.207 -108.953 0
      vertex 188.091 -109.188 16
      vertex 188.091 -109.188 0
    endloop
  endfacet
  facet normal 0.834609 -0.550842 0
    outer loop
      vertex 187.959 -109.388 16
      vertex 188.091 -109.188 0
      vertex 188.091 -109.188 16
    endloop
  endfacet
  facet normal 0.834609 -0.550842 0
    outer loop
      vertex 188.091 -109.188 0
      vertex 187.959 -109.388 16
      vertex 187.959 -109.388 0
    endloop
  endfacet
  facet normal 0.800046 -0.599938 0
    outer loop
      vertex 186.4 -111.467 16
      vertex 187.959 -109.388 0
      vertex 187.959 -109.388 16
    endloop
  endfacet
  facet normal 0.800046 -0.599938 0
    outer loop
      vertex 187.959 -109.388 0
      vertex 186.4 -111.467 16
      vertex 186.4 -111.467 0
    endloop
  endfacet
  facet normal 0.837306 -0.546734 0
    outer loop
      vertex 186.257 -111.686 16
      vertex 186.4 -111.467 0
      vertex 186.4 -111.467 16
    endloop
  endfacet
  facet normal 0.837306 -0.546734 0
    outer loop
      vertex 186.4 -111.467 0
      vertex 186.257 -111.686 16
      vertex 186.257 -111.686 0
    endloop
  endfacet
  facet normal 0.90194 -0.431861 0
    outer loop
      vertex 186.144 -111.922 16
      vertex 186.257 -111.686 0
      vertex 186.257 -111.686 16
    endloop
  endfacet
  facet normal 0.90194 -0.431861 0
    outer loop
      vertex 186.257 -111.686 0
      vertex 186.144 -111.922 16
      vertex 186.144 -111.922 0
    endloop
  endfacet
  facet normal 0.950582 -0.310472 0
    outer loop
      vertex 186.063 -112.17 16
      vertex 186.144 -111.922 0
      vertex 186.144 -111.922 16
    endloop
  endfacet
  facet normal 0.950582 -0.310472 0
    outer loop
      vertex 186.144 -111.922 0
      vertex 186.063 -112.17 16
      vertex 186.063 -112.17 0
    endloop
  endfacet
  facet normal 0.982305 -0.187288 0
    outer loop
      vertex 186.014 -112.427 16
      vertex 186.063 -112.17 0
      vertex 186.063 -112.17 16
    endloop
  endfacet
  facet normal 0.982305 -0.187288 0
    outer loop
      vertex 186.063 -112.17 0
      vertex 186.014 -112.427 16
      vertex 186.014 -112.427 0
    endloop
  endfacet
  facet normal 0.998303 -0.0582343 0
    outer loop
      vertex 186 -112.667 16
      vertex 186.014 -112.427 0
      vertex 186.014 -112.427 16
    endloop
  endfacet
  facet normal 0.998303 -0.0582343 0
    outer loop
      vertex 186.014 -112.427 0
      vertex 186 -112.667 16
      vertex 186 -112.667 0
    endloop
  endfacet
  facet normal 1 -0 0
    outer loop
      vertex 186 -137 16
      vertex 186 -112.667 0
      vertex 186 -112.667 16
    endloop
  endfacet
  facet normal 1 0 0
    outer loop
      vertex 186 -112.667 0
      vertex 186 -137 16
      vertex 186 -137 0
    endloop
  endfacet
  facet normal 0.997886 -0.0649964 0
    outer loop
      vertex 185.983 -137.261 16
      vertex 186 -137 0
      vertex 186 -137 16
    endloop
  endfacet
  facet normal 0.997886 -0.0649964 0
    outer loop
      vertex 186 -137 0
      vertex 185.983 -137.261 16
      vertex 185.983 -137.261 0
    endloop
  endfacet
  facet normal 0.980873 -0.194648 0
    outer loop
      vertex 185.932 -137.518 16
      vertex 185.983 -137.261 0
      vertex 185.983 -137.261 16
    endloop
  endfacet
  facet normal 0.980873 -0.194648 0
    outer loop
      vertex 185.983 -137.261 0
      vertex 185.932 -137.518 16
      vertex 185.932 -137.518 0
    endloop
  endfacet
  facet normal 0.946749 -0.321971 0
    outer loop
      vertex 185.848 -137.765 16
      vertex 185.932 -137.518 0
      vertex 185.932 -137.518 16
    endloop
  endfacet
  facet normal 0.946749 -0.321971 0
    outer loop
      vertex 185.932 -137.518 0
      vertex 185.848 -137.765 16
      vertex 185.848 -137.765 0
    endloop
  endfacet
  facet normal 0.896705 -0.442629 0
    outer loop
      vertex 185.732 -138 16
      vertex 185.848 -137.765 0
      vertex 185.848 -137.765 16
    endloop
  endfacet
  facet normal 0.896705 -0.442629 0
    outer loop
      vertex 185.848 -137.765 0
      vertex 185.732 -138 16
      vertex 185.732 -138 0
    endloop
  endfacet
  facet normal 0.832637 -0.553818 0
    outer loop
      vertex 185.587 -138.218 16
      vertex 185.732 -138 0
      vertex 185.732 -138 16
    endloop
  endfacet
  facet normal 0.832637 -0.553818 0
    outer loop
      vertex 185.732 -138 0
      vertex 185.587 -138.218 16
      vertex 185.587 -138.218 0
    endloop
  endfacet
  facet normal 0.749726 -0.661748 0
    outer loop
      vertex 185.414 -138.414 16
      vertex 185.587 -138.218 0
      vertex 185.587 -138.218 16
    endloop
  endfacet
  facet normal 0.749726 -0.661748 0
    outer loop
      vertex 185.587 -138.218 0
      vertex 185.414 -138.414 16
      vertex 185.414 -138.414 0
    endloop
  endfacet
  facet normal 0.661748 -0.749726 0
    outer loop
      vertex 185.218 -138.587 0
      vertex 185.414 -138.414 16
      vertex 185.218 -138.587 16
    endloop
  endfacet
  facet normal 0.661748 -0.749726 0
    outer loop
      vertex 185.414 -138.414 16
      vertex 185.218 -138.587 0
      vertex 185.414 -138.414 0
    endloop
  endfacet
  facet normal 0.553818 -0.832637 0
    outer loop
      vertex 185 -138.732 0
      vertex 185.218 -138.587 16
      vertex 185 -138.732 16
    endloop
  endfacet
  facet normal 0.553818 -0.832637 0
    outer loop
      vertex 185.218 -138.587 16
      vertex 185 -138.732 0
      vertex 185.218 -138.587 0
    endloop
  endfacet
  facet normal 0.442629 -0.896705 0
    outer loop
      vertex 184.765 -138.848 0
      vertex 185 -138.732 16
      vertex 184.765 -138.848 16
    endloop
  endfacet
  facet normal 0.442629 -0.896705 0
    outer loop
      vertex 185 -138.732 16
      vertex 184.765 -138.848 0
      vertex 185 -138.732 0
    endloop
  endfacet
  facet normal 0.321971 -0.946749 0
    outer loop
      vertex 184.518 -138.932 0
      vertex 184.765 -138.848 16
      vertex 184.518 -138.932 16
    endloop
  endfacet
  facet normal 0.321971 -0.946749 0
    outer loop
      vertex 184.765 -138.848 16
      vertex 184.518 -138.932 0
      vertex 184.765 -138.848 0
    endloop
  endfacet
  facet normal 0.194648 -0.980873 0
    outer loop
      vertex 184.261 -138.983 0
      vertex 184.518 -138.932 16
      vertex 184.261 -138.983 16
    endloop
  endfacet
  facet normal 0.194648 -0.980873 0
    outer loop
      vertex 184.518 -138.932 16
      vertex 184.261 -138.983 0
      vertex 184.518 -138.932 0
    endloop
  endfacet
  facet normal 0.0649964 -0.997886 0
    outer loop
      vertex 184 -139 0
      vertex 184.261 -138.983 16
      vertex 184 -139 16
    endloop
  endfacet
  facet normal 0.0649964 -0.997886 0
    outer loop
      vertex 184.261 -138.983 16
      vertex 184 -139 0
      vertex 184.261 -138.983 0
    endloop
  endfacet
  facet normal 0 -1 0
    outer loop
      vertex 2.00008 -139 0
      vertex 184 -139 16
      vertex 2.00008 -139 16
    endloop
  endfacet
  facet normal 0 -1 -0
    outer loop
      vertex 184 -139 16
      vertex 2.00008 -139 0
      vertex 184 -139 0
    endloop
  endfacet
  facet normal -0.0649617 -0.997888 0
    outer loop
      vertex 1.73894 -138.983 0
      vertex 2.00008 -139 16
      vertex 1.73894 -138.983 16
    endloop
  endfacet
  facet normal -0.0649617 -0.997888 -0
    outer loop
      vertex 2.00008 -139 16
      vertex 1.73894 -138.983 0
      vertex 2.00008 -139 0
    endloop
  endfacet
  facet normal -0.194976 -0.980808 0
    outer loop
      vertex 1.48239 -138.932 0
      vertex 1.73894 -138.983 16
      vertex 1.48239 -138.932 16
    endloop
  endfacet
  facet normal -0.194976 -0.980808 -0
    outer loop
      vertex 1.73894 -138.983 16
      vertex 1.48239 -138.932 0
      vertex 1.73894 -138.983 0
    endloop
  endfacet
  facet normal -0.321051 -0.947062 0
    outer loop
      vertex 1.2346 -138.848 0
      vertex 1.48239 -138.932 16
      vertex 1.2346 -138.848 16
    endloop
  endfacet
  facet normal -0.321051 -0.947062 -0
    outer loop
      vertex 1.48239 -138.932 16
      vertex 1.2346 -138.848 0
      vertex 1.48239 -138.932 0
    endloop
  endfacet
  facet normal -0.443266 -0.89639 0
    outer loop
      vertex 1.00002 -138.732 0
      vertex 1.2346 -138.848 16
      vertex 1.00002 -138.732 16
    endloop
  endfacet
  facet normal -0.443266 -0.89639 -0
    outer loop
      vertex 1.2346 -138.848 16
      vertex 1.00002 -138.732 0
      vertex 1.2346 -138.848 0
    endloop
  endfacet
  facet normal -0.554585 -0.832127 0
    outer loop
      vertex 0.782455 -138.587 0
      vertex 1.00002 -138.732 16
      vertex 0.782455 -138.587 16
    endloop
  endfacet
  facet normal -0.554585 -0.832127 -0
    outer loop
      vertex 1.00002 -138.732 16
      vertex 0.782455 -138.587 0
      vertex 1.00002 -138.732 0
    endloop
  endfacet
  facet normal -0.660478 -0.750845 0
    outer loop
      vertex 0.585785 -138.414 0
      vertex 0.782455 -138.587 16
      vertex 0.585785 -138.414 16
    endloop
  endfacet
  facet normal -0.660478 -0.750845 -0
    outer loop
      vertex 0.782455 -138.587 16
      vertex 0.585785 -138.414 0
      vertex 0.782455 -138.587 0
    endloop
  endfacet
  facet normal -0.750733 -0.660606 0
    outer loop
      vertex 0.585785 -138.414 0
      vertex 0.413315 -138.218 16
      vertex 0.413315 -138.218 0
    endloop
  endfacet
  facet normal -0.750733 -0.660606 0
    outer loop
      vertex 0.413315 -138.218 16
      vertex 0.585785 -138.414 0
      vertex 0.585785 -138.414 16
    endloop
  endfacet
  facet normal -0.831958 -0.554839 0
    outer loop
      vertex 0.413315 -138.218 0
      vertex 0.267929 -138 16
      vertex 0.267929 -138 0
    endloop
  endfacet
  facet normal -0.831958 -0.554839 0
    outer loop
      vertex 0.267929 -138 16
      vertex 0.413315 -138.218 0
      vertex 0.413315 -138.218 16
    endloop
  endfacet
  facet normal -0.897194 -0.441637 0
    outer loop
      vertex 0.267929 -138 0
      vertex 0.152252 -137.765 16
      vertex 0.152252 -137.765 0
    endloop
  endfacet
  facet normal -0.897194 -0.441637 0
    outer loop
      vertex 0.152252 -137.765 16
      vertex 0.267929 -138 0
      vertex 0.267929 -138 16
    endloop
  endfacet
  facet normal -0.946625 -0.322336 0
    outer loop
      vertex 0.152252 -137.765 0
      vertex 0.0681458 -137.518 16
      vertex 0.0681458 -137.518 0
    endloop
  endfacet
  facet normal -0.946625 -0.322336 0
    outer loop
      vertex 0.0681458 -137.518 16
      vertex 0.152252 -137.765 0
      vertex 0.152252 -137.765 16
    endloop
  endfacet
  facet normal -0.980843 -0.194797 0
    outer loop
      vertex 0.0681458 -137.518 0
      vertex 0.0171051 -137.261 16
      vertex 0.0171051 -137.261 0
    endloop
  endfacet
  facet normal -0.980843 -0.194797 0
    outer loop
      vertex 0.0171051 -137.261 16
      vertex 0.0681458 -137.518 0
      vertex 0.0681458 -137.518 16
    endloop
  endfacet
  facet normal -0.997859 -0.0653965 0
    outer loop
      vertex 0.0171051 -137.261 0
      vertex 0 -137 16
      vertex 0 -137 0
    endloop
  endfacet
  facet normal -0.997859 -0.0653965 0
    outer loop
      vertex 0 -137 16
      vertex 0.0171051 -137.261 0
      vertex 0.0171051 -137.261 16
    endloop
  endfacet
  facet normal -1 0 0
    outer loop
      vertex 0 -122.898 14.3868
      vertex 0 -106.667 16
      vertex 0 -106.667 0
    endloop
  endfacet
  facet normal -1 -0 0
    outer loop
      vertex 0 -106.667 16
      vertex 0 -122.373 15.6541
      vertex 0 -122.35 16
    endloop
  endfacet
  facet normal -1 0 0
    outer loop
      vertex 0 -106.667 16
      vertex 0 -122.44 15.3141
      vertex 0 -122.373 15.6541
    endloop
  endfacet
  facet normal -1 0 0
    outer loop
      vertex 0 -106.667 16
      vertex 0 -122.552 14.9859
      vertex 0 -122.44 15.3141
    endloop
  endfacet
  facet normal -1 0 0
    outer loop
      vertex 0 -106.667 16
      vertex 0 -122.705 14.675
      vertex 0 -122.552 14.9859
    endloop
  endfacet
  facet normal -1 0 0
    outer loop
      vertex 0 -106.667 16
      vertex 0 -122.898 14.3868
      vertex 0 -122.705 14.675
    endloop
  endfacet
  facet normal -1 0 0
    outer loop
      vertex 0 -106.667 0
      vertex 0 -123.126 14.1262
      vertex 0 -122.898 14.3868
    endloop
  endfacet
  facet normal -1 0 0
    outer loop
      vertex 0 -106.667 0
      vertex 0 -123.387 13.8976
      vertex 0 -123.126 14.1262
    endloop
  endfacet
  facet normal -1 0 0
    outer loop
      vertex 0 -106.667 0
      vertex 0 -123.675 13.705
      vertex 0 -123.387 13.8976
    endloop
  endfacet
  facet normal -1 0 0
    outer loop
      vertex 0 -106.667 0
      vertex 0 -123.986 13.5517
      vertex 0 -123.675 13.705
    endloop
  endfacet
  facet normal -1 0 0
    outer loop
      vertex 0 -106.667 0
      vertex 0 -124.314 13.4403
      vertex 0 -123.986 13.5517
    endloop
  endfacet
  facet normal -1 0 0
    outer loop
      vertex 0 -106.667 0
      vertex 0 -124.654 13.3727
      vertex 0 -124.314 13.4403
    endloop
  endfacet
  facet normal -1 0 0
    outer loop
      vertex 0 -137 0
      vertex 0 -124.654 13.3727
      vertex 0 -106.667 0
    endloop
  endfacet
  facet normal -1 0 0
    outer loop
      vertex 0 -124.654 13.3727
      vertex 0 -137 0
      vertex 0 -125 13.35
    endloop
  endfacet
  facet normal -1 -0 0
    outer loop
      vertex 0 -125 13.35
      vertex 0 -137 0
      vertex 0 -125.346 13.3727
    endloop
  endfacet
  facet normal -1 -0 0
    outer loop
      vertex 0 -125.346 13.3727
      vertex 0 -137 0
      vertex 0 -125.686 13.4403
    endloop
  endfacet
  facet normal -1 -0 0
    outer loop
      vertex 0 -125.686 13.4403
      vertex 0 -137 0
      vertex 0 -126.014 13.5517
    endloop
  endfacet
  facet normal -1 -0 0
    outer loop
      vertex 0 -126.014 13.5517
      vertex 0 -137 0
      vertex 0 -126.325 13.705
    endloop
  endfacet
  facet normal -1 -0 0
    outer loop
      vertex 0 -126.325 13.705
      vertex 0 -137 0
      vertex 0 -126.613 13.8976
    endloop
  endfacet
  facet normal -1 0 0
    outer loop
      vertex 0 -137 0
      vertex 0 -126.874 14.1262
      vertex 0 -126.613 13.8976
    endloop
  endfacet
  facet normal -1 0 0
    outer loop
      vertex 0 -137 16
      vertex 0 -126.874 14.1262
      vertex 0 -137 0
    endloop
  endfacet
  facet normal -1 0 0
    outer loop
      vertex 0 -126.874 14.1262
      vertex 0 -137 16
      vertex 0 -127.102 14.3868
    endloop
  endfacet
  facet normal -1 0 0
    outer loop
      vertex 0 -127.102 14.3868
      vertex 0 -137 16
      vertex 0 -127.295 14.675
    endloop
  endfacet
  facet normal -1 0 0
    outer loop
      vertex 0 -127.295 14.675
      vertex 0 -137 16
      vertex 0 -127.448 14.9859
    endloop
  endfacet
  facet normal -1 0 0
    outer loop
      vertex 0 -127.448 14.9859
      vertex 0 -137 16
      vertex 0 -127.56 15.3141
    endloop
  endfacet
  facet normal -1 0 0
    outer loop
      vertex 0 -127.56 15.3141
      vertex 0 -137 16
      vertex 0 -127.627 15.6541
    endloop
  endfacet
  facet normal -1 0 0
    outer loop
      vertex 0 -127.627 15.6541
      vertex 0 -137 16
      vertex 0 -127.65 16
    endloop
  endfacet
  facet normal -0.997859 0.0653965 0
    outer loop
      vertex 0 -106.667 0
      vertex 0.0171051 -106.406 16
      vertex 0.0171051 -106.406 0
    endloop
  endfacet
  facet normal -0.997859 0.0653965 0
    outer loop
      vertex 0.0171051 -106.406 16
      vertex 0 -106.667 0
      vertex 0 -106.667 16
    endloop
  endfacet
  facet normal -0.980843 0.194797 0
    outer loop
      vertex 0.0171051 -106.406 0
      vertex 0.0681458 -106.149 16
      vertex 0.0681458 -106.149 0
    endloop
  endfacet
  facet normal -0.980843 0.194797 0
    outer loop
      vertex 0.0681458 -106.149 16
      vertex 0.0171051 -106.406 0
      vertex 0.0171051 -106.406 16
    endloop
  endfacet
  facet normal -0.947004 0.321222 0
    outer loop
      vertex 0.0681458 -106.149 0
      vertex 0.152267 -105.901 16
      vertex 0.152267 -105.901 0
    endloop
  endfacet
  facet normal -0.947004 0.321222 0
    outer loop
      vertex 0.152267 -105.901 16
      vertex 0.0681458 -106.149 0
      vertex 0.0681458 -106.149 16
    endloop
  endfacet
  facet normal -0.896445 0.443154 0
    outer loop
      vertex 0.152267 -105.901 0
      vertex 0.267944 -105.667 16
      vertex 0.267944 -105.667 0
    endloop
  endfacet
  facet normal -0.896445 0.443154 0
    outer loop
      vertex 0.267944 -105.667 16
      vertex 0.152267 -105.901 0
      vertex 0.152267 -105.901 16
    endloop
  endfacet
  facet normal -0.834368 0.551208 0
    outer loop
      vertex 0.267944 -105.667 0
      vertex 0.40007 -105.467 16
      vertex 0.40007 -105.467 0
    endloop
  endfacet
  facet normal -0.834368 0.551208 0
    outer loop
      vertex 0.40007 -105.467 16
      vertex 0.267944 -105.667 0
      vertex 0.267944 -105.667 16
    endloop
  endfacet
  facet normal -0.800056 0.599925 0
    outer loop
      vertex 0.40007 -105.467 0
      vertex 2.39993 -102.8 16
      vertex 2.39993 -102.8 0
    endloop
  endfacet
  facet normal -0.800056 0.599925 0
    outer loop
      vertex 2.39993 -102.8 16
      vertex 0.40007 -105.467 0
      vertex 0.40007 -105.467 16
    endloop
  endfacet
  facet normal -0.759618 0.65037 0
    outer loop
      vertex 2.39993 -102.8 0
      vertex 2.57031 -102.601 16
      vertex 2.57031 -102.601 0
    endloop
  endfacet
  facet normal -0.759618 0.65037 0
    outer loop
      vertex 2.57031 -102.601 16
      vertex 2.39993 -102.8 0
      vertex 2.39993 -102.8 16
    endloop
  endfacet
  facet normal -0.666054 0.745904 0
    outer loop
      vertex 2.76517 -102.427 0
      vertex 2.57031 -102.601 16
      vertex 2.76517 -102.427 16
    endloop
  endfacet
  facet normal -0.666054 0.745904 0
    outer loop
      vertex 2.57031 -102.601 16
      vertex 2.76517 -102.427 0
      vertex 2.57031 -102.601 0
    endloop
  endfacet
  facet normal -0.565606 0.824676 0
    outer loop
      vertex 2.98096 -102.279 0
      vertex 2.76517 -102.427 16
      vertex 2.98096 -102.279 16
    endloop
  endfacet
  facet normal -0.565606 0.824676 0
    outer loop
      vertex 2.76517 -102.427 16
      vertex 2.98096 -102.279 0
      vertex 2.76517 -102.427 0
    endloop
  endfacet
  facet normal -0.451078 0.892485 0
    outer loop
      vertex 3.21443 -102.161 0
      vertex 2.98096 -102.279 16
      vertex 3.21443 -102.161 16
    endloop
  endfacet
  facet normal -0.451078 0.892485 0
    outer loop
      vertex 2.98096 -102.279 16
      vertex 3.21443 -102.161 0
      vertex 2.98096 -102.279 0
    endloop
  endfacet
  facet normal -0.332628 0.943058 0
    outer loop
      vertex 3.46109 -102.074 0
      vertex 3.21443 -102.161 16
      vertex 3.46109 -102.074 16
    endloop
  endfacet
  facet normal -0.332628 0.943058 0
    outer loop
      vertex 3.21443 -102.161 16
      vertex 3.46109 -102.074 0
      vertex 3.21443 -102.161 0
    endloop
  endfacet
  facet normal -0.206295 0.97849 0
    outer loop
      vertex 3.71722 -102.02 0
      vertex 3.46109 -102.074 16
      vertex 3.71722 -102.02 16
    endloop
  endfacet
  facet normal -0.206295 0.97849 0
    outer loop
      vertex 3.46109 -102.074 16
      vertex 3.71722 -102.02 0
      vertex 3.46109 -102.074 0
    endloop
  endfacet
  facet normal -0.0705799 0.997506 0
    outer loop
      vertex 3.99988 -102 0
      vertex 3.71722 -102.02 16
      vertex 3.99988 -102 16
    endloop
  endfacet
  facet normal -0.0705799 0.997506 0
    outer loop
      vertex 3.71722 -102.02 16
      vertex 3.99988 -102 0
      vertex 3.71722 -102.02 0
    endloop
  endfacet
  facet normal 0 1 -0
    outer loop
      vertex 66.2344 -102 0
      vertex 3.99988 -102 16
      vertex 66.2344 -102 16
    endloop
  endfacet
  facet normal 0 1 0
    outer loop
      vertex 3.99988 -102 16
      vertex 66.2344 -102 0
      vertex 3.99988 -102 0
    endloop
  endfacet
  facet normal -0.0649716 0.997887 0
    outer loop
      vertex 66.4955 -101.983 0
      vertex 66.2344 -102 16
      vertex 66.4955 -101.983 16
    endloop
  endfacet
  facet normal -0.0649716 0.997887 0
    outer loop
      vertex 66.2344 -102 16
      vertex 66.4955 -101.983 0
      vertex 66.2344 -102 0
    endloop
  endfacet
  facet normal -0.19494 0.980815 0
    outer loop
      vertex 66.7521 -101.932 0
      vertex 66.4955 -101.983 16
      vertex 66.7521 -101.932 16
    endloop
  endfacet
  facet normal -0.19494 0.980815 0
    outer loop
      vertex 66.4955 -101.983 16
      vertex 66.7521 -101.932 0
      vertex 66.4955 -101.983 0
    endloop
  endfacet
  facet normal -0.321156 0.947026 0
    outer loop
      vertex 66.9998 -101.848 0
      vertex 66.7521 -101.932 16
      vertex 66.9998 -101.848 16
    endloop
  endfacet
  facet normal -0.321156 0.947026 0
    outer loop
      vertex 66.7521 -101.932 16
      vertex 66.9998 -101.848 0
      vertex 66.7521 -101.932 0
    endloop
  endfacet
  facet normal -0.443235 0.896405 0
    outer loop
      vertex 67.2344 -101.732 0
      vertex 66.9998 -101.848 16
      vertex 67.2344 -101.732 16
    endloop
  endfacet
  facet normal -0.443235 0.896405 0
    outer loop
      vertex 66.9998 -101.848 16
      vertex 67.2344 -101.732 0
      vertex 66.9998 -101.848 0
    endloop
  endfacet
  facet normal -0.554524 0.832168 0
    outer loop
      vertex 67.452 -101.587 0
      vertex 67.2344 -101.732 16
      vertex 67.452 -101.587 16
    endloop
  endfacet
  facet normal -0.554524 0.832168 0
    outer loop
      vertex 67.2344 -101.732 16
      vertex 67.452 -101.587 0
      vertex 67.2344 -101.732 0
    endloop
  endfacet
  facet normal -0.660421 0.750895 0
    outer loop
      vertex 67.6487 -101.414 0
      vertex 67.452 -101.587 16
      vertex 67.6487 -101.414 16
    endloop
  endfacet
  facet normal -0.660421 0.750895 0
    outer loop
      vertex 67.452 -101.587 16
      vertex 67.6487 -101.414 0
      vertex 67.452 -101.587 0
    endloop
  endfacet
  facet normal -0.750865 0.660455 0
    outer loop
      vertex 67.6487 -101.414 0
      vertex 67.8211 -101.218 16
      vertex 67.8211 -101.218 0
    endloop
  endfacet
  facet normal -0.750865 0.660455 0
    outer loop
      vertex 67.8211 -101.218 16
      vertex 67.6487 -101.414 0
      vertex 67.6487 -101.414 16
    endloop
  endfacet
  facet normal -0.831933 0.554876 0
    outer loop
      vertex 67.8211 -101.218 0
      vertex 67.9665 -101 16
      vertex 67.9665 -101 0
    endloop
  endfacet
  facet normal -0.831933 0.554876 0
    outer loop
      vertex 67.9665 -101 16
      vertex 67.8211 -101.218 0
      vertex 67.8211 -101.218 16
    endloop
  endfacet
  facet normal -0.897159 0.441708 0
    outer loop
      vertex 67.9665 -101 0
      vertex 68.0822 -100.765 16
      vertex 68.0822 -100.765 0
    endloop
  endfacet
  facet normal -0.897159 0.441708 0
    outer loop
      vertex 68.0822 -100.765 16
      vertex 67.9665 -101 0
      vertex 67.9665 -101 16
    endloop
  endfacet
  facet normal -0.946632 0.322315 0
    outer loop
      vertex 68.0822 -100.765 0
      vertex 68.1663 -100.518 16
      vertex 68.1663 -100.518 0
    endloop
  endfacet
  facet normal -0.946632 0.322315 0
    outer loop
      vertex 68.1663 -100.518 16
      vertex 68.0822 -100.765 0
      vertex 68.0822 -100.765 16
    endloop
  endfacet
  facet normal -0.981479 0.19157 0
    outer loop
      vertex 68.1663 -100.518 0
      vertex 68.219 -100.248 16
      vertex 68.219 -100.248 0
    endloop
  endfacet
  facet normal -0.981479 0.19157 0
    outer loop
      vertex 68.219 -100.248 16
      vertex 68.1663 -100.518 0
      vertex 68.1663 -100.518 16
    endloop
  endfacet
  facet normal -0.992278 0.124032 0
    outer loop
      vertex 68.219 -100.248 0
      vertex 69.9754 -86.1965 16
      vertex 69.9754 -86.1965 0
    endloop
  endfacet
  facet normal -0.992278 0.124032 0
    outer loop
      vertex 69.9754 -86.1965 16
      vertex 68.219 -100.248 0
      vertex 68.219 -100.248 16
    endloop
  endfacet
  facet normal -0.982009 0.188833 0
    outer loop
      vertex 69.9754 -86.1965 0
      vertex 70.0248 -85.9396 16
      vertex 70.0248 -85.9396 0
    endloop
  endfacet
  facet normal -0.982009 0.188833 0
    outer loop
      vertex 70.0248 -85.9396 16
      vertex 69.9754 -86.1965 0
      vertex 69.9754 -86.1965 16
    endloop
  endfacet
  facet normal -0.958775 0.284165 0
    outer loop
      vertex 70.0248 -85.9396 0
      vertex 70.0625 -85.8124 16
      vertex 70.0625 -85.8124 0
    endloop
  endfacet
  facet normal -0.958775 0.284165 0
    outer loop
      vertex 70.0625 -85.8124 16
      vertex 70.0248 -85.9396 0
      vertex 70.0248 -85.9396 16
    endloop
  endfacet
  facet normal -0.948682 0.31623 0
    outer loop
      vertex 70.0625 -85.8124 0
      vertex 73.5442 -75.3674 16
      vertex 73.5442 -75.3674 0
    endloop
  endfacet
  facet normal -0.948682 0.31623 0
    outer loop
      vertex 73.5442 -75.3674 16
      vertex 70.0625 -85.8124 0
      vertex 70.0625 -85.8124 16
    endloop
  endfacet
  facet normal -0.925869 0.377843 0
    outer loop
      vertex 73.5442 -75.3674 0
      vertex 73.643 -75.1253 16
      vertex 73.643 -75.1253 0
    endloop
  endfacet
  facet normal -0.925869 0.377843 0
    outer loop
      vertex 73.643 -75.1253 16
      vertex 73.5442 -75.3674 0
      vertex 73.5442 -75.3674 16
    endloop
  endfacet
  facet normal -0.868784 0.495191 0
    outer loop
      vertex 73.643 -75.1253 0
      vertex 73.7725 -74.8981 16
      vertex 73.7725 -74.8981 0
    endloop
  endfacet
  facet normal -0.868784 0.495191 0
    outer loop
      vertex 73.7725 -74.8981 16
      vertex 73.643 -75.1253 0
      vertex 73.643 -75.1253 16
    endloop
  endfacet
  facet normal -0.796825 0.604211 0
    outer loop
      vertex 73.7725 -74.8981 0
      vertex 73.9306 -74.6896 16
      vertex 73.9306 -74.6896 0
    endloop
  endfacet
  facet normal -0.796825 0.604211 0
    outer loop
      vertex 73.9306 -74.6896 16
      vertex 73.7725 -74.8981 0
      vertex 73.7725 -74.8981 16
    endloop
  endfacet
  facet normal -0.710919 0.703274 0
    outer loop
      vertex 73.9306 -74.6896 0
      vertex 74.1146 -74.5036 16
      vertex 74.1146 -74.5036 0
    endloop
  endfacet
  facet normal -0.710919 0.703274 0
    outer loop
      vertex 74.1146 -74.5036 16
      vertex 73.9306 -74.6896 0
      vertex 73.9306 -74.6896 16
    endloop
  endfacet
  facet normal -0.613252 0.789887 0
    outer loop
      vertex 74.3212 -74.3432 0
      vertex 74.1146 -74.5036 16
      vertex 74.3212 -74.3432 16
    endloop
  endfacet
  facet normal -0.613252 0.789887 0
    outer loop
      vertex 74.1146 -74.5036 16
      vertex 74.3212 -74.3432 0
      vertex 74.1146 -74.5036 0
    endloop
  endfacet
  facet normal -0.504513 0.863404 0
    outer loop
      vertex 74.5471 -74.2112 0
      vertex 74.3212 -74.3432 16
      vertex 74.5471 -74.2112 16
    endloop
  endfacet
  facet normal -0.504513 0.863404 0
    outer loop
      vertex 74.3212 -74.3432 16
      vertex 74.5471 -74.2112 0
      vertex 74.3212 -74.3432 0
    endloop
  endfacet
  facet normal -0.387869 0.921714 0
    outer loop
      vertex 74.7883 -74.1097 0
      vertex 74.5471 -74.2112 16
      vertex 74.7883 -74.1097 16
    endloop
  endfacet
  facet normal -0.387869 0.921714 0
    outer loop
      vertex 74.5471 -74.2112 16
      vertex 74.7883 -74.1097 0
      vertex 74.5471 -74.2112 0
    endloop
  endfacet
  facet normal -0.264152 0.964481 0
    outer loop
      vertex 75.0406 -74.0406 0
      vertex 74.7883 -74.1097 16
      vertex 75.0406 -74.0406 16
    endloop
  endfacet
  facet normal -0.264152 0.964481 0
    outer loop
      vertex 74.7883 -74.1097 16
      vertex 75.0406 -74.0406 0
      vertex 74.7883 -74.1097 0
    endloop
  endfacet
  facet normal -0.13612 0.990692 0
    outer loop
      vertex 75.2997 -74.005 0
      vertex 75.0406 -74.0406 16
      vertex 75.2997 -74.005 16
    endloop
  endfacet
  facet normal -0.13612 0.990692 0
    outer loop
      vertex 75.0406 -74.0406 16
      vertex 75.2997 -74.005 0
      vertex 75.0406 -74.0406 0
    endloop
  endfacet
  facet normal -0.0351895 0.999381 0
    outer loop
      vertex 75.4417 -74 0
      vertex 75.2997 -74.005 16
      vertex 75.4417 -74 16
    endloop
  endfacet
  facet normal -0.0351895 0.999381 0
    outer loop
      vertex 75.2997 -74.005 16
      vertex 75.4417 -74 0
      vertex 75.2997 -74.005 0
    endloop
  endfacet
  facet normal 0 1 -0
    outer loop
      vertex 120.171 -74 0
      vertex 75.4417 -74 16
      vertex 120.171 -74 16
    endloop
  endfacet
  facet normal 0 1 0
    outer loop
      vertex 75.4417 -74 16
      vertex 120.171 -74 0
      vertex 75.4417 -74 0
    endloop
  endfacet
  facet normal 0.0651286 0.997877 -0
    outer loop
      vertex 120.433 -74.0171 0
      vertex 120.171 -74 16
      vertex 120.433 -74.0171 16
    endloop
  endfacet
  facet normal 0.0651286 0.997877 0
    outer loop
      vertex 120.171 -74 16
      vertex 120.433 -74.0171 0
      vertex 120.171 -74 0
    endloop
  endfacet
  facet normal 0.195379 0.980728 -0
    outer loop
      vertex 120.689 -74.0681 0
      vertex 120.433 -74.0171 16
      vertex 120.689 -74.0681 16
    endloop
  endfacet
  facet normal 0.195379 0.980728 0
    outer loop
      vertex 120.433 -74.0171 16
      vertex 120.689 -74.0681 0
      vertex 120.433 -74.0171 0
    endloop
  endfacet
  facet normal 0.321492 0.946912 -0
    outer loop
      vertex 120.937 -74.1523 0
      vertex 120.689 -74.0681 16
      vertex 120.937 -74.1523 16
    endloop
  endfacet
  facet normal 0.321492 0.946912 0
    outer loop
      vertex 120.689 -74.0681 16
      vertex 120.937 -74.1523 0
      vertex 120.689 -74.0681 0
    endloop
  endfacet
  facet normal 0.4414 0.89731 -0
    outer loop
      vertex 121.172 -74.2679 0
      vertex 120.937 -74.1523 16
      vertex 121.172 -74.2679 16
    endloop
  endfacet
  facet normal 0.4414 0.89731 0
    outer loop
      vertex 120.937 -74.1523 16
      vertex 121.172 -74.2679 0
      vertex 120.937 -74.1523 0
    endloop
  endfacet
  facet normal 0.556642 0.830752 -0
    outer loop
      vertex 121.389 -74.4133 0
      vertex 121.172 -74.2679 16
      vertex 121.389 -74.4133 16
    endloop
  endfacet
  facet normal 0.556642 0.830752 0
    outer loop
      vertex 121.172 -74.2679 16
      vertex 121.389 -74.4133 0
      vertex 121.172 -74.2679 0
    endloop
  endfacet
  facet normal 0.658775 0.75234 -0
    outer loop
      vertex 121.586 -74.5858 0
      vertex 121.389 -74.4133 16
      vertex 121.586 -74.5858 16
    endloop
  endfacet
  facet normal 0.658775 0.75234 0
    outer loop
      vertex 121.389 -74.4133 16
      vertex 121.586 -74.5858 0
      vertex 121.389 -74.4133 0
    endloop
  endfacet
  facet normal 0.707038 0.707175 0
    outer loop
      vertex 122.62 -75.6196 16
      vertex 121.586 -74.5858 0
      vertex 121.586 -74.5858 16
    endloop
  endfacet
  facet normal 0.707038 0.707175 0
    outer loop
      vertex 121.586 -74.5858 0
      vertex 122.62 -75.6196 16
      vertex 122.62 -75.6196 0
    endloop
  endfacet
  facet normal 0.660671 0.750676 -0
    outer loop
      vertex 122.816 -75.7921 0
      vertex 122.62 -75.6196 16
      vertex 122.816 -75.7921 16
    endloop
  endfacet
  facet normal 0.660671 0.750676 0
    outer loop
      vertex 122.62 -75.6196 16
      vertex 122.816 -75.7921 0
      vertex 122.62 -75.6196 0
    endloop
  endfacet
  facet normal 0.554612 0.832109 -0
    outer loop
      vertex 123.034 -75.9374 0
      vertex 122.816 -75.7921 16
      vertex 123.034 -75.9374 16
    endloop
  endfacet
  facet normal 0.554612 0.832109 0
    outer loop
      vertex 122.816 -75.7921 16
      vertex 123.034 -75.9374 0
      vertex 122.816 -75.7921 0
    endloop
  endfacet
  facet normal 0.443225 0.89641 -0
    outer loop
      vertex 123.268 -76.0531 0
      vertex 123.034 -75.9374 16
      vertex 123.268 -76.0531 16
    endloop
  endfacet
  facet normal 0.443225 0.89641 0
    outer loop
      vertex 123.034 -75.9374 16
      vertex 123.268 -76.0531 0
      vertex 123.034 -75.9374 0
    endloop
  endfacet
  facet normal 0.32115 0.947028 -0
    outer loop
      vertex 123.516 -76.1372 0
      vertex 123.268 -76.0531 16
      vertex 123.516 -76.1372 16
    endloop
  endfacet
  facet normal 0.32115 0.947028 0
    outer loop
      vertex 123.268 -76.0531 16
      vertex 123.516 -76.1372 0
      vertex 123.268 -76.0531 0
    endloop
  endfacet
  facet normal 0.195015 0.9808 -0
    outer loop
      vertex 123.773 -76.1883 0
      vertex 123.516 -76.1372 16
      vertex 123.773 -76.1883 16
    endloop
  endfacet
  facet normal 0.195015 0.9808 0
    outer loop
      vertex 123.516 -76.1372 16
      vertex 123.773 -76.1883 0
      vertex 123.516 -76.1372 0
    endloop
  endfacet
  facet normal 0.0653771 0.997861 -0
    outer loop
      vertex 124.034 -76.2054 0
      vertex 123.773 -76.1883 16
      vertex 124.034 -76.2054 16
    endloop
  endfacet
  facet normal 0.0653771 0.997861 0
    outer loop
      vertex 123.773 -76.1883 16
      vertex 124.034 -76.2054 0
      vertex 123.773 -76.1883 0
    endloop
  endfacet
  facet normal -0.0653771 0.997861 0
    outer loop
      vertex 124.295 -76.1883 0
      vertex 124.034 -76.2054 16
      vertex 124.295 -76.1883 16
    endloop
  endfacet
  facet normal -0.0653771 0.997861 0
    outer loop
      vertex 124.034 -76.2054 16
      vertex 124.295 -76.1883 0
      vertex 124.034 -76.2054 0
    endloop
  endfacet
  facet normal -0.195748 0.980654 0
    outer loop
      vertex 124.551 -76.1372 0
      vertex 124.295 -76.1883 16
      vertex 124.551 -76.1372 16
    endloop
  endfacet
  facet normal -0.195748 0.980654 0
    outer loop
      vertex 124.295 -76.1883 16
      vertex 124.551 -76.1372 0
      vertex 124.295 -76.1883 0
    endloop
  endfacet
  facet normal -0.32115 0.947028 0
    outer loop
      vertex 124.799 -76.0531 0
      vertex 124.551 -76.1372 16
      vertex 124.799 -76.0531 16
    endloop
  endfacet
  facet normal -0.32115 0.947028 0
    outer loop
      vertex 124.551 -76.1372 16
      vertex 124.799 -76.0531 0
      vertex 124.551 -76.1372 0
    endloop
  endfacet
  facet normal -0.441708 0.897159 0
    outer loop
      vertex 125.034 -75.9374 0
      vertex 124.799 -76.0531 16
      vertex 125.034 -75.9374 16
    endloop
  endfacet
  facet normal -0.441708 0.897159 0
    outer loop
      vertex 124.799 -76.0531 16
      vertex 125.034 -75.9374 0
      vertex 124.799 -76.0531 0
    endloop
  endfacet
  facet normal -0.556378 0.830929 0
    outer loop
      vertex 125.251 -75.7921 0
      vertex 125.034 -75.9374 16
      vertex 125.251 -75.7921 16
    endloop
  endfacet
  facet normal -0.556378 0.830929 0
    outer loop
      vertex 125.034 -75.9374 16
      vertex 125.251 -75.7921 0
      vertex 125.034 -75.9374 0
    endloop
  endfacet
  facet normal -0.658775 0.75234 0
    outer loop
      vertex 125.448 -75.6196 0
      vertex 125.251 -75.7921 16
      vertex 125.448 -75.6196 16
    endloop
  endfacet
  facet normal -0.658775 0.75234 0
    outer loop
      vertex 125.251 -75.7921 16
      vertex 125.448 -75.6196 0
      vertex 125.251 -75.7921 0
    endloop
  endfacet
  facet normal -0.75279 0.658261 0
    outer loop
      vertex 125.448 -75.6196 0
      vertex 125.62 -75.4229 16
      vertex 125.62 -75.4229 0
    endloop
  endfacet
  facet normal -0.75279 0.658261 0
    outer loop
      vertex 125.62 -75.4229 16
      vertex 125.448 -75.6196 0
      vertex 125.448 -75.6196 16
    endloop
  endfacet
  facet normal -0.830284 0.55734 0
    outer loop
      vertex 125.62 -75.4229 0
      vertex 125.766 -75.2054 16
      vertex 125.766 -75.2054 0
    endloop
  endfacet
  facet normal -0.830284 0.55734 0
    outer loop
      vertex 125.766 -75.2054 16
      vertex 125.62 -75.4229 0
      vertex 125.62 -75.4229 16
    endloop
  endfacet
  facet normal -0.89648 0.443084 0
    outer loop
      vertex 125.766 -75.2054 0
      vertex 125.882 -74.9707 16
      vertex 125.882 -74.9707 0
    endloop
  endfacet
  facet normal -0.89648 0.443084 0
    outer loop
      vertex 125.882 -74.9707 16
      vertex 125.766 -75.2054 0
      vertex 125.766 -75.2054 16
    endloop
  endfacet
  facet normal -0.943704 0.330792 0
    outer loop
      vertex 125.882 -74.9707 0
      vertex 125.952 -74.771 16
      vertex 125.952 -74.771 0
    endloop
  endfacet
  facet normal -0.943704 0.330792 0
    outer loop
      vertex 125.952 -74.771 16
      vertex 125.882 -74.9707 0
      vertex 125.882 -74.9707 16
    endloop
  endfacet
  facet normal -0.959169 0.282833 0
    outer loop
      vertex 125.952 -74.771 0
      vertex 147.577 -1.43439 16
      vertex 147.577 -1.43439 0
    endloop
  endfacet
  facet normal -0.959169 0.282833 0
    outer loop
      vertex 147.577 -1.43439 16
      vertex 125.952 -74.771 0
      vertex 125.952 -74.771 16
    endloop
  endfacet
  facet normal -0.938947 0.344063 0
    outer loop
      vertex 147.577 -1.43439 0
      vertex 147.667 -1.18878 16
      vertex 147.667 -1.18878 0
    endloop
  endfacet
  facet normal -0.938947 0.344063 0
    outer loop
      vertex 147.667 -1.18878 16
      vertex 147.577 -1.43439 0
      vertex 147.577 -1.43439 16
    endloop
  endfacet
  facet normal -0.884812 0.465948 0
    outer loop
      vertex 147.667 -1.18878 0
      vertex 147.789 -0.957108 16
      vertex 147.789 -0.957108 0
    endloop
  endfacet
  facet normal -0.884812 0.465948 0
    outer loop
      vertex 147.789 -0.957108 16
      vertex 147.667 -1.18878 0
      vertex 147.667 -1.18878 16
    endloop
  endfacet
  facet normal -0.816886 0.5768 0
    outer loop
      vertex 147.789 -0.957108 0
      vertex 147.94 -0.743256 16
      vertex 147.94 -0.743256 0
    endloop
  endfacet
  facet normal -0.816886 0.5768 0
    outer loop
      vertex 147.94 -0.743256 16
      vertex 147.789 -0.957108 0
      vertex 147.789 -0.957108 16
    endloop
  endfacet
  facet normal -0.735729 0.677276 0
    outer loop
      vertex 147.94 -0.743256 0
      vertex 148.117 -0.55098 16
      vertex 148.117 -0.55098 0
    endloop
  endfacet
  facet normal -0.735729 0.677276 0
    outer loop
      vertex 148.117 -0.55098 16
      vertex 147.94 -0.743256 0
      vertex 147.94 -0.743256 16
    endloop
  endfacet
  facet normal -0.640417 0.768028 0
    outer loop
      vertex 148.318 -0.383377 0
      vertex 148.117 -0.55098 16
      vertex 148.318 -0.383377 16
    endloop
  endfacet
  facet normal -0.640417 0.768028 0
    outer loop
      vertex 148.117 -0.55098 16
      vertex 148.318 -0.383377 0
      vertex 148.117 -0.55098 0
    endloop
  endfacet
  facet normal -0.534641 0.845079 0
    outer loop
      vertex 148.539 -0.243561 0
      vertex 148.318 -0.383377 16
      vertex 148.539 -0.243561 16
    endloop
  endfacet
  facet normal -0.534641 0.845079 0
    outer loop
      vertex 148.318 -0.383377 16
      vertex 148.539 -0.243561 0
      vertex 148.318 -0.383377 0
    endloop
  endfacet
  facet normal -0.420425 0.907327 0
    outer loop
      vertex 148.776 -0.133743 0
      vertex 148.539 -0.243561 16
      vertex 148.776 -0.133743 16
    endloop
  endfacet
  facet normal -0.420425 0.907327 0
    outer loop
      vertex 148.539 -0.243561 16
      vertex 148.776 -0.133743 0
      vertex 148.539 -0.243561 0
    endloop
  endfacet
  facet normal -0.297584 0.954696 0
    outer loop
      vertex 149.026 -0.0558167 0
      vertex 148.776 -0.133743 16
      vertex 149.026 -0.0558167 16
    endloop
  endfacet
  facet normal -0.297584 0.954696 0
    outer loop
      vertex 148.776 -0.133743 16
      vertex 149.026 -0.0558167 0
      vertex 148.776 -0.133743 0
    endloop
  endfacet
  facet normal -0.170347 0.985384 0
    outer loop
      vertex 149.284 -0.0112152 0
      vertex 149.026 -0.0558167 16
      vertex 149.284 -0.0112152 16
    endloop
  endfacet
  facet normal -0.170347 0.985384 0
    outer loop
      vertex 149.026 -0.0558167 16
      vertex 149.284 -0.0112152 0
      vertex 149.026 -0.0558167 0
    endloop
  endfacet
  facet normal -0.0530777 0.99859 0
    outer loop
      vertex 149.495 0 0
      vertex 149.284 -0.0112152 16
      vertex 149.495 0 16
    endloop
  endfacet
  facet normal -0.0530777 0.99859 0
    outer loop
      vertex 149.284 -0.0112152 16
      vertex 149.495 0 0
      vertex 149.284 -0.0112152 0
    endloop
  endfacet
  facet normal 0 1 0
    outer loop
      vertex 201.601 0 16
      vertex 175.47 0 15.5432
      vertex 175.5 0 16
    endloop
  endfacet
  facet normal 0 1 0
    outer loop
      vertex 201.601 0 16
      vertex 175.381 0 15.0941
      vertex 175.47 0 15.5432
    endloop
  endfacet
  facet normal 0 1 0
    outer loop
      vertex 201.601 0 16
      vertex 175.234 0 14.6606
      vertex 175.381 0 15.0941
    endloop
  endfacet
  facet normal 0 1 -0
    outer loop
      vertex 201.601 0 0
      vertex 175.234 0 14.6606
      vertex 201.601 0 16
    endloop
  endfacet
  facet normal 0 1 0
    outer loop
      vertex 175.234 0 14.6606
      vertex 201.601 0 0
      vertex 175.031 0 14.25
    endloop
  endfacet
  facet normal 0 1 0
    outer loop
      vertex 175.031 0 14.25
      vertex 201.601 0 0
      vertex 174.777 0 13.8693
    endloop
  endfacet
  facet normal 0 1 0
    outer loop
      vertex 174.777 0 13.8693
      vertex 201.601 0 0
      vertex 174.475 0 13.5251
    endloop
  endfacet
  facet normal 0 1 0
    outer loop
      vertex 174.475 0 13.5251
      vertex 201.601 0 0
      vertex 174.131 0 13.2233
    endloop
  endfacet
  facet normal 0 1 0
    outer loop
      vertex 174.131 0 13.2233
      vertex 201.601 0 0
      vertex 173.75 0 12.9689
    endloop
  endfacet
  facet normal 0 1 0
    outer loop
      vertex 173.75 0 12.9689
      vertex 201.601 0 0
      vertex 173.339 0 12.7664
    endloop
  endfacet
  facet normal 0 1 0
    outer loop
      vertex 173.339 0 12.7664
      vertex 201.601 0 0
      vertex 172.906 0 12.6193
    endloop
  endfacet
  facet normal 0 1 0
    outer loop
      vertex 149.495 0 0
      vertex 172.457 0 12.5299
      vertex 201.601 0 0
    endloop
  endfacet
  facet normal 0 1 0
    outer loop
      vertex 172.906 0 12.6193
      vertex 201.601 0 0
      vertex 172.457 0 12.5299
    endloop
  endfacet
  facet normal 0 1 0
    outer loop
      vertex 168.53 0 15.5432
      vertex 149.495 0 16
      vertex 168.5 0 16
    endloop
  endfacet
  facet normal 0 1 0
    outer loop
      vertex 168.619 0 15.0941
      vertex 149.495 0 16
      vertex 168.53 0 15.5432
    endloop
  endfacet
  facet normal 0 1 0
    outer loop
      vertex 168.766 0 14.6606
      vertex 149.495 0 16
      vertex 168.619 0 15.0941
    endloop
  endfacet
  facet normal 0 1 0
    outer loop
      vertex 168.969 0 14.25
      vertex 149.495 0 16
      vertex 168.766 0 14.6606
    endloop
  endfacet
  facet normal 0 1 0
    outer loop
      vertex 149.495 0 0
      vertex 168.969 0 14.25
      vertex 169.223 0 13.8693
    endloop
  endfacet
  facet normal 0 1 0
    outer loop
      vertex 149.495 0 0
      vertex 169.223 0 13.8693
      vertex 169.525 0 13.5251
    endloop
  endfacet
  facet normal 0 1 0
    outer loop
      vertex 149.495 0 0
      vertex 169.525 0 13.5251
      vertex 169.869 0 13.2233
    endloop
  endfacet
  facet normal 0 1 0
    outer loop
      vertex 149.495 0 0
      vertex 169.869 0 13.2233
      vertex 170.25 0 12.9689
    endloop
  endfacet
  facet normal 0 1 0
    outer loop
      vertex 149.495 0 0
      vertex 170.25 0 12.9689
      vertex 170.661 0 12.7664
    endloop
  endfacet
  facet normal 0 1 0
    outer loop
      vertex 149.495 0 0
      vertex 170.661 0 12.7664
      vertex 171.094 0 12.6193
    endloop
  endfacet
  facet normal 0 1 0
    outer loop
      vertex 149.495 0 0
      vertex 171.094 0 12.6193
      vertex 171.543 0 12.5299
    endloop
  endfacet
  facet normal 0 1 0
    outer loop
      vertex 172.457 0 12.5299
      vertex 149.495 0 0
      vertex 172 0 12.5
    endloop
  endfacet
  facet normal 0 1 0
    outer loop
      vertex 172 0 12.5
      vertex 149.495 0 0
      vertex 171.543 0 12.5299
    endloop
  endfacet
  facet normal 0 1 0
    outer loop
      vertex 168.969 0 14.25
      vertex 149.495 0 0
      vertex 149.495 0 16
    endloop
  endfacet
  facet normal 0.0651479 0.997876 -0
    outer loop
      vertex 201.863 -0.0171051 0
      vertex 201.601 0 16
      vertex 201.863 -0.0171051 16
    endloop
  endfacet
  facet normal 0.0651479 0.997876 0
    outer loop
      vertex 201.601 0 16
      vertex 201.863 -0.0171051 0
      vertex 201.601 0 0
    endloop
  endfacet
  facet normal 0.0654873 -0.997853 0
    outer loop
      vertex 84.6084 -79.0257 0
      vertex 85 -79 16
      vertex 84.6084 -79.0257 16
    endloop
  endfacet
  facet normal 0.0654873 -0.997853 0
    outer loop
      vertex 85 -79 16
      vertex 84.6084 -79.0257 0
      vertex 85 -79 0
    endloop
  endfacet
  facet normal 0.19494 -0.980815 0
    outer loop
      vertex 84.2235 -79.1022 0
      vertex 84.6084 -79.0257 16
      vertex 84.2235 -79.1022 16
    endloop
  endfacet
  facet normal 0.19494 -0.980815 0
    outer loop
      vertex 84.6084 -79.0257 16
      vertex 84.2235 -79.1022 0
      vertex 84.6084 -79.0257 0
    endloop
  endfacet
  facet normal 0.321574 -0.946885 0
    outer loop
      vertex 83.8519 -79.2284 0
      vertex 84.2235 -79.1022 16
      vertex 83.8519 -79.2284 16
    endloop
  endfacet
  facet normal 0.321574 -0.946885 0
    outer loop
      vertex 84.2235 -79.1022 16
      vertex 83.8519 -79.2284 0
      vertex 84.2235 -79.1022 0
    endloop
  endfacet
  facet normal 0.442211 -0.896911 0
    outer loop
      vertex 83.5 -79.4019 0
      vertex 83.8519 -79.2284 16
      vertex 83.5 -79.4019 16
    endloop
  endfacet
  facet normal 0.442211 -0.896911 0
    outer loop
      vertex 83.8519 -79.2284 16
      vertex 83.5 -79.4019 0
      vertex 83.8519 -79.2284 0
    endloop
  endfacet
  facet normal 0.555523 -0.831501 0
    outer loop
      vertex 83.1737 -79.6199 0
      vertex 83.5 -79.4019 16
      vertex 83.1737 -79.6199 16
    endloop
  endfacet
  facet normal 0.555523 -0.831501 0
    outer loop
      vertex 83.5 -79.4019 16
      vertex 83.1737 -79.6199 0
      vertex 83.5 -79.4019 0
    endloop
  endfacet
  facet normal 0.659478 -0.751724 0
    outer loop
      vertex 82.8787 -79.8787 0
      vertex 83.1737 -79.6199 16
      vertex 82.8787 -79.8787 16
    endloop
  endfacet
  facet normal 0.659478 -0.751724 0
    outer loop
      vertex 83.1737 -79.6199 16
      vertex 82.8787 -79.8787 0
      vertex 83.1737 -79.6199 0
    endloop
  endfacet
  facet normal 0.751724 -0.659478 0
    outer loop
      vertex 82.6199 -80.1737 16
      vertex 82.8787 -79.8787 0
      vertex 82.8787 -79.8787 16
    endloop
  endfacet
  facet normal 0.751724 -0.659478 0
    outer loop
      vertex 82.8787 -79.8787 0
      vertex 82.6199 -80.1737 16
      vertex 82.6199 -80.1737 0
    endloop
  endfacet
  facet normal 0.831501 -0.555523 0
    outer loop
      vertex 82.4019 -80.5 16
      vertex 82.6199 -80.1737 0
      vertex 82.6199 -80.1737 16
    endloop
  endfacet
  facet normal 0.831501 -0.555523 0
    outer loop
      vertex 82.6199 -80.1737 0
      vertex 82.4019 -80.5 16
      vertex 82.4019 -80.5 0
    endloop
  endfacet
  facet normal 0.896911 -0.442211 0
    outer loop
      vertex 82.2284 -80.8519 16
      vertex 82.4019 -80.5 0
      vertex 82.4019 -80.5 16
    endloop
  endfacet
  facet normal 0.896911 -0.442211 0
    outer loop
      vertex 82.4019 -80.5 0
      vertex 82.2284 -80.8519 16
      vertex 82.2284 -80.8519 0
    endloop
  endfacet
  facet normal 0.946885 -0.321574 0
    outer loop
      vertex 82.1022 -81.2235 16
      vertex 82.2284 -80.8519 0
      vertex 82.2284 -80.8519 16
    endloop
  endfacet
  facet normal 0.946885 -0.321574 0
    outer loop
      vertex 82.2284 -80.8519 0
      vertex 82.1022 -81.2235 16
      vertex 82.1022 -81.2235 0
    endloop
  endfacet
  facet normal 0.980815 -0.19494 0
    outer loop
      vertex 82.0257 -81.6084 16
      vertex 82.1022 -81.2235 0
      vertex 82.1022 -81.2235 16
    endloop
  endfacet
  facet normal 0.980815 -0.19494 0
    outer loop
      vertex 82.1022 -81.2235 0
      vertex 82.0257 -81.6084 16
      vertex 82.0257 -81.6084 0
    endloop
  endfacet
  facet normal 0.997853 -0.0654873 0
    outer loop
      vertex 82 -82 16
      vertex 82.0257 -81.6084 0
      vertex 82.0257 -81.6084 16
    endloop
  endfacet
  facet normal 0.997853 -0.0654873 0
    outer loop
      vertex 82.0257 -81.6084 0
      vertex 82 -82 16
      vertex 82 -82 0
    endloop
  endfacet
  facet normal 1 -0 0
    outer loop
      vertex 82 -96 16
      vertex 82 -82 0
      vertex 82 -82 16
    endloop
  endfacet
  facet normal 1 0 0
    outer loop
      vertex 82 -82 0
      vertex 82 -96 16
      vertex 82 -96 0
    endloop
  endfacet
  facet normal 0.997853 0.0654873 0
    outer loop
      vertex 82.0257 -96.3916 16
      vertex 82 -96 0
      vertex 82 -96 16
    endloop
  endfacet
  facet normal 0.997853 0.0654873 0
    outer loop
      vertex 82 -96 0
      vertex 82.0257 -96.3916 16
      vertex 82.0257 -96.3916 0
    endloop
  endfacet
  facet normal 0.980815 0.19494 0
    outer loop
      vertex 82.1022 -96.7765 16
      vertex 82.0257 -96.3916 0
      vertex 82.0257 -96.3916 16
    endloop
  endfacet
  facet normal 0.980815 0.19494 0
    outer loop
      vertex 82.0257 -96.3916 0
      vertex 82.1022 -96.7765 16
      vertex 82.1022 -96.7765 0
    endloop
  endfacet
  facet normal 0.946885 0.321574 0
    outer loop
      vertex 82.2284 -97.1481 16
      vertex 82.1022 -96.7765 0
      vertex 82.1022 -96.7765 16
    endloop
  endfacet
  facet normal 0.946885 0.321574 0
    outer loop
      vertex 82.1022 -96.7765 0
      vertex 82.2284 -97.1481 16
      vertex 82.2284 -97.1481 0
    endloop
  endfacet
  facet normal 0.896911 0.442211 0
    outer loop
      vertex 82.4019 -97.5 16
      vertex 82.2284 -97.1481 0
      vertex 82.2284 -97.1481 16
    endloop
  endfacet
  facet normal 0.896911 0.442211 0
    outer loop
      vertex 82.2284 -97.1481 0
      vertex 82.4019 -97.5 16
      vertex 82.4019 -97.5 0
    endloop
  endfacet
  facet normal 0.831501 0.555523 0
    outer loop
      vertex 82.6199 -97.8263 16
      vertex 82.4019 -97.5 0
      vertex 82.4019 -97.5 16
    endloop
  endfacet
  facet normal 0.831501 0.555523 0
    outer loop
      vertex 82.4019 -97.5 0
      vertex 82.6199 -97.8263 16
      vertex 82.6199 -97.8263 0
    endloop
  endfacet
  facet normal 0.751724 0.659478 0
    outer loop
      vertex 82.8787 -98.1213 16
      vertex 82.6199 -97.8263 0
      vertex 82.6199 -97.8263 16
    endloop
  endfacet
  facet normal 0.751724 0.659478 0
    outer loop
      vertex 82.6199 -97.8263 0
      vertex 82.8787 -98.1213 16
      vertex 82.8787 -98.1213 0
    endloop
  endfacet
  facet normal 0.659478 0.751724 -0
    outer loop
      vertex 83.1737 -98.3801 0
      vertex 82.8787 -98.1213 16
      vertex 83.1737 -98.3801 16
    endloop
  endfacet
  facet normal 0.659478 0.751724 0
    outer loop
      vertex 82.8787 -98.1213 16
      vertex 83.1737 -98.3801 0
      vertex 82.8787 -98.1213 0
    endloop
  endfacet
  facet normal 0.555523 0.831501 -0
    outer loop
      vertex 83.5 -98.5981 0
      vertex 83.1737 -98.3801 16
      vertex 83.5 -98.5981 16
    endloop
  endfacet
  facet normal 0.555523 0.831501 0
    outer loop
      vertex 83.1737 -98.3801 16
      vertex 83.5 -98.5981 0
      vertex 83.1737 -98.3801 0
    endloop
  endfacet
  facet normal 0.442211 0.896911 -0
    outer loop
      vertex 83.8519 -98.7716 0
      vertex 83.5 -98.5981 16
      vertex 83.8519 -98.7716 16
    endloop
  endfacet
  facet normal 0.442211 0.896911 0
    outer loop
      vertex 83.5 -98.5981 16
      vertex 83.8519 -98.7716 0
      vertex 83.5 -98.5981 0
    endloop
  endfacet
  facet normal 0.321574 0.946885 -0
    outer loop
      vertex 84.2235 -98.8978 0
      vertex 83.8519 -98.7716 16
      vertex 84.2235 -98.8978 16
    endloop
  endfacet
  facet normal 0.321574 0.946885 0
    outer loop
      vertex 83.8519 -98.7716 16
      vertex 84.2235 -98.8978 0
      vertex 83.8519 -98.7716 0
    endloop
  endfacet
  facet normal 0.19494 0.980815 -0
    outer loop
      vertex 84.6084 -98.9743 0
      vertex 84.2235 -98.8978 16
      vertex 84.6084 -98.9743 16
    endloop
  endfacet
  facet normal 0.19494 0.980815 0
    outer loop
      vertex 84.2235 -98.8978 16
      vertex 84.6084 -98.9743 0
      vertex 84.2235 -98.8978 0
    endloop
  endfacet
  facet normal 0.0654873 0.997853 -0
    outer loop
      vertex 85 -99 0
      vertex 84.6084 -98.9743 16
      vertex 85 -99 16
    endloop
  endfacet
  facet normal 0.0654873 0.997853 0
    outer loop
      vertex 84.6084 -98.9743 16
      vertex 85 -99 0
      vertex 84.6084 -98.9743 0
    endloop
  endfacet
  facet normal 0 1 -0
    outer loop
      vertex 113.768 -99 0
      vertex 85 -99 16
      vertex 113.768 -99 16
    endloop
  endfacet
  facet normal 0 1 0
    outer loop
      vertex 85 -99 16
      vertex 113.768 -99 0
      vertex 85 -99 0
    endloop
  endfacet
  facet normal -0.0507596 0.998711 0
    outer loop
      vertex 114.071 -98.9846 0
      vertex 113.768 -99 16
      vertex 114.071 -98.9846 16
    endloop
  endfacet
  facet normal -0.0507596 0.998711 0
    outer loop
      vertex 113.768 -99 16
      vertex 114.071 -98.9846 0
      vertex 113.768 -99 0
    endloop
  endfacet
  facet normal -0.165886 0.986145 0
    outer loop
      vertex 114.458 -98.9195 0
      vertex 114.071 -98.9846 16
      vertex 114.458 -98.9195 16
    endloop
  endfacet
  facet normal -0.165886 0.986145 0
    outer loop
      vertex 114.071 -98.9846 16
      vertex 114.458 -98.9195 0
      vertex 114.071 -98.9846 0
    endloop
  endfacet
  facet normal -0.29319 0.956054 0
    outer loop
      vertex 114.833 -98.8045 0
      vertex 114.458 -98.9195 16
      vertex 114.833 -98.8045 16
    endloop
  endfacet
  facet normal -0.29319 0.956054 0
    outer loop
      vertex 114.458 -98.9195 16
      vertex 114.833 -98.8045 0
      vertex 114.458 -98.9195 0
    endloop
  endfacet
  facet normal -0.415549 0.909571 0
    outer loop
      vertex 115.19 -98.6414 0
      vertex 114.833 -98.8045 16
      vertex 115.19 -98.6414 16
    endloop
  endfacet
  facet normal -0.415549 0.909571 0
    outer loop
      vertex 114.833 -98.8045 16
      vertex 115.19 -98.6414 0
      vertex 114.833 -98.8045 0
    endloop
  endfacet
  facet normal -0.530136 0.847912 0
    outer loop
      vertex 115.523 -98.4332 0
      vertex 115.19 -98.6414 16
      vertex 115.523 -98.4332 16
    endloop
  endfacet
  facet normal -0.530136 0.847912 0
    outer loop
      vertex 115.19 -98.6414 16
      vertex 115.523 -98.4332 0
      vertex 115.19 -98.6414 0
    endloop
  endfacet
  facet normal -0.637521 0.770433 0
    outer loop
      vertex 115.825 -98.1833 0
      vertex 115.523 -98.4332 16
      vertex 115.825 -98.1833 16
    endloop
  endfacet
  facet normal -0.637521 0.770433 0
    outer loop
      vertex 115.523 -98.4332 16
      vertex 115.825 -98.1833 0
      vertex 115.523 -98.4332 0
    endloop
  endfacet
  facet normal -0.731123 0.682246 0
    outer loop
      vertex 115.825 -98.1833 0
      vertex 116.093 -97.8961 16
      vertex 116.093 -97.8961 0
    endloop
  endfacet
  facet normal -0.731123 0.682246 0
    outer loop
      vertex 116.093 -97.8961 16
      vertex 115.825 -98.1833 0
      vertex 115.825 -98.1833 16
    endloop
  endfacet
  facet normal -0.815367 0.578944 0
    outer loop
      vertex 116.093 -97.8961 0
      vertex 116.32 -97.5764 16
      vertex 116.32 -97.5764 0
    endloop
  endfacet
  facet normal -0.815367 0.578944 0
    outer loop
      vertex 116.32 -97.5764 16
      vertex 116.093 -97.8961 0
      vertex 116.093 -97.8961 16
    endloop
  endfacet
  facet normal -0.88331 0.468789 0
    outer loop
      vertex 116.32 -97.5764 0
      vertex 116.504 -97.2297 16
      vertex 116.504 -97.2297 0
    endloop
  endfacet
  facet normal -0.88331 0.468789 0
    outer loop
      vertex 116.504 -97.2297 16
      vertex 116.32 -97.5764 0
      vertex 116.32 -97.5764 16
    endloop
  endfacet
  facet normal -0.937071 0.34914 0
    outer loop
      vertex 116.504 -97.2297 0
      vertex 116.641 -96.862 16
      vertex 116.641 -96.862 0
    endloop
  endfacet
  facet normal -0.937071 0.34914 0
    outer loop
      vertex 116.641 -96.862 16
      vertex 116.504 -97.2297 0
      vertex 116.504 -97.2297 16
    endloop
  endfacet
  facet normal -0.957855 0.287254 0
    outer loop
      vertex 120.841 -82.862 0
      vertex 119.862 -86.1265 13
      vertex 120.841 -82.862 16
    endloop
  endfacet
  facet normal -0.957831 0.287333 2.16025e-05
    outer loop
      vertex 120.841 -82.862 0
      vertex 118.138 -91.8735 13
      vertex 119.862 -86.1265 13
    endloop
  endfacet
  facet normal -0.957826 0.287348 3.31555e-05
    outer loop
      vertex 116.641 -96.862 0
      vertex 118.138 -91.8735 13
      vertex 120.841 -82.862 0
    endloop
  endfacet
  facet normal -0.957803 0.287427 0
    outer loop
      vertex 116.641 -96.862 16
      vertex 118.138 -91.8735 13
      vertex 116.641 -96.862 0
    endloop
  endfacet
  facet normal -0.957803 0.287427 0
    outer loop
      vertex 118.138 -91.8735 13
      vertex 116.641 -96.862 16
      vertex 118.138 -91.8735 16
    endloop
  endfacet
  facet normal -0.957855 0.287254 0
    outer loop
      vertex 120.841 -82.862 16
      vertex 119.862 -86.1265 13
      vertex 119.862 -86.1265 16
    endloop
  endfacet
  facet normal -0.977717 0.209927 0
    outer loop
      vertex 120.841 -82.862 0
      vertex 120.942 -82.3916 16
      vertex 120.942 -82.3916 0
    endloop
  endfacet
  facet normal -0.977717 0.209927 0
    outer loop
      vertex 120.942 -82.3916 16
      vertex 120.841 -82.862 0
      vertex 120.841 -82.862 16
    endloop
  endfacet
  facet normal -0.997803 0.0662484 0
    outer loop
      vertex 120.942 -82.3916 0
      vertex 120.968 -82 16
      vertex 120.968 -82 0
    endloop
  endfacet
  facet normal -0.997803 0.0662484 0
    outer loop
      vertex 120.968 -82 16
      vertex 120.942 -82.3916 0
      vertex 120.942 -82.3916 16
    endloop
  endfacet
  facet normal -0.997803 -0.0662484 0
    outer loop
      vertex 120.968 -82 0
      vertex 120.942 -81.6084 16
      vertex 120.942 -81.6084 0
    endloop
  endfacet
  facet normal -0.997803 -0.0662484 0
    outer loop
      vertex 120.942 -81.6084 16
      vertex 120.968 -82 0
      vertex 120.968 -82 16
    endloop
  endfacet
  facet normal -0.981058 -0.193714 0
    outer loop
      vertex 120.942 -81.6084 0
      vertex 120.866 -81.2235 16
      vertex 120.866 -81.2235 0
    endloop
  endfacet
  facet normal -0.981058 -0.193714 0
    outer loop
      vertex 120.866 -81.2235 16
      vertex 120.942 -81.6084 0
      vertex 120.942 -81.6084 16
    endloop
  endfacet
  facet normal -0.94704 -0.321117 0
    outer loop
      vertex 120.866 -81.2235 0
      vertex 120.74 -80.8519 16
      vertex 120.74 -80.8519 0
    endloop
  endfacet
  facet normal -0.94704 -0.321117 0
    outer loop
      vertex 120.74 -80.8519 16
      vertex 120.866 -81.2235 0
      vertex 120.866 -81.2235 16
    endloop
  endfacet
  facet normal -0.896405 -0.443235 0
    outer loop
      vertex 120.74 -80.8519 0
      vertex 120.566 -80.5 16
      vertex 120.566 -80.5 0
    endloop
  endfacet
  facet normal -0.896405 -0.443235 0
    outer loop
      vertex 120.566 -80.5 16
      vertex 120.74 -80.8519 0
      vertex 120.74 -80.8519 16
    endloop
  endfacet
  facet normal -0.831501 -0.555523 0
    outer loop
      vertex 120.566 -80.5 0
      vertex 120.348 -80.1737 16
      vertex 120.348 -80.1737 0
    endloop
  endfacet
  facet normal -0.831501 -0.555523 0
    outer loop
      vertex 120.348 -80.1737 16
      vertex 120.566 -80.5 0
      vertex 120.566 -80.5 16
    endloop
  endfacet
  facet normal -0.751471 -0.659766 0
    outer loop
      vertex 120.348 -80.1737 0
      vertex 120.089 -79.8787 16
      vertex 120.089 -79.8787 0
    endloop
  endfacet
  facet normal -0.751471 -0.659766 0
    outer loop
      vertex 120.089 -79.8787 16
      vertex 120.348 -80.1737 0
      vertex 120.348 -80.1737 16
    endloop
  endfacet
  facet normal -0.659478 -0.751724 0
    outer loop
      vertex 119.794 -79.6199 0
      vertex 120.089 -79.8787 16
      vertex 119.794 -79.6199 16
    endloop
  endfacet
  facet normal -0.659478 -0.751724 -0
    outer loop
      vertex 120.089 -79.8787 16
      vertex 119.794 -79.6199 0
      vertex 120.089 -79.8787 0
    endloop
  endfacet
  facet normal -0.555877 -0.831265 0
    outer loop
      vertex 119.468 -79.4019 0
      vertex 119.794 -79.6199 16
      vertex 119.468 -79.4019 16
    endloop
  endfacet
  facet normal -0.555877 -0.831265 -0
    outer loop
      vertex 119.794 -79.6199 16
      vertex 119.468 -79.4019 0
      vertex 119.794 -79.6199 0
    endloop
  endfacet
  facet normal -0.44211 -0.896961 0
    outer loop
      vertex 119.116 -79.2284 0
      vertex 119.468 -79.4019 16
      vertex 119.116 -79.2284 16
    endloop
  endfacet
  facet normal -0.44211 -0.896961 -0
    outer loop
      vertex 119.468 -79.4019 16
      vertex 119.116 -79.2284 0
      vertex 119.468 -79.4019 0
    endloop
  endfacet
  facet normal -0.321264 -0.94699 0
    outer loop
      vertex 118.744 -79.1022 0
      vertex 119.116 -79.2284 16
      vertex 118.744 -79.1022 16
    endloop
  endfacet
  facet normal -0.321264 -0.94699 -0
    outer loop
      vertex 119.116 -79.2284 16
      vertex 118.744 -79.1022 0
      vertex 119.116 -79.2284 0
    endloop
  endfacet
  facet normal -0.194891 -0.980825 0
    outer loop
      vertex 118.359 -79.0257 0
      vertex 118.744 -79.1022 16
      vertex 118.359 -79.0257 16
    endloop
  endfacet
  facet normal -0.194891 -0.980825 -0
    outer loop
      vertex 118.744 -79.1022 16
      vertex 118.359 -79.0257 0
      vertex 118.744 -79.1022 0
    endloop
  endfacet
  facet normal -0.0655874 -0.997847 0
    outer loop
      vertex 117.968 -79 0
      vertex 118.359 -79.0257 16
      vertex 117.968 -79 16
    endloop
  endfacet
  facet normal -0.0655874 -0.997847 -0
    outer loop
      vertex 118.359 -79.0257 16
      vertex 117.968 -79 0
      vertex 118.359 -79.0257 0
    endloop
  endfacet
  facet normal 0 -1 0
    outer loop
      vertex 85 -79 0
      vertex 117.968 -79 16
      vertex 85 -79 16
    endloop
  endfacet
  facet normal 0 -1 -0
    outer loop
      vertex 117.968 -79 16
      vertex 85 -79 0
      vertex 117.968 -79 0
    endloop
  endfacet
  facet normal 0 0 1
    outer loop
      vertex 72.4551 -86.5404 2.5
      vertex 79.5 -81.9182 2.5
      vertex 74.9686 -79 2.5
    endloop
  endfacet
  facet normal 0 0 1
    outer loop
      vertex 79.5417 -81.2814 2.5
      vertex 74.9686 -79 2.5
      vertex 79.5 -81.9182 2.5
    endloop
  endfacet
  facet normal 0 0 1
    outer loop
      vertex 79.6822 -80.5751 2.5
      vertex 74.9686 -79 2.5
      vertex 79.5417 -81.2814 2.5
    endloop
  endfacet
  facet normal 0 0 1
    outer loop
      vertex 79.9137 -79.8932 2.5
      vertex 74.9686 -79 2.5
      vertex 79.6822 -80.5751 2.5
    endloop
  endfacet
  facet normal 0 0 1
    outer loop
      vertex 80.2322 -79.2473 2.5
      vertex 74.9686 -79 2.5
      vertex 79.9137 -79.8932 2.5
    endloop
  endfacet
  facet normal -0 0 1
    outer loop
      vertex 74.9686 -79 2.5
      vertex 80.2322 -79.2473 2.5
      vertex 80.3975 -79 2.5
    endloop
  endfacet
  facet normal 0 0 1
    outer loop
      vertex 66.3163 -104.5 2.5
      vertex 27.9658 -109.478 2.5
      vertex 28 -110 2.5
    endloop
  endfacet
  facet normal 0 0 1
    outer loop
      vertex 66.3163 -104.5 2.5
      vertex 27.8637 -108.965 2.5
      vertex 27.9658 -109.478 2.5
    endloop
  endfacet
  facet normal 0 0 1
    outer loop
      vertex 66.3163 -104.5 2.5
      vertex 27.6955 -108.469 2.5
      vertex 27.8637 -108.965 2.5
    endloop
  endfacet
  facet normal 0 0 1
    outer loop
      vertex 66.3163 -104.5 2.5
      vertex 27.4641 -108 2.5
      vertex 27.6955 -108.469 2.5
    endloop
  endfacet
  facet normal 0 0 1
    outer loop
      vertex 66.3163 -104.5 2.5
      vertex 27.1734 -107.565 2.5
      vertex 27.4641 -108 2.5
    endloop
  endfacet
  facet normal 0 0 1
    outer loop
      vertex 66.3163 -104.5 2.5
      vertex 26.8284 -107.172 2.5
      vertex 27.1734 -107.565 2.5
    endloop
  endfacet
  facet normal 0 0 1
    outer loop
      vertex 66.3163 -104.5 2.5
      vertex 26.435 -106.827 2.5
      vertex 26.8284 -107.172 2.5
    endloop
  endfacet
  facet normal 0 0 1
    outer loop
      vertex 66.3163 -104.5 2.5
      vertex 26 -106.536 2.5
      vertex 26.435 -106.827 2.5
    endloop
  endfacet
  facet normal 0 0 1
    outer loop
      vertex 66.3163 -104.5 2.5
      vertex 25.5307 -106.304 2.5
      vertex 26 -106.536 2.5
    endloop
  endfacet
  facet normal 0 0 1
    outer loop
      vertex 66.3163 -104.5 2.5
      vertex 25.0353 -106.136 2.5
      vertex 25.5307 -106.304 2.5
    endloop
  endfacet
  facet normal 0 0 1
    outer loop
      vertex 66.3163 -104.5 2.5
      vertex 24.5221 -106.034 2.5
      vertex 25.0353 -106.136 2.5
    endloop
  endfacet
  facet normal 0 0 1
    outer loop
      vertex 66.3163 -104.5 2.5
      vertex 24 -106 2.5
      vertex 24.5221 -106.034 2.5
    endloop
  endfacet
  facet normal 0 0 1
    outer loop
      vertex 20.0342 -109.478 2.5
      vertex 4.25 -104.5 2.5
      vertex 20 -110 2.5
    endloop
  endfacet
  facet normal 0 0 1
    outer loop
      vertex 20.1363 -108.965 2.5
      vertex 4.25 -104.5 2.5
      vertex 20.0342 -109.478 2.5
    endloop
  endfacet
  facet normal 0 0 1
    outer loop
      vertex 20.3045 -108.469 2.5
      vertex 4.25 -104.5 2.5
      vertex 20.1363 -108.965 2.5
    endloop
  endfacet
  facet normal 0 0 1
    outer loop
      vertex 20.5359 -108 2.5
      vertex 4.25 -104.5 2.5
      vertex 20.3045 -108.469 2.5
    endloop
  endfacet
  facet normal 0 0 1
    outer loop
      vertex 20.8266 -107.565 2.5
      vertex 4.25 -104.5 2.5
      vertex 20.5359 -108 2.5
    endloop
  endfacet
  facet normal 0 0 1
    outer loop
      vertex 21.1716 -107.172 2.5
      vertex 4.25 -104.5 2.5
      vertex 20.8266 -107.565 2.5
    endloop
  endfacet
  facet normal 0 0 1
    outer loop
      vertex 21.565 -106.827 2.5
      vertex 4.25 -104.5 2.5
      vertex 21.1716 -107.172 2.5
    endloop
  endfacet
  facet normal 0 0 1
    outer loop
      vertex 22 -106.536 2.5
      vertex 4.25 -104.5 2.5
      vertex 21.565 -106.827 2.5
    endloop
  endfacet
  facet normal 0 0 1
    outer loop
      vertex 22.4693 -106.304 2.5
      vertex 4.25 -104.5 2.5
      vertex 22 -106.536 2.5
    endloop
  endfacet
  facet normal 0 0 1
    outer loop
      vertex 22.9647 -106.136 2.5
      vertex 4.25 -104.5 2.5
      vertex 22.4693 -106.304 2.5
    endloop
  endfacet
  facet normal 0 0 1
    outer loop
      vertex 23.4779 -106.034 2.5
      vertex 4.25 -104.5 2.5
      vertex 22.9647 -106.136 2.5
    endloop
  endfacet
  facet normal 0 0 1
    outer loop
      vertex 24 -106 2.5
      vertex 4.25 -104.5 2.5
      vertex 23.4779 -106.034 2.5
    endloop
  endfacet
  facet normal -0 0 1
    outer loop
      vertex 4.25 -104.5 2.5
      vertex 24 -106 2.5
      vertex 66.3163 -104.5 2.5
    endloop
  endfacet
  facet normal 0 0 1
    outer loop
      vertex 117.544 -100.007 2.5
      vertex 113.966 -109.478 2.5
      vertex 114 -110 2.5
    endloop
  endfacet
  facet normal 0 0 1
    outer loop
      vertex 115.035 -101.358 2.5
      vertex 113.864 -108.965 2.5
      vertex 113.966 -109.478 2.5
    endloop
  endfacet
  facet normal 0 0 1
    outer loop
      vertex 112.435 -106.827 2.5
      vertex 114.343 -101.474 2.5
      vertex 113.831 -101.5 2.5
    endloop
  endfacet
  facet normal 0 0 1
    outer loop
      vertex 115.035 -101.358 2.5
      vertex 113.696 -108.469 2.5
      vertex 113.864 -108.965 2.5
    endloop
  endfacet
  facet normal 0 0 1
    outer loop
      vertex 115.035 -101.358 2.5
      vertex 113.464 -108 2.5
      vertex 113.696 -108.469 2.5
    endloop
  endfacet
  facet normal 0 0 1
    outer loop
      vertex 115.035 -101.358 2.5
      vertex 113.173 -107.565 2.5
      vertex 113.464 -108 2.5
    endloop
  endfacet
  facet normal 0 0 1
    outer loop
      vertex 115.035 -101.358 2.5
      vertex 112.828 -107.172 2.5
      vertex 113.173 -107.565 2.5
    endloop
  endfacet
  facet normal 0 0 1
    outer loop
      vertex 114.343 -101.474 2.5
      vertex 112.435 -106.827 2.5
      vertex 112.828 -107.172 2.5
    endloop
  endfacet
  facet normal 0 0 1
    outer loop
      vertex 113.831 -101.5 2.5
      vertex 112 -106.536 2.5
      vertex 112.435 -106.827 2.5
    endloop
  endfacet
  facet normal 0 0 1
    outer loop
      vertex 113.831 -101.5 2.5
      vertex 111.531 -106.304 2.5
      vertex 112 -106.536 2.5
    endloop
  endfacet
  facet normal 0 0 1
    outer loop
      vertex 113.831 -101.5 2.5
      vertex 111.035 -106.136 2.5
      vertex 111.531 -106.304 2.5
    endloop
  endfacet
  facet normal 0 0 1
    outer loop
      vertex 113.831 -101.5 2.5
      vertex 110.522 -106.034 2.5
      vertex 111.035 -106.136 2.5
    endloop
  endfacet
  facet normal 0 0 1
    outer loop
      vertex 113.831 -101.5 2.5
      vertex 110 -106 2.5
      vertex 110.522 -106.034 2.5
    endloop
  endfacet
  facet normal 0 0 1
    outer loop
      vertex 113.831 -101.5 2.5
      vertex 109.478 -106.034 2.5
      vertex 110 -106 2.5
    endloop
  endfacet
  facet normal 0 0 1
    outer loop
      vertex 113.831 -101.5 2.5
      vertex 108.965 -106.136 2.5
      vertex 109.478 -106.034 2.5
    endloop
  endfacet
  facet normal 0 0 1
    outer loop
      vertex 113.831 -101.5 2.5
      vertex 108.469 -106.304 2.5
      vertex 108.965 -106.136 2.5
    endloop
  endfacet
  facet normal 0 0 1
    outer loop
      vertex 113.831 -101.5 2.5
      vertex 108 -106.536 2.5
      vertex 108.469 -106.304 2.5
    endloop
  endfacet
  facet normal -0 0 1
    outer loop
      vertex 84.9182 -101.5 2.5
      vertex 108 -106.536 2.5
      vertex 113.831 -101.5 2.5
    endloop
  endfacet
  facet normal 0 0 1
    outer loop
      vertex 106.034 -109.478 2.5
      vertex 84.9182 -101.5 2.5
      vertex 106 -110 2.5
    endloop
  endfacet
  facet normal 0 0 1
    outer loop
      vertex 106.136 -108.965 2.5
      vertex 84.9182 -101.5 2.5
      vertex 106.034 -109.478 2.5
    endloop
  endfacet
  facet normal 0 0 1
    outer loop
      vertex 106.304 -108.469 2.5
      vertex 84.9182 -101.5 2.5
      vertex 106.136 -108.965 2.5
    endloop
  endfacet
  facet normal 0 0 1
    outer loop
      vertex 106.536 -108 2.5
      vertex 84.9182 -101.5 2.5
      vertex 106.304 -108.469 2.5
    endloop
  endfacet
  facet normal 0 0 1
    outer loop
      vertex 106.827 -107.565 2.5
      vertex 84.9182 -101.5 2.5
      vertex 106.536 -108 2.5
    endloop
  endfacet
  facet normal 0 0 1
    outer loop
      vertex 107.172 -107.172 2.5
      vertex 84.9182 -101.5 2.5
      vertex 106.827 -107.565 2.5
    endloop
  endfacet
  facet normal 0 0 1
    outer loop
      vertex 107.565 -106.827 2.5
      vertex 84.9182 -101.5 2.5
      vertex 107.172 -107.172 2.5
    endloop
  endfacet
  facet normal 0 0 1
    outer loop
      vertex 108 -106.536 2.5
      vertex 84.9182 -101.5 2.5
      vertex 107.565 -106.827 2.5
    endloop
  endfacet
  facet normal 0 0 1
    outer loop
      vertex 125.5 -79 2.5
      vertex 123.426 -81.2814 2.5
      vertex 123.473 -82 2.5
    endloop
  endfacet
  facet normal 0 0 1
    outer loop
      vertex 125.5 -79 2.5
      vertex 123.286 -80.5751 2.5
      vertex 123.426 -81.2814 2.5
    endloop
  endfacet
  facet normal 0 0 1
    outer loop
      vertex 125.5 -79 2.5
      vertex 123.054 -79.8932 2.5
      vertex 123.286 -80.5751 2.5
    endloop
  endfacet
  facet normal 0 0 1
    outer loop
      vertex 125.5 -79 2.5
      vertex 122.736 -79.2473 2.5
      vertex 123.054 -79.8932 2.5
    endloop
  endfacet
  facet normal 0 -0 1
    outer loop
      vertex 122.736 -79.2473 2.5
      vertex 125.5 -79 2.5
      vertex 122.57 -79 2.5
    endloop
  endfacet
  facet normal 0 0 1
    outer loop
      vertex 125.758 -78.3678 2.5
      vertex 125.467 -78.4667 2.5
      vertex 125.5 -79 2.5
    endloop
  endfacet
  facet normal 0 0 1
    outer loop
      vertex 201.002 -2.5 2.5
      vertex 195.966 -13.4779 2.5
      vertex 196 -14 2.5
    endloop
  endfacet
  facet normal 0 0 1
    outer loop
      vertex 201.002 -2.5 2.5
      vertex 195.864 -12.9647 2.5
      vertex 195.966 -13.4779 2.5
    endloop
  endfacet
  facet normal 0 0 1
    outer loop
      vertex 201.002 -2.5 2.5
      vertex 195.696 -12.4693 2.5
      vertex 195.864 -12.9647 2.5
    endloop
  endfacet
  facet normal 0 0 1
    outer loop
      vertex 201.002 -2.5 2.5
      vertex 195.464 -12 2.5
      vertex 195.696 -12.4693 2.5
    endloop
  endfacet
  facet normal 0 0 1
    outer loop
      vertex 201.002 -2.5 2.5
      vertex 195.173 -11.565 2.5
      vertex 195.464 -12 2.5
    endloop
  endfacet
  facet normal 0 0 1
    outer loop
      vertex 201.002 -2.5 2.5
      vertex 194.828 -11.1716 2.5
      vertex 195.173 -11.565 2.5
    endloop
  endfacet
  facet normal 0 0 1
    outer loop
      vertex 201.002 -2.5 2.5
      vertex 194.435 -10.8266 2.5
      vertex 194.828 -11.1716 2.5
    endloop
  endfacet
  facet normal 0 0 1
    outer loop
      vertex 201.002 -2.5 2.5
      vertex 194 -10.5359 2.5
      vertex 194.435 -10.8266 2.5
    endloop
  endfacet
  facet normal 0 0 1
    outer loop
      vertex 201.002 -2.5 2.5
      vertex 193.531 -10.3045 2.5
      vertex 194 -10.5359 2.5
    endloop
  endfacet
  facet normal 0 0 1
    outer loop
      vertex 201.002 -2.5 2.5
      vertex 193.035 -10.1363 2.5
      vertex 193.531 -10.3045 2.5
    endloop
  endfacet
  facet normal 0 0 1
    outer loop
      vertex 201.002 -2.5 2.5
      vertex 192.522 -10.0342 2.5
      vertex 193.035 -10.1363 2.5
    endloop
  endfacet
  facet normal 0 0 1
    outer loop
      vertex 201.002 -2.5 2.5
      vertex 192 -10 2.5
      vertex 192.522 -10.0342 2.5
    endloop
  endfacet
  facet normal 0 0 1
    outer loop
      vertex 201.002 -2.5 2.5
      vertex 191.478 -10.0342 2.5
      vertex 192 -10 2.5
    endloop
  endfacet
  facet normal 0 0 1
    outer loop
      vertex 201.002 -2.5 2.5
      vertex 190.965 -10.1363 2.5
      vertex 191.478 -10.0342 2.5
    endloop
  endfacet
  facet normal 0 0 1
    outer loop
      vertex 201.002 -2.5 2.5
      vertex 190.469 -10.3045 2.5
      vertex 190.965 -10.1363 2.5
    endloop
  endfacet
  facet normal -0 0 1
    outer loop
      vertex 149.869 -2.5 2.5
      vertex 190.469 -10.3045 2.5
      vertex 201.002 -2.5 2.5
    endloop
  endfacet
  facet normal 0 0 1
    outer loop
      vertex 190.469 -10.3045 2.5
      vertex 149.869 -2.5 2.5
      vertex 190 -10.5359 2.5
    endloop
  endfacet
  facet normal 0 0 1
    outer loop
      vertex 190.469 -17.6955 2.5
      vertex 152 -96.5359 2.5
      vertex 182.715 -102.599 2.5
    endloop
  endfacet
  facet normal -0 -0 1
    outer loop
      vertex 152.435 -96.8266 2.5
      vertex 182.715 -102.599 2.5
      vertex 152 -96.5359 2.5
    endloop
  endfacet
  facet normal 0 0 1
    outer loop
      vertex 149.869 -2.5 2.5
      vertex 188 -14 2.5
      vertex 188.034 -13.4779 2.5
    endloop
  endfacet
  facet normal 0 0 1
    outer loop
      vertex 149.869 -2.5 2.5
      vertex 188.034 -13.4779 2.5
      vertex 188.136 -12.9647 2.5
    endloop
  endfacet
  facet normal 0 0 1
    outer loop
      vertex 149.869 -2.5 2.5
      vertex 188.136 -12.9647 2.5
      vertex 188.304 -12.4693 2.5
    endloop
  endfacet
  facet normal 0 0 1
    outer loop
      vertex 182.715 -102.599 2.5
      vertex 154 -100 2.5
      vertex 182.656 -103.103 2.5
    endloop
  endfacet
  facet normal -0 -0 1
    outer loop
      vertex 154 -100 2.5
      vertex 182.715 -102.599 2.5
      vertex 153.966 -99.4779 2.5
    endloop
  endfacet
  facet normal -0 -0 1
    outer loop
      vertex 153.966 -99.4779 2.5
      vertex 182.715 -102.599 2.5
      vertex 153.864 -98.9647 2.5
    endloop
  endfacet
  facet normal -0 -0 1
    outer loop
      vertex 153.864 -98.9647 2.5
      vertex 182.715 -102.599 2.5
      vertex 153.696 -98.4693 2.5
    endloop
  endfacet
  facet normal -0 -0 1
    outer loop
      vertex 153.696 -98.4693 2.5
      vertex 182.715 -102.599 2.5
      vertex 153.464 -98 2.5
    endloop
  endfacet
  facet normal -0 -0 1
    outer loop
      vertex 153.464 -98 2.5
      vertex 182.715 -102.599 2.5
      vertex 153.173 -97.565 2.5
    endloop
  endfacet
  facet normal -0 -0 1
    outer loop
      vertex 153.173 -97.565 2.5
      vertex 182.715 -102.599 2.5
      vertex 152.828 -97.1716 2.5
    endloop
  endfacet
  facet normal -0 -0 1
    outer loop
      vertex 152.828 -97.1716 2.5
      vertex 182.715 -102.599 2.5
      vertex 152.435 -96.8266 2.5
    endloop
  endfacet
  facet normal 0 0 1
    outer loop
      vertex 188 -14 2.5
      vertex 151.531 -96.3045 2.5
      vertex 152 -96.5359 2.5
    endloop
  endfacet
  facet normal 0 0 1
    outer loop
      vertex 188 -14 2.5
      vertex 128.331 -75.5416 2.5
      vertex 151.531 -96.3045 2.5
    endloop
  endfacet
  facet normal 0 0 1
    outer loop
      vertex 151.531 -96.3045 2.5
      vertex 128.331 -75.5416 2.5
      vertex 151.035 -96.1363 2.5
    endloop
  endfacet
  facet normal 0 0 1
    outer loop
      vertex 151.035 -96.1363 2.5
      vertex 128.331 -75.5416 2.5
      vertex 150.522 -96.0342 2.5
    endloop
  endfacet
  facet normal 0 0 1
    outer loop
      vertex 190 -10.5359 2.5
      vertex 149.869 -2.5 2.5
      vertex 189.565 -10.8266 2.5
    endloop
  endfacet
  facet normal 0 0 1
    outer loop
      vertex 149.869 -2.5 2.5
      vertex 189.172 -11.1716 2.5
      vertex 189.565 -10.8266 2.5
    endloop
  endfacet
  facet normal 0 0 1
    outer loop
      vertex 149.869 -2.5 2.5
      vertex 188.827 -11.565 2.5
      vertex 189.172 -11.1716 2.5
    endloop
  endfacet
  facet normal 0 0 1
    outer loop
      vertex 149.869 -2.5 2.5
      vertex 188.536 -12 2.5
      vertex 188.827 -11.565 2.5
    endloop
  endfacet
  facet normal 0 0 1
    outer loop
      vertex 149.869 -2.5 2.5
      vertex 188.304 -12.4693 2.5
      vertex 188.536 -12 2.5
    endloop
  endfacet
  facet normal 0 0 1
    outer loop
      vertex 188 -14 2.5
      vertex 149.869 -2.5 2.5
      vertex 128.331 -75.5416 2.5
    endloop
  endfacet
  facet normal 0 0 1
    outer loop
      vertex 150.522 -96.0342 2.5
      vertex 128.331 -75.5416 2.5
      vertex 150 -96 2.5
    endloop
  endfacet
  facet normal 0 0 1
    outer loop
      vertex 150 -96 2.5
      vertex 128.331 -75.5416 2.5
      vertex 149.478 -96.0342 2.5
    endloop
  endfacet
  facet normal 0 0 1
    outer loop
      vertex 149.478 -96.0342 2.5
      vertex 128.331 -75.5416 2.5
      vertex 148.965 -96.1363 2.5
    endloop
  endfacet
  facet normal 0 0 1
    outer loop
      vertex 148.965 -96.1363 2.5
      vertex 128.331 -75.5416 2.5
      vertex 148.469 -96.3045 2.5
    endloop
  endfacet
  facet normal -0 0 1
    outer loop
      vertex 128.189 -75.9435 2.5
      vertex 148.469 -96.3045 2.5
      vertex 128.331 -75.5416 2.5
    endloop
  endfacet
  facet normal 0 0 1
    outer loop
      vertex 148.469 -96.3045 2.5
      vertex 128.189 -75.9435 2.5
      vertex 148 -96.5359 2.5
    endloop
  endfacet
  facet normal -0 0 1
    outer loop
      vertex 127.936 -76.4581 2.5
      vertex 148 -96.5359 2.5
      vertex 128.189 -75.9435 2.5
    endloop
  endfacet
  facet normal 0 0 1
    outer loop
      vertex 148 -96.5359 2.5
      vertex 127.936 -76.4581 2.5
      vertex 147.565 -96.8266 2.5
    endloop
  endfacet
  facet normal -0 0 1
    outer loop
      vertex 127.608 -76.9481 2.5
      vertex 147.565 -96.8266 2.5
      vertex 127.936 -76.4581 2.5
    endloop
  endfacet
  facet normal 0 0 1
    outer loop
      vertex 147.565 -96.8266 2.5
      vertex 127.608 -76.9481 2.5
      vertex 147.172 -97.1716 2.5
    endloop
  endfacet
  facet normal -0 0 1
    outer loop
      vertex 127.22 -77.3912 2.5
      vertex 147.172 -97.1716 2.5
      vertex 127.608 -76.9481 2.5
    endloop
  endfacet
  facet normal -0 0 1
    outer loop
      vertex 123.265 -83.4843 2.5
      vertex 147.172 -97.1716 2.5
      vertex 127.22 -77.3912 2.5
    endloop
  endfacet
  facet normal 0 0 1
    outer loop
      vertex 147.172 -97.1716 2.5
      vertex 123.265 -83.4843 2.5
      vertex 146.827 -97.565 2.5
    endloop
  endfacet
  facet normal 0 0 1
    outer loop
      vertex 195.966 -14.5221 2.5
      vertex 201.002 -2.5 2.5
      vertex 196 -14 2.5
    endloop
  endfacet
  facet normal 0 0 1
    outer loop
      vertex 195.864 -15.0353 2.5
      vertex 201.002 -2.5 2.5
      vertex 195.966 -14.5221 2.5
    endloop
  endfacet
  facet normal 0 0 1
    outer loop
      vertex 195.696 -15.5307 2.5
      vertex 201.002 -2.5 2.5
      vertex 195.864 -15.0353 2.5
    endloop
  endfacet
  facet normal -0 0 1
    outer loop
      vertex 195.696 -15.5307 2.5
      vertex 182.715 -102.599 2.5
      vertex 201.002 -2.5 2.5
    endloop
  endfacet
  facet normal -0 0 1
    outer loop
      vertex 195.464 -16 2.5
      vertex 182.715 -102.599 2.5
      vertex 195.696 -15.5307 2.5
    endloop
  endfacet
  facet normal -0 0 1
    outer loop
      vertex 195.173 -16.435 2.5
      vertex 182.715 -102.599 2.5
      vertex 195.464 -16 2.5
    endloop
  endfacet
  facet normal -0 0 1
    outer loop
      vertex 194.828 -16.8284 2.5
      vertex 182.715 -102.599 2.5
      vertex 195.173 -16.435 2.5
    endloop
  endfacet
  facet normal -0 0 1
    outer loop
      vertex 194.435 -17.1734 2.5
      vertex 182.715 -102.599 2.5
      vertex 194.828 -16.8284 2.5
    endloop
  endfacet
  facet normal -0 0 1
    outer loop
      vertex 194 -17.4641 2.5
      vertex 182.715 -102.599 2.5
      vertex 194.435 -17.1734 2.5
    endloop
  endfacet
  facet normal -0 0 1
    outer loop
      vertex 193.531 -17.6955 2.5
      vertex 182.715 -102.599 2.5
      vertex 194 -17.4641 2.5
    endloop
  endfacet
  facet normal -0 0 1
    outer loop
      vertex 193.035 -17.8637 2.5
      vertex 182.715 -102.599 2.5
      vertex 193.531 -17.6955 2.5
    endloop
  endfacet
  facet normal -0 0 1
    outer loop
      vertex 192.522 -17.9658 2.5
      vertex 182.715 -102.599 2.5
      vertex 193.035 -17.8637 2.5
    endloop
  endfacet
  facet normal -0 0 1
    outer loop
      vertex 192 -18 2.5
      vertex 182.715 -102.599 2.5
      vertex 192.522 -17.9658 2.5
    endloop
  endfacet
  facet normal 0 0 1
    outer loop
      vertex 191.478 -17.9658 2.5
      vertex 182.715 -102.599 2.5
      vertex 192 -18 2.5
    endloop
  endfacet
  facet normal 0 0 1
    outer loop
      vertex 190.965 -17.8637 2.5
      vertex 182.715 -102.599 2.5
      vertex 191.478 -17.9658 2.5
    endloop
  endfacet
  facet normal 0 0 1
    outer loop
      vertex 190.469 -17.6955 2.5
      vertex 182.715 -102.599 2.5
      vertex 190.965 -17.8637 2.5
    endloop
  endfacet
  facet normal 0 0 1
    outer loop
      vertex 152 -96.5359 2.5
      vertex 190.469 -17.6955 2.5
      vertex 190 -17.4641 2.5
    endloop
  endfacet
  facet normal 0 0 1
    outer loop
      vertex 152 -96.5359 2.5
      vertex 190 -17.4641 2.5
      vertex 189.565 -17.1734 2.5
    endloop
  endfacet
  facet normal 0 0 1
    outer loop
      vertex 152 -96.5359 2.5
      vertex 189.565 -17.1734 2.5
      vertex 189.172 -16.8284 2.5
    endloop
  endfacet
  facet normal 0 0 1
    outer loop
      vertex 152 -96.5359 2.5
      vertex 189.172 -16.8284 2.5
      vertex 188.827 -16.435 2.5
    endloop
  endfacet
  facet normal 0 0 1
    outer loop
      vertex 152 -96.5359 2.5
      vertex 188.827 -16.435 2.5
      vertex 188.536 -16 2.5
    endloop
  endfacet
  facet normal 0 0 1
    outer loop
      vertex 152 -96.5359 2.5
      vertex 188.536 -16 2.5
      vertex 188.304 -15.5307 2.5
    endloop
  endfacet
  facet normal 0 0 1
    outer loop
      vertex 152 -96.5359 2.5
      vertex 188.304 -15.5307 2.5
      vertex 188.136 -15.0353 2.5
    endloop
  endfacet
  facet normal 0 0 1
    outer loop
      vertex 152 -96.5359 2.5
      vertex 188.136 -15.0353 2.5
      vertex 188.034 -14.5221 2.5
    endloop
  endfacet
  facet normal 0 0 1
    outer loop
      vertex 152 -96.5359 2.5
      vertex 188.034 -14.5221 2.5
      vertex 188 -14 2.5
    endloop
  endfacet
  facet normal 0 0 1
    outer loop
      vertex 183.894 -106.43 2.5
      vertex 184.351 -110.032 2.5
      vertex 185.699 -108.235 2.5
    endloop
  endfacet
  facet normal 0 0 1
    outer loop
      vertex 183.894 -106.43 2.5
      vertex 184.074 -110.457 2.5
      vertex 184.351 -110.032 2.5
    endloop
  endfacet
  facet normal 0 0 1
    outer loop
      vertex 183.466 -105.916 2.5
      vertex 184.074 -110.457 2.5
      vertex 183.894 -106.43 2.5
    endloop
  endfacet
  facet normal 0 0 1
    outer loop
      vertex 184.074 -110.457 2.5
      vertex 183.466 -105.916 2.5
      vertex 183.819 -110.988 2.5
    endloop
  endfacet
  facet normal 0 0 1
    outer loop
      vertex 183.147 -105.383 2.5
      vertex 183.819 -110.988 2.5
      vertex 183.466 -105.916 2.5
    endloop
  endfacet
  facet normal 0 0 1
    outer loop
      vertex 183.819 -110.988 2.5
      vertex 183.147 -105.383 2.5
      vertex 183.636 -111.549 2.5
    endloop
  endfacet
  facet normal 0 0 1
    outer loop
      vertex 182.913 -104.842 2.5
      vertex 183.636 -111.549 2.5
      vertex 183.147 -105.383 2.5
    endloop
  endfacet
  facet normal 0 0 1
    outer loop
      vertex 183.636 -111.549 2.5
      vertex 182.913 -104.842 2.5
      vertex 183.528 -112.121 2.5
    endloop
  endfacet
  facet normal 0 0 1
    outer loop
      vertex 153.464 -102 2.5
      vertex 183.528 -112.121 2.5
      vertex 182.913 -104.842 2.5
    endloop
  endfacet
  facet normal 0 0 1
    outer loop
      vertex 183.528 -112.121 2.5
      vertex 153.464 -102 2.5
      vertex 183.5 -112.592 2.5
    endloop
  endfacet
  facet normal 0 0 1
    outer loop
      vertex 153.464 -102 2.5
      vertex 182.913 -104.842 2.5
      vertex 182.751 -104.276 2.5
    endloop
  endfacet
  facet normal 0 0 1
    outer loop
      vertex 153.696 -101.531 2.5
      vertex 182.751 -104.276 2.5
      vertex 182.665 -103.693 2.5
    endloop
  endfacet
  facet normal -0 0 1
    outer loop
      vertex 153.966 -100.522 2.5
      vertex 182.656 -103.103 2.5
      vertex 154 -100 2.5
    endloop
  endfacet
  facet normal 0 0 1
    outer loop
      vertex 182.656 -103.103 2.5
      vertex 153.966 -100.522 2.5
      vertex 182.665 -103.693 2.5
    endloop
  endfacet
  facet normal -0 0 1
    outer loop
      vertex 153.864 -101.035 2.5
      vertex 182.665 -103.693 2.5
      vertex 153.966 -100.522 2.5
    endloop
  endfacet
  facet normal -0 0 1
    outer loop
      vertex 153.696 -101.531 2.5
      vertex 182.665 -103.693 2.5
      vertex 153.864 -101.035 2.5
    endloop
  endfacet
  facet normal 0 0 1
    outer loop
      vertex 182.751 -104.276 2.5
      vertex 153.696 -101.531 2.5
      vertex 153.464 -102 2.5
    endloop
  endfacet
  facet normal 0 0 1
    outer loop
      vertex 183.5 -112.592 2.5
      vertex 153.464 -102 2.5
      vertex 153.173 -102.435 2.5
    endloop
  endfacet
  facet normal 0 0 1
    outer loop
      vertex 183.5 -112.592 2.5
      vertex 153.173 -102.435 2.5
      vertex 152.828 -102.828 2.5
    endloop
  endfacet
  facet normal 0 0 1
    outer loop
      vertex 183.5 -112.592 2.5
      vertex 152.828 -102.828 2.5
      vertex 152.435 -103.173 2.5
    endloop
  endfacet
  facet normal -0 0 1
    outer loop
      vertex 152 -103.464 2.5
      vertex 183.5 -112.592 2.5
      vertex 152.435 -103.173 2.5
    endloop
  endfacet
  facet normal 0 0 1
    outer loop
      vertex 183.5 -112.592 2.5
      vertex 152 -103.464 2.5
      vertex 183.5 -136.5 2.5
    endloop
  endfacet
  facet normal -0 0 1
    outer loop
      vertex 151.531 -103.696 2.5
      vertex 183.5 -136.5 2.5
      vertex 152 -103.464 2.5
    endloop
  endfacet
  facet normal -0 0 1
    outer loop
      vertex 151.035 -103.864 2.5
      vertex 183.5 -136.5 2.5
      vertex 151.531 -103.696 2.5
    endloop
  endfacet
  facet normal -0 0 1
    outer loop
      vertex 150.522 -103.966 2.5
      vertex 183.5 -136.5 2.5
      vertex 151.035 -103.864 2.5
    endloop
  endfacet
  facet normal -0 0 1
    outer loop
      vertex 150 -104 2.5
      vertex 183.5 -136.5 2.5
      vertex 150.522 -103.966 2.5
    endloop
  endfacet
  facet normal 0 0 1
    outer loop
      vertex 149.478 -103.966 2.5
      vertex 183.5 -136.5 2.5
      vertex 150 -104 2.5
    endloop
  endfacet
  facet normal 0 0 1
    outer loop
      vertex 148.965 -103.864 2.5
      vertex 183.5 -136.5 2.5
      vertex 149.478 -103.966 2.5
    endloop
  endfacet
  facet normal 0 0 1
    outer loop
      vertex 112.828 -112.828 2.5
      vertex 148.965 -103.864 2.5
      vertex 148.469 -103.696 2.5
    endloop
  endfacet
  facet normal 0 0 1
    outer loop
      vertex 113.173 -112.435 2.5
      vertex 148.469 -103.696 2.5
      vertex 148 -103.464 2.5
    endloop
  endfacet
  facet normal 0 0 1
    outer loop
      vertex 113.464 -112 2.5
      vertex 148 -103.464 2.5
      vertex 147.565 -103.173 2.5
    endloop
  endfacet
  facet normal 0 0 1
    outer loop
      vertex 113.696 -111.531 2.5
      vertex 147.565 -103.173 2.5
      vertex 147.172 -102.828 2.5
    endloop
  endfacet
  facet normal 0 0 1
    outer loop
      vertex 146.827 -97.565 2.5
      vertex 123.265 -83.4843 2.5
      vertex 146.536 -98 2.5
    endloop
  endfacet
  facet normal 0 0 1
    outer loop
      vertex 146.536 -98 2.5
      vertex 123.265 -83.4843 2.5
      vertex 146.304 -98.4693 2.5
    endloop
  endfacet
  facet normal 0 0 1
    outer loop
      vertex 146.304 -98.4693 2.5
      vertex 123.265 -83.4843 2.5
      vertex 146.136 -98.9647 2.5
    endloop
  endfacet
  facet normal -0 0 1
    outer loop
      vertex 119.012 -97.6588 2.5
      vertex 146.136 -98.9647 2.5
      vertex 123.265 -83.4843 2.5
    endloop
  endfacet
  facet normal 0 0 1
    outer loop
      vertex 146.136 -98.9647 2.5
      vertex 119.012 -97.6588 2.5
      vertex 146.034 -99.4779 2.5
    endloop
  endfacet
  facet normal 0 0 1
    outer loop
      vertex 146.034 -99.4779 2.5
      vertex 119.012 -97.6588 2.5
      vertex 146 -100 2.5
    endloop
  endfacet
  facet normal 0 0 1
    outer loop
      vertex 146 -100 2.5
      vertex 119.012 -97.6588 2.5
      vertex 146.034 -100.522 2.5
    endloop
  endfacet
  facet normal -0 0 1
    outer loop
      vertex 118.79 -98.2567 2.5
      vertex 146.034 -100.522 2.5
      vertex 119.012 -97.6588 2.5
    endloop
  endfacet
  facet normal 0 0 1
    outer loop
      vertex 146.034 -100.522 2.5
      vertex 118.79 -98.2567 2.5
      vertex 146.136 -101.035 2.5
    endloop
  endfacet
  facet normal 0 0 1
    outer loop
      vertex 123.265 -83.4843 2.5
      vertex 127.22 -77.3912 2.5
      vertex 126.777 -77.7797 2.5
    endloop
  endfacet
  facet normal 0 0 1
    outer loop
      vertex 125.5 -79 2.5
      vertex 126.777 -77.7797 2.5
      vertex 126.286 -78.1071 2.5
    endloop
  endfacet
  facet normal 0 0 1
    outer loop
      vertex 125.5 -79 2.5
      vertex 126.286 -78.1071 2.5
      vertex 125.758 -78.3678 2.5
    endloop
  endfacet
  facet normal 0 0 1
    outer loop
      vertex 126.777 -77.7797 2.5
      vertex 125.5 -79 2.5
      vertex 123.265 -83.4843 2.5
    endloop
  endfacet
  facet normal -0 0 1
    outer loop
      vertex 118.452 -98.8929 2.5
      vertex 146.136 -101.035 2.5
      vertex 118.79 -98.2567 2.5
    endloop
  endfacet
  facet normal 0 0 1
    outer loop
      vertex 123.425 -82.7372 2.5
      vertex 125.5 -79 2.5
      vertex 123.473 -82 2.5
    endloop
  endfacet
  facet normal 0 0 1
    outer loop
      vertex 123.265 -83.4843 2.5
      vertex 125.5 -79 2.5
      vertex 123.425 -82.7372 2.5
    endloop
  endfacet
  facet normal 0 0 1
    outer loop
      vertex 146.136 -101.035 2.5
      vertex 118.452 -98.8929 2.5
      vertex 146.304 -101.531 2.5
    endloop
  endfacet
  facet normal -0 0 1
    outer loop
      vertex 118.034 -99.4795 2.5
      vertex 146.304 -101.531 2.5
      vertex 118.452 -98.8929 2.5
    endloop
  endfacet
  facet normal 0 0 1
    outer loop
      vertex 146.304 -101.531 2.5
      vertex 118.034 -99.4795 2.5
      vertex 146.536 -102 2.5
    endloop
  endfacet
  facet normal 0 0 1
    outer loop
      vertex 114 -110 2.5
      vertex 146.536 -102 2.5
      vertex 118.034 -99.4795 2.5
    endloop
  endfacet
  facet normal 0 0 1
    outer loop
      vertex 113.966 -110.522 2.5
      vertex 146.536 -102 2.5
      vertex 114 -110 2.5
    endloop
  endfacet
  facet normal 0 0 1
    outer loop
      vertex 146.536 -102 2.5
      vertex 113.966 -110.522 2.5
      vertex 146.827 -102.435 2.5
    endloop
  endfacet
  facet normal 0 0 1
    outer loop
      vertex 114 -110 2.5
      vertex 118.034 -99.4795 2.5
      vertex 117.544 -100.007 2.5
    endloop
  endfacet
  facet normal 0 0 1
    outer loop
      vertex 113.966 -109.478 2.5
      vertex 117.544 -100.007 2.5
      vertex 116.988 -100.465 2.5
    endloop
  endfacet
  facet normal 0 0 1
    outer loop
      vertex 113.966 -109.478 2.5
      vertex 116.988 -100.465 2.5
      vertex 116.378 -100.847 2.5
    endloop
  endfacet
  facet normal 0 0 1
    outer loop
      vertex 113.966 -109.478 2.5
      vertex 116.378 -100.847 2.5
      vertex 115.723 -101.147 2.5
    endloop
  endfacet
  facet normal 0 0 1
    outer loop
      vertex 113.966 -109.478 2.5
      vertex 115.723 -101.147 2.5
      vertex 115.035 -101.358 2.5
    endloop
  endfacet
  facet normal 0 0 1
    outer loop
      vertex 112.828 -107.172 2.5
      vertex 115.035 -101.358 2.5
      vertex 114.343 -101.474 2.5
    endloop
  endfacet
  facet normal 0 0 1
    outer loop
      vertex 113.864 -111.035 2.5
      vertex 146.827 -102.435 2.5
      vertex 113.966 -110.522 2.5
    endloop
  endfacet
  facet normal 0 0 1
    outer loop
      vertex 146.827 -102.435 2.5
      vertex 113.864 -111.035 2.5
      vertex 147.172 -102.828 2.5
    endloop
  endfacet
  facet normal 0 0 1
    outer loop
      vertex 113.696 -111.531 2.5
      vertex 147.172 -102.828 2.5
      vertex 113.864 -111.035 2.5
    endloop
  endfacet
  facet normal 0 0 1
    outer loop
      vertex 147.565 -103.173 2.5
      vertex 113.696 -111.531 2.5
      vertex 113.464 -112 2.5
    endloop
  endfacet
  facet normal 0 0 1
    outer loop
      vertex 148 -103.464 2.5
      vertex 113.464 -112 2.5
      vertex 113.173 -112.435 2.5
    endloop
  endfacet
  facet normal 0 0 1
    outer loop
      vertex 148.469 -103.696 2.5
      vertex 113.173 -112.435 2.5
      vertex 112.828 -112.828 2.5
    endloop
  endfacet
  facet normal 0 0 1
    outer loop
      vertex 148.965 -103.864 2.5
      vertex 112.828 -112.828 2.5
      vertex 112.435 -113.173 2.5
    endloop
  endfacet
  facet normal 0 0 1
    outer loop
      vertex 148.965 -103.864 2.5
      vertex 112.435 -113.173 2.5
      vertex 183.5 -136.5 2.5
    endloop
  endfacet
  facet normal -0 0 1
    outer loop
      vertex 112 -113.464 2.5
      vertex 183.5 -136.5 2.5
      vertex 112.435 -113.173 2.5
    endloop
  endfacet
  facet normal -0 0 1
    outer loop
      vertex 111.531 -113.696 2.5
      vertex 183.5 -136.5 2.5
      vertex 112 -113.464 2.5
    endloop
  endfacet
  facet normal -0 0 1
    outer loop
      vertex 111.035 -113.864 2.5
      vertex 183.5 -136.5 2.5
      vertex 111.531 -113.696 2.5
    endloop
  endfacet
  facet normal -0 0 1
    outer loop
      vertex 110.522 -113.966 2.5
      vertex 183.5 -136.5 2.5
      vertex 111.035 -113.864 2.5
    endloop
  endfacet
  facet normal -0 0 1
    outer loop
      vertex 110 -114 2.5
      vertex 183.5 -136.5 2.5
      vertex 110.522 -113.966 2.5
    endloop
  endfacet
  facet normal 0 0 1
    outer loop
      vertex 109.478 -113.966 2.5
      vertex 183.5 -136.5 2.5
      vertex 110 -114 2.5
    endloop
  endfacet
  facet normal 0 0 1
    outer loop
      vertex 2.5 -136.5 2.5
      vertex 109.478 -113.966 2.5
      vertex 108.965 -113.864 2.5
    endloop
  endfacet
  facet normal 0 0 1
    outer loop
      vertex 84.9182 -101.5 2.5
      vertex 106.034 -110.522 2.5
      vertex 106 -110 2.5
    endloop
  endfacet
  facet normal 0 0 1
    outer loop
      vertex 84.9182 -101.5 2.5
      vertex 106.136 -111.035 2.5
      vertex 106.034 -110.522 2.5
    endloop
  endfacet
  facet normal 0 0 1
    outer loop
      vertex 84.9182 -101.5 2.5
      vertex 106.304 -111.531 2.5
      vertex 106.136 -111.035 2.5
    endloop
  endfacet
  facet normal 0 0 1
    outer loop
      vertex 84.9182 -101.5 2.5
      vertex 106.536 -112 2.5
      vertex 106.304 -111.531 2.5
    endloop
  endfacet
  facet normal 0 0 1
    outer loop
      vertex 84.9182 -101.5 2.5
      vertex 106.827 -112.435 2.5
      vertex 106.536 -112 2.5
    endloop
  endfacet
  facet normal 0 0 1
    outer loop
      vertex 84.9182 -101.5 2.5
      vertex 107.172 -112.828 2.5
      vertex 106.827 -112.435 2.5
    endloop
  endfacet
  facet normal 0 0 1
    outer loop
      vertex 84.2814 -101.458 2.5
      vertex 107.172 -112.828 2.5
      vertex 84.9182 -101.5 2.5
    endloop
  endfacet
  facet normal -0 0 1
    outer loop
      vertex 67.9586 -104.162 2.5
      vertex 107.172 -112.828 2.5
      vertex 84.2814 -101.458 2.5
    endloop
  endfacet
  facet normal -0 0 1
    outer loop
      vertex 67.4005 -104.352 2.5
      vertex 107.172 -112.828 2.5
      vertex 67.9586 -104.162 2.5
    endloop
  endfacet
  facet normal 0 0 1
    outer loop
      vertex 68.4871 -103.902 2.5
      vertex 84.2814 -101.458 2.5
      vertex 83.5751 -101.318 2.5
    endloop
  endfacet
  facet normal 0 0 1
    outer loop
      vertex 68.9771 -103.574 2.5
      vertex 83.5751 -101.318 2.5
      vertex 82.8932 -101.086 2.5
    endloop
  endfacet
  facet normal 0 0 1
    outer loop
      vertex 107.172 -112.828 2.5
      vertex 67.4005 -104.352 2.5
      vertex 107.565 -113.173 2.5
    endloop
  endfacet
  facet normal 0 0 1
    outer loop
      vertex 72.446 -86.5878 2.5
      vertex 79.5 -81.9182 2.5
      vertex 72.4551 -86.5404 2.5
    endloop
  endfacet
  facet normal 0 0 1
    outer loop
      vertex 79.5 -81.9182 2.5
      vertex 72.446 -86.5878 2.5
      vertex 79.5 -96.0818 2.5
    endloop
  endfacet
  facet normal 0 0 1
    outer loop
      vertex 70.689 -100.643 2.5
      vertex 79.5 -96.0818 2.5
      vertex 72.446 -86.5878 2.5
    endloop
  endfacet
  facet normal 0 0 1
    outer loop
      vertex 79.5 -96.0818 2.5
      vertex 70.689 -100.643 2.5
      vertex 79.5417 -96.7186 2.5
    endloop
  endfacet
  facet normal 0 0 1
    outer loop
      vertex 79.5417 -96.7186 2.5
      vertex 70.689 -100.643 2.5
      vertex 79.6822 -97.4249 2.5
    endloop
  endfacet
  facet normal 0 0 1
    outer loop
      vertex 79.6822 -97.4249 2.5
      vertex 70.689 -100.643 2.5
      vertex 79.9137 -98.1068 2.5
    endloop
  endfacet
  facet normal 0 0 1
    outer loop
      vertex 79.9137 -98.1068 2.5
      vertex 70.689 -100.643 2.5
      vertex 80.2322 -98.7527 2.5
    endloop
  endfacet
  facet normal 0 0 1
    outer loop
      vertex 70.5876 -101.162 2.5
      vertex 80.2322 -98.7527 2.5
      vertex 70.689 -100.643 2.5
    endloop
  endfacet
  facet normal 0 0 1
    outer loop
      vertex 80.2322 -98.7527 2.5
      vertex 70.5876 -101.162 2.5
      vertex 80.6323 -99.3515 2.5
    endloop
  endfacet
  facet normal 0 0 1
    outer loop
      vertex 70.3969 -101.724 2.5
      vertex 80.6323 -99.3515 2.5
      vertex 70.5876 -101.162 2.5
    endloop
  endfacet
  facet normal 0 0 1
    outer loop
      vertex 80.6323 -99.3515 2.5
      vertex 70.3969 -101.724 2.5
      vertex 81.1071 -99.8929 2.5
    endloop
  endfacet
  facet normal 0 0 1
    outer loop
      vertex 70.1362 -102.253 2.5
      vertex 81.1071 -99.8929 2.5
      vertex 70.3969 -101.724 2.5
    endloop
  endfacet
  facet normal 0 0 1
    outer loop
      vertex 81.1071 -99.8929 2.5
      vertex 70.1362 -102.253 2.5
      vertex 81.6485 -100.368 2.5
    endloop
  endfacet
  facet normal 0 0 1
    outer loop
      vertex 69.8088 -102.743 2.5
      vertex 81.6485 -100.368 2.5
      vertex 70.1362 -102.253 2.5
    endloop
  endfacet
  facet normal 0 0 1
    outer loop
      vertex 81.6485 -100.368 2.5
      vertex 69.8088 -102.743 2.5
      vertex 82.2473 -100.768 2.5
    endloop
  endfacet
  facet normal 0 0 1
    outer loop
      vertex 69.4202 -103.186 2.5
      vertex 82.2473 -100.768 2.5
      vertex 69.8088 -102.743 2.5
    endloop
  endfacet
  facet normal 0 0 1
    outer loop
      vertex 82.2473 -100.768 2.5
      vertex 69.4202 -103.186 2.5
      vertex 82.8932 -101.086 2.5
    endloop
  endfacet
  facet normal 0 0 1
    outer loop
      vertex 68.9771 -103.574 2.5
      vertex 82.8932 -101.086 2.5
      vertex 69.4202 -103.186 2.5
    endloop
  endfacet
  facet normal 0 0 1
    outer loop
      vertex 83.5751 -101.318 2.5
      vertex 68.9771 -103.574 2.5
      vertex 68.4871 -103.902 2.5
    endloop
  endfacet
  facet normal 0 0 1
    outer loop
      vertex 84.2814 -101.458 2.5
      vertex 68.4871 -103.902 2.5
      vertex 67.9586 -104.162 2.5
    endloop
  endfacet
  facet normal -0 0 1
    outer loop
      vertex 66.8225 -104.467 2.5
      vertex 107.565 -113.173 2.5
      vertex 67.4005 -104.352 2.5
    endloop
  endfacet
  facet normal 0 0 1
    outer loop
      vertex 107.565 -113.173 2.5
      vertex 66.8225 -104.467 2.5
      vertex 108 -113.464 2.5
    endloop
  endfacet
  facet normal -0 0 1
    outer loop
      vertex 66.3163 -104.5 2.5
      vertex 108 -113.464 2.5
      vertex 66.8225 -104.467 2.5
    endloop
  endfacet
  facet normal 0 0 1
    outer loop
      vertex 108 -113.464 2.5
      vertex 66.3163 -104.5 2.5
      vertex 108.469 -113.696 2.5
    endloop
  endfacet
  facet normal 0 0 1
    outer loop
      vertex 2.5 -136.5 2.5
      vertex 108.469 -113.696 2.5
      vertex 66.3163 -104.5 2.5
    endloop
  endfacet
  facet normal 0 0 1
    outer loop
      vertex 108.469 -113.696 2.5
      vertex 2.5 -136.5 2.5
      vertex 108.965 -113.864 2.5
    endloop
  endfacet
  facet normal 0 0 1
    outer loop
      vertex 27.9658 -110.522 2.5
      vertex 66.3163 -104.5 2.5
      vertex 28 -110 2.5
    endloop
  endfacet
  facet normal 0 0 1
    outer loop
      vertex 27.8637 -111.035 2.5
      vertex 66.3163 -104.5 2.5
      vertex 27.9658 -110.522 2.5
    endloop
  endfacet
  facet normal 0 0 1
    outer loop
      vertex 27.6955 -111.531 2.5
      vertex 66.3163 -104.5 2.5
      vertex 27.8637 -111.035 2.5
    endloop
  endfacet
  facet normal 0 0 1
    outer loop
      vertex 27.4641 -112 2.5
      vertex 66.3163 -104.5 2.5
      vertex 27.6955 -111.531 2.5
    endloop
  endfacet
  facet normal 0 0 1
    outer loop
      vertex 27.1734 -112.435 2.5
      vertex 66.3163 -104.5 2.5
      vertex 27.4641 -112 2.5
    endloop
  endfacet
  facet normal 0 0 1
    outer loop
      vertex 26.8284 -112.828 2.5
      vertex 66.3163 -104.5 2.5
      vertex 27.1734 -112.435 2.5
    endloop
  endfacet
  facet normal 0 0 1
    outer loop
      vertex 26.435 -113.173 2.5
      vertex 66.3163 -104.5 2.5
      vertex 26.8284 -112.828 2.5
    endloop
  endfacet
  facet normal 0 0 1
    outer loop
      vertex 26 -113.464 2.5
      vertex 66.3163 -104.5 2.5
      vertex 26.435 -113.173 2.5
    endloop
  endfacet
  facet normal 0 0 1
    outer loop
      vertex 66.3163 -104.5 2.5
      vertex 26 -113.464 2.5
      vertex 2.5 -136.5 2.5
    endloop
  endfacet
  facet normal 0 0 1
    outer loop
      vertex 2.5 -136.5 2.5
      vertex 26 -113.464 2.5
      vertex 25.5307 -113.696 2.5
    endloop
  endfacet
  facet normal 0 0 1
    outer loop
      vertex 2.5 -136.5 2.5
      vertex 25.5307 -113.696 2.5
      vertex 25.0353 -113.864 2.5
    endloop
  endfacet
  facet normal 0 0 1
    outer loop
      vertex 2.5 -136.5 2.5
      vertex 25.0353 -113.864 2.5
      vertex 24.5221 -113.966 2.5
    endloop
  endfacet
  facet normal 0 0 1
    outer loop
      vertex 2.5 -136.5 2.5
      vertex 24.5221 -113.966 2.5
      vertex 24 -114 2.5
    endloop
  endfacet
  facet normal 0 0 1
    outer loop
      vertex 2.5 -136.5 2.5
      vertex 24 -114 2.5
      vertex 23.4779 -113.966 2.5
    endloop
  endfacet
  facet normal 0 0 1
    outer loop
      vertex 4.25 -104.5 2.5
      vertex 20.0342 -110.522 2.5
      vertex 20 -110 2.5
    endloop
  endfacet
  facet normal -0 0 1
    outer loop
      vertex 2.5 -106.833 2.5
      vertex 20.0342 -110.522 2.5
      vertex 4.25 -104.5 2.5
    endloop
  endfacet
  facet normal 0 0 1
    outer loop
      vertex 20.0342 -110.522 2.5
      vertex 2.5 -106.833 2.5
      vertex 20.1363 -111.035 2.5
    endloop
  endfacet
  facet normal 0 0 1
    outer loop
      vertex 20.1363 -111.035 2.5
      vertex 2.5 -106.833 2.5
      vertex 20.3045 -111.531 2.5
    endloop
  endfacet
  facet normal 0 0 1
    outer loop
      vertex 20.3045 -111.531 2.5
      vertex 2.5 -106.833 2.5
      vertex 20.5359 -112 2.5
    endloop
  endfacet
  facet normal 0 0 1
    outer loop
      vertex 20.5359 -112 2.5
      vertex 2.5 -106.833 2.5
      vertex 20.8266 -112.435 2.5
    endloop
  endfacet
  facet normal 0 0 1
    outer loop
      vertex 2.5 -136.5 2.5
      vertex 20.8266 -112.435 2.5
      vertex 2.5 -106.833 2.5
    endloop
  endfacet
  facet normal 0 0 1
    outer loop
      vertex 20.8266 -112.435 2.5
      vertex 2.5 -136.5 2.5
      vertex 21.1716 -112.828 2.5
    endloop
  endfacet
  facet normal 0 0 1
    outer loop
      vertex 21.1716 -112.828 2.5
      vertex 2.5 -136.5 2.5
      vertex 21.565 -113.173 2.5
    endloop
  endfacet
  facet normal 0 0 1
    outer loop
      vertex 21.565 -113.173 2.5
      vertex 2.5 -136.5 2.5
      vertex 22 -113.464 2.5
    endloop
  endfacet
  facet normal 0 0 1
    outer loop
      vertex 109.478 -113.966 2.5
      vertex 2.5 -136.5 2.5
      vertex 183.5 -136.5 2.5
    endloop
  endfacet
  facet normal 0 0 1
    outer loop
      vertex 22.9647 -113.864 2.5
      vertex 2.5 -136.5 2.5
      vertex 23.4779 -113.966 2.5
    endloop
  endfacet
  facet normal 0 0 1
    outer loop
      vertex 22.4693 -113.696 2.5
      vertex 2.5 -136.5 2.5
      vertex 22.9647 -113.864 2.5
    endloop
  endfacet
  facet normal 0 0 1
    outer loop
      vertex 22 -113.464 2.5
      vertex 2.5 -136.5 2.5
      vertex 22.4693 -113.696 2.5
    endloop
  endfacet
  facet normal -0.993218 0.11627 0
    outer loop
      vertex 182.656 -103.103 2.5
      vertex 182.715 -102.599 16
      vertex 182.715 -102.599 2.5
    endloop
  endfacet
  facet normal -0.993218 0.11627 0
    outer loop
      vertex 182.715 -102.599 16
      vertex 182.656 -103.103 2.5
      vertex 182.656 -103.103 16
    endloop
  endfacet
  facet normal -0.999884 -0.0152525 0
    outer loop
      vertex 182.665 -103.693 2.5
      vertex 182.656 -103.103 16
      vertex 182.656 -103.103 2.5
    endloop
  endfacet
  facet normal -0.999884 -0.0152525 0
    outer loop
      vertex 182.656 -103.103 16
      vertex 182.665 -103.693 2.5
      vertex 182.665 -103.693 16
    endloop
  endfacet
  facet normal -0.989294 -0.145934 0
    outer loop
      vertex 182.751 -104.276 2.5
      vertex 182.665 -103.693 16
      vertex 182.665 -103.693 2.5
    endloop
  endfacet
  facet normal -0.989294 -0.145934 0
    outer loop
      vertex 182.665 -103.693 16
      vertex 182.751 -104.276 2.5
      vertex 182.751 -104.276 16
    endloop
  endfacet
  facet normal -0.961396 -0.27517 0
    outer loop
      vertex 182.913 -104.842 2.5
      vertex 182.751 -104.276 16
      vertex 182.751 -104.276 2.5
    endloop
  endfacet
  facet normal -0.961396 -0.27517 0
    outer loop
      vertex 182.751 -104.276 16
      vertex 182.913 -104.842 2.5
      vertex 182.913 -104.842 16
    endloop
  endfacet
  facet normal -0.917824 -0.396988 0
    outer loop
      vertex 183.147 -105.383 2.5
      vertex 182.913 -104.842 16
      vertex 182.913 -104.842 2.5
    endloop
  endfacet
  facet normal -0.917824 -0.396988 0
    outer loop
      vertex 182.913 -104.842 16
      vertex 183.147 -105.383 2.5
      vertex 183.147 -105.383 16
    endloop
  endfacet
  facet normal -0.858061 -0.513548 0
    outer loop
      vertex 183.466 -105.916 2.5
      vertex 183.147 -105.383 16
      vertex 183.147 -105.383 2.5
    endloop
  endfacet
  facet normal -0.858061 -0.513548 0
    outer loop
      vertex 183.147 -105.383 16
      vertex 183.466 -105.916 2.5
      vertex 183.466 -105.916 16
    endloop
  endfacet
  facet normal -0.768466 -0.63989 0
    outer loop
      vertex 183.894 -106.43 2.5
      vertex 183.466 -105.916 16
      vertex 183.466 -105.916 2.5
    endloop
  endfacet
  facet normal -0.768466 -0.63989 0
    outer loop
      vertex 183.466 -105.916 16
      vertex 183.894 -106.43 2.5
      vertex 183.894 -106.43 16
    endloop
  endfacet
  facet normal -0.707107 -0.707107 0
    outer loop
      vertex 185.699 -108.235 2.5
      vertex 183.894 -106.43 16
      vertex 183.894 -106.43 2.5
    endloop
  endfacet
  facet normal -0.707107 -0.707107 0
    outer loop
      vertex 183.894 -106.43 16
      vertex 185.699 -108.235 2.5
      vertex 185.699 -108.235 16
    endloop
  endfacet
  facet normal -0.799947 0.600071 0
    outer loop
      vertex 184.351 -110.032 2.5
      vertex 185.699 -108.235 16
      vertex 185.699 -108.235 2.5
    endloop
  endfacet
  facet normal -0.799947 0.600071 0
    outer loop
      vertex 185.699 -108.235 16
      vertex 184.351 -110.032 2.5
      vertex 184.351 -110.032 16
    endloop
  endfacet
  facet normal -0.837767 0.546027 0
    outer loop
      vertex 184.074 -110.457 2.5
      vertex 184.351 -110.032 16
      vertex 184.351 -110.032 2.5
    endloop
  endfacet
  facet normal -0.837767 0.546027 0
    outer loop
      vertex 184.351 -110.032 16
      vertex 184.074 -110.457 2.5
      vertex 184.074 -110.457 16
    endloop
  endfacet
  facet normal -0.901444 0.432897 0
    outer loop
      vertex 183.819 -110.988 2.5
      vertex 184.074 -110.457 16
      vertex 184.074 -110.457 2.5
    endloop
  endfacet
  facet normal -0.901444 0.432897 0
    outer loop
      vertex 184.074 -110.457 16
      vertex 183.819 -110.988 2.5
      vertex 183.819 -110.988 16
    endloop
  endfacet
  facet normal -0.950697 0.31012 0
    outer loop
      vertex 183.636 -111.549 2.5
      vertex 183.819 -110.988 16
      vertex 183.819 -110.988 2.5
    endloop
  endfacet
  facet normal -0.950697 0.31012 0
    outer loop
      vertex 183.819 -110.988 16
      vertex 183.636 -111.549 2.5
      vertex 183.636 -111.549 16
    endloop
  endfacet
  facet normal -0.982638 0.185533 0
    outer loop
      vertex 183.528 -112.121 2.5
      vertex 183.636 -111.549 16
      vertex 183.636 -111.549 2.5
    endloop
  endfacet
  facet normal -0.982638 0.185533 0
    outer loop
      vertex 183.636 -111.549 16
      vertex 183.528 -112.121 2.5
      vertex 183.528 -112.121 16
    endloop
  endfacet
  facet normal -0.998238 0.0593432 0
    outer loop
      vertex 183.5 -112.592 2.5
      vertex 183.528 -112.121 16
      vertex 183.528 -112.121 2.5
    endloop
  endfacet
  facet normal -0.998238 0.0593432 0
    outer loop
      vertex 183.528 -112.121 16
      vertex 183.5 -112.592 2.5
      vertex 183.5 -112.592 16
    endloop
  endfacet
  facet normal -1 0 0
    outer loop
      vertex 183.5 -136.5 2.5
      vertex 183.5 -112.592 16
      vertex 183.5 -112.592 2.5
    endloop
  endfacet
  facet normal -1 -0 0
    outer loop
      vertex 183.5 -112.592 16
      vertex 183.5 -136.5 2.5
      vertex 183.5 -136.5 16
    endloop
  endfacet
  facet normal 0 1 -0
    outer loop
      vertex 183.5 -136.5 2.5
      vertex 2.5 -136.5 16
      vertex 183.5 -136.5 16
    endloop
  endfacet
  facet normal 0 1 0
    outer loop
      vertex 2.5 -136.5 16
      vertex 183.5 -136.5 2.5
      vertex 2.5 -136.5 2.5
    endloop
  endfacet
  facet normal 1 0 0
    outer loop
      vertex 2.5 -120.39 15.3931
      vertex 2.5 -106.833 16
      vertex 2.5 -120.35 16
    endloop
  endfacet
  facet normal 1 0 0
    outer loop
      vertex 2.5 -120.508 14.7965
      vertex 2.5 -106.833 16
      vertex 2.5 -120.39 15.3931
    endloop
  endfacet
  facet normal 1 0 0
    outer loop
      vertex 2.5 -120.704 14.2205
      vertex 2.5 -106.833 16
      vertex 2.5 -120.508 14.7965
    endloop
  endfacet
  facet normal 1 0 0
    outer loop
      vertex 2.5 -120.973 13.675
      vertex 2.5 -106.833 16
      vertex 2.5 -120.704 14.2205
    endloop
  endfacet
  facet normal 1 0 0
    outer loop
      vertex 2.5 -106.833 16
      vertex 2.5 -120.973 13.675
      vertex 2.5 -106.833 2.5
    endloop
  endfacet
  facet normal 1 -0 0
    outer loop
      vertex 2.5 -121.311 13.1693
      vertex 2.5 -106.833 2.5
      vertex 2.5 -120.973 13.675
    endloop
  endfacet
  facet normal 1 -0 0
    outer loop
      vertex 2.5 -121.712 12.712
      vertex 2.5 -106.833 2.5
      vertex 2.5 -121.311 13.1693
    endloop
  endfacet
  facet normal 1 -0 0
    outer loop
      vertex 2.5 -122.169 12.3109
      vertex 2.5 -106.833 2.5
      vertex 2.5 -121.712 12.712
    endloop
  endfacet
  facet normal 1 -0 0
    outer loop
      vertex 2.5 -122.675 11.973
      vertex 2.5 -106.833 2.5
      vertex 2.5 -122.169 12.3109
    endloop
  endfacet
  facet normal 1 -0 0
    outer loop
      vertex 2.5 -123.221 11.704
      vertex 2.5 -106.833 2.5
      vertex 2.5 -122.675 11.973
    endloop
  endfacet
  facet normal 1 -0 0
    outer loop
      vertex 2.5 -123.796 11.5084
      vertex 2.5 -106.833 2.5
      vertex 2.5 -123.221 11.704
    endloop
  endfacet
  facet normal 1 -0 0
    outer loop
      vertex 2.5 -124.393 11.3898
      vertex 2.5 -106.833 2.5
      vertex 2.5 -123.796 11.5084
    endloop
  endfacet
  facet normal 1 0 0
    outer loop
      vertex 2.5 -136.5 2.5
      vertex 2.5 -124.393 11.3898
      vertex 2.5 -125 11.35
    endloop
  endfacet
  facet normal 1 0 0
    outer loop
      vertex 2.5 -136.5 2.5
      vertex 2.5 -125 11.35
      vertex 2.5 -125.607 11.3898
    endloop
  endfacet
  facet normal 1 0 0
    outer loop
      vertex 2.5 -136.5 2.5
      vertex 2.5 -125.607 11.3898
      vertex 2.5 -126.204 11.5084
    endloop
  endfacet
  facet normal 1 0 0
    outer loop
      vertex 2.5 -136.5 2.5
      vertex 2.5 -126.204 11.5084
      vertex 2.5 -126.779 11.704
    endloop
  endfacet
  facet normal 1 -0 0
    outer loop
      vertex 2.5 -136.5 16
      vertex 2.5 -129.61 15.3931
      vertex 2.5 -129.65 16
    endloop
  endfacet
  facet normal 1 0 0
    outer loop
      vertex 2.5 -136.5 16
      vertex 2.5 -129.492 14.7965
      vertex 2.5 -129.61 15.3931
    endloop
  endfacet
  facet normal 1 0 0
    outer loop
      vertex 2.5 -136.5 16
      vertex 2.5 -129.296 14.2205
      vertex 2.5 -129.492 14.7965
    endloop
  endfacet
  facet normal 1 0 0
    outer loop
      vertex 2.5 -136.5 16
      vertex 2.5 -129.027 13.675
      vertex 2.5 -129.296 14.2205
    endloop
  endfacet
  facet normal 1 0 0
    outer loop
      vertex 2.5 -136.5 16
      vertex 2.5 -128.689 13.1693
      vertex 2.5 -129.027 13.675
    endloop
  endfacet
  facet normal 1 0 0
    outer loop
      vertex 2.5 -136.5 2.5
      vertex 2.5 -128.689 13.1693
      vertex 2.5 -136.5 16
    endloop
  endfacet
  facet normal 1 0 0
    outer loop
      vertex 2.5 -128.689 13.1693
      vertex 2.5 -136.5 2.5
      vertex 2.5 -128.288 12.712
    endloop
  endfacet
  facet normal 1 0 0
    outer loop
      vertex 2.5 -128.288 12.712
      vertex 2.5 -136.5 2.5
      vertex 2.5 -127.831 12.3109
    endloop
  endfacet
  facet normal 1 0 0
    outer loop
      vertex 2.5 -127.831 12.3109
      vertex 2.5 -136.5 2.5
      vertex 2.5 -127.325 11.973
    endloop
  endfacet
  facet normal 1 0 0
    outer loop
      vertex 2.5 -127.325 11.973
      vertex 2.5 -136.5 2.5
      vertex 2.5 -126.779 11.704
    endloop
  endfacet
  facet normal 1 0 0
    outer loop
      vertex 2.5 -124.393 11.3898
      vertex 2.5 -136.5 2.5
      vertex 2.5 -106.833 2.5
    endloop
  endfacet
  facet normal 0.799959 -0.600055 0
    outer loop
      vertex 2.5 -106.833 16
      vertex 4.25 -104.5 2.5
      vertex 4.25 -104.5 16
    endloop
  endfacet
  facet normal 0.799959 -0.600055 0
    outer loop
      vertex 4.25 -104.5 2.5
      vertex 2.5 -106.833 16
      vertex 2.5 -106.833 2.5
    endloop
  endfacet
  facet normal 0 -1 0
    outer loop
      vertex 4.25 -104.5 2.5
      vertex 66.3163 -104.5 16
      vertex 4.25 -104.5 16
    endloop
  endfacet
  facet normal 0 -1 -0
    outer loop
      vertex 66.3163 -104.5 16
      vertex 4.25 -104.5 2.5
      vertex 66.3163 -104.5 2.5
    endloop
  endfacet
  facet normal 0.0650535 -0.997882 0
    outer loop
      vertex 66.3163 -104.5 2.5
      vertex 66.8225 -104.467 16
      vertex 66.3163 -104.5 16
    endloop
  endfacet
  facet normal 0.0650535 -0.997882 0
    outer loop
      vertex 66.8225 -104.467 16
      vertex 66.3163 -104.5 2.5
      vertex 66.8225 -104.467 2.5
    endloop
  endfacet
  facet normal 0.195137 -0.980776 0
    outer loop
      vertex 66.8225 -104.467 2.5
      vertex 67.4005 -104.352 16
      vertex 66.8225 -104.467 16
    endloop
  endfacet
  facet normal 0.195137 -0.980776 0
    outer loop
      vertex 67.4005 -104.352 16
      vertex 66.8225 -104.467 2.5
      vertex 67.4005 -104.352 2.5
    endloop
  endfacet
  facet normal 0.322277 -0.946646 0
    outer loop
      vertex 67.4005 -104.352 2.5
      vertex 67.9586 -104.162 16
      vertex 67.4005 -104.352 16
    endloop
  endfacet
  facet normal 0.322277 -0.946646 0
    outer loop
      vertex 67.9586 -104.162 16
      vertex 67.4005 -104.352 2.5
      vertex 67.9586 -104.162 2.5
    endloop
  endfacet
  facet normal 0.441432 -0.897295 0
    outer loop
      vertex 67.9586 -104.162 2.5
      vertex 68.4871 -103.902 16
      vertex 67.9586 -104.162 16
    endloop
  endfacet
  facet normal 0.441432 -0.897295 0
    outer loop
      vertex 68.4871 -103.902 16
      vertex 67.9586 -104.162 2.5
      vertex 68.4871 -103.902 2.5
    endloop
  endfacet
  facet normal 0.556265 -0.831005 0
    outer loop
      vertex 68.4871 -103.902 2.5
      vertex 68.9771 -103.574 16
      vertex 68.4871 -103.902 16
    endloop
  endfacet
  facet normal 0.556265 -0.831005 0
    outer loop
      vertex 68.9771 -103.574 16
      vertex 68.4871 -103.902 2.5
      vertex 68.9771 -103.574 2.5
    endloop
  endfacet
  facet normal 0.658781 -0.752335 0
    outer loop
      vertex 68.9771 -103.574 2.5
      vertex 69.4202 -103.186 16
      vertex 68.9771 -103.574 16
    endloop
  endfacet
  facet normal 0.658781 -0.752335 0
    outer loop
      vertex 69.4202 -103.186 16
      vertex 68.9771 -103.574 2.5
      vertex 69.4202 -103.186 2.5
    endloop
  endfacet
  facet normal 0.751756 -0.659441 0
    outer loop
      vertex 69.4202 -103.186 16
      vertex 69.8088 -102.743 2.5
      vertex 69.8088 -102.743 16
    endloop
  endfacet
  facet normal 0.751756 -0.659441 0
    outer loop
      vertex 69.8088 -102.743 2.5
      vertex 69.4202 -103.186 16
      vertex 69.4202 -103.186 2.5
    endloop
  endfacet
  facet normal 0.831476 -0.555561 0
    outer loop
      vertex 69.8088 -102.743 16
      vertex 70.1362 -102.253 2.5
      vertex 70.1362 -102.253 16
    endloop
  endfacet
  facet normal 0.831476 -0.555561 0
    outer loop
      vertex 70.1362 -102.253 2.5
      vertex 69.8088 -102.743 16
      vertex 69.8088 -102.743 2.5
    endloop
  endfacet
  facet normal 0.89699 -0.442051 0
    outer loop
      vertex 70.1362 -102.253 16
      vertex 70.3969 -101.724 2.5
      vertex 70.3969 -101.724 16
    endloop
  endfacet
  facet normal 0.89699 -0.442051 0
    outer loop
      vertex 70.3969 -101.724 2.5
      vertex 70.1362 -102.253 16
      vertex 70.1362 -102.253 2.5
    endloop
  endfacet
  facet normal 0.946968 -0.321329 0
    outer loop
      vertex 70.3969 -101.724 16
      vertex 70.5876 -101.162 2.5
      vertex 70.5876 -101.162 16
    endloop
  endfacet
  facet normal 0.946968 -0.321329 0
    outer loop
      vertex 70.5876 -101.162 2.5
      vertex 70.3969 -101.724 16
      vertex 70.3969 -101.724 2.5
    endloop
  endfacet
  facet normal 0.981444 -0.19175 0
    outer loop
      vertex 70.5876 -101.162 16
      vertex 70.689 -100.643 2.5
      vertex 70.689 -100.643 16
    endloop
  endfacet
  facet normal 0.981444 -0.19175 0
    outer loop
      vertex 70.689 -100.643 2.5
      vertex 70.5876 -101.162 16
      vertex 70.5876 -101.162 2.5
    endloop
  endfacet
  facet normal 0.992277 -0.124042 0
    outer loop
      vertex 70.689 -100.643 16
      vertex 72.446 -86.5878 2.5
      vertex 72.446 -86.5878 16
    endloop
  endfacet
  facet normal 0.992277 -0.124042 0
    outer loop
      vertex 72.446 -86.5878 2.5
      vertex 70.689 -100.643 16
      vertex 70.689 -100.643 2.5
    endloop
  endfacet
  facet normal 0.982066 -0.18854 0
    outer loop
      vertex 72.446 -86.5878 16
      vertex 72.4551 -86.5404 2.5
      vertex 72.4551 -86.5404 16
    endloop
  endfacet
  facet normal 0.982066 -0.18854 0
    outer loop
      vertex 72.4551 -86.5404 2.5
      vertex 72.446 -86.5878 16
      vertex 72.446 -86.5878 2.5
    endloop
  endfacet
  facet normal 0.948682 -0.316232 0
    outer loop
      vertex 72.4551 -86.5404 16
      vertex 74.9686 -79 2.5
      vertex 74.9686 -79 16
    endloop
  endfacet
  facet normal 0.948682 -0.316232 0
    outer loop
      vertex 74.9686 -79 2.5
      vertex 72.4551 -86.5404 16
      vertex 72.4551 -86.5404 2.5
    endloop
  endfacet
  facet normal 0 -1 0
    outer loop
      vertex 74.9686 -79 2.5
      vertex 80.3975 -79 16
      vertex 74.9686 -79 16
    endloop
  endfacet
  facet normal 0 -1 -0
    outer loop
      vertex 80.3975 -79 16
      vertex 74.9686 -79 2.5
      vertex 80.3975 -79 2.5
    endloop
  endfacet
  facet normal -0.831377 0.555708 0
    outer loop
      vertex 80.2322 -79.2473 2.5
      vertex 80.3975 -79 16
      vertex 80.3975 -79 2.5
    endloop
  endfacet
  facet normal -0.831377 0.555708 0
    outer loop
      vertex 80.3975 -79 16
      vertex 80.2322 -79.2473 2.5
      vertex 80.2322 -79.2473 16
    endloop
  endfacet
  facet normal -0.896885 0.442263 0
    outer loop
      vertex 79.9137 -79.8932 2.5
      vertex 80.2322 -79.2473 16
      vertex 80.2322 -79.2473 2.5
    endloop
  endfacet
  facet normal -0.896885 0.442263 0
    outer loop
      vertex 80.2322 -79.2473 16
      vertex 79.9137 -79.8932 2.5
      vertex 79.9137 -79.8932 16
    endloop
  endfacet
  facet normal -0.946919 0.321472 0
    outer loop
      vertex 79.6822 -80.5751 2.5
      vertex 79.9137 -79.8932 16
      vertex 79.9137 -79.8932 2.5
    endloop
  endfacet
  facet normal -0.946919 0.321472 0
    outer loop
      vertex 79.9137 -79.8932 16
      vertex 79.6822 -80.5751 2.5
      vertex 79.6822 -80.5751 16
    endloop
  endfacet
  facet normal -0.980783 0.195101 0
    outer loop
      vertex 79.5417 -81.2814 2.5
      vertex 79.6822 -80.5751 16
      vertex 79.6822 -80.5751 2.5
    endloop
  endfacet
  facet normal -0.980783 0.195101 0
    outer loop
      vertex 79.6822 -80.5751 16
      vertex 79.5417 -81.2814 2.5
      vertex 79.5417 -81.2814 16
    endloop
  endfacet
  facet normal -0.997863 0.0653437 0
    outer loop
      vertex 79.5 -81.9182 2.5
      vertex 79.5417 -81.2814 16
      vertex 79.5417 -81.2814 2.5
    endloop
  endfacet
  facet normal -0.997863 0.0653437 0
    outer loop
      vertex 79.5417 -81.2814 16
      vertex 79.5 -81.9182 2.5
      vertex 79.5 -81.9182 16
    endloop
  endfacet
  facet normal -1 0 0
    outer loop
      vertex 79.5 -96.0818 2.5
      vertex 79.5 -81.9182 16
      vertex 79.5 -81.9182 2.5
    endloop
  endfacet
  facet normal -1 -0 0
    outer loop
      vertex 79.5 -81.9182 16
      vertex 79.5 -96.0818 2.5
      vertex 79.5 -96.0818 16
    endloop
  endfacet
  facet normal -0.997863 -0.0653437 0
    outer loop
      vertex 79.5417 -96.7186 2.5
      vertex 79.5 -96.0818 16
      vertex 79.5 -96.0818 2.5
    endloop
  endfacet
  facet normal -0.997863 -0.0653437 0
    outer loop
      vertex 79.5 -96.0818 16
      vertex 79.5417 -96.7186 2.5
      vertex 79.5417 -96.7186 16
    endloop
  endfacet
  facet normal -0.980783 -0.195101 0
    outer loop
      vertex 79.6822 -97.4249 2.5
      vertex 79.5417 -96.7186 16
      vertex 79.5417 -96.7186 2.5
    endloop
  endfacet
  facet normal -0.980783 -0.195101 0
    outer loop
      vertex 79.5417 -96.7186 16
      vertex 79.6822 -97.4249 2.5
      vertex 79.6822 -97.4249 16
    endloop
  endfacet
  facet normal -0.946919 -0.321472 0
    outer loop
      vertex 79.9137 -98.1068 2.5
      vertex 79.6822 -97.4249 16
      vertex 79.6822 -97.4249 2.5
    endloop
  endfacet
  facet normal -0.946919 -0.321472 0
    outer loop
      vertex 79.6822 -97.4249 16
      vertex 79.9137 -98.1068 2.5
      vertex 79.9137 -98.1068 16
    endloop
  endfacet
  facet normal -0.896885 -0.442263 0
    outer loop
      vertex 80.2322 -98.7527 2.5
      vertex 79.9137 -98.1068 16
      vertex 79.9137 -98.1068 2.5
    endloop
  endfacet
  facet normal -0.896885 -0.442263 0
    outer loop
      vertex 79.9137 -98.1068 16
      vertex 80.2322 -98.7527 2.5
      vertex 80.2322 -98.7527 16
    endloop
  endfacet
  facet normal -0.831473 -0.555565 0
    outer loop
      vertex 80.6323 -99.3515 2.5
      vertex 80.2322 -98.7527 16
      vertex 80.2322 -98.7527 2.5
    endloop
  endfacet
  facet normal -0.831473 -0.555565 0
    outer loop
      vertex 80.2322 -98.7527 16
      vertex 80.6323 -99.3515 2.5
      vertex 80.6323 -99.3515 16
    endloop
  endfacet
  facet normal -0.751836 -0.65935 0
    outer loop
      vertex 81.1071 -99.8929 2.5
      vertex 80.6323 -99.3515 16
      vertex 80.6323 -99.3515 2.5
    endloop
  endfacet
  facet normal -0.751836 -0.65935 0
    outer loop
      vertex 80.6323 -99.3515 16
      vertex 81.1071 -99.8929 2.5
      vertex 81.1071 -99.8929 16
    endloop
  endfacet
  facet normal -0.659585 -0.75163 0
    outer loop
      vertex 81.1071 -99.8929 2.5
      vertex 81.6485 -100.368 16
      vertex 81.1071 -99.8929 16
    endloop
  endfacet
  facet normal -0.659585 -0.75163 -0
    outer loop
      vertex 81.6485 -100.368 16
      vertex 81.1071 -99.8929 2.5
      vertex 81.6485 -100.368 2.5
    endloop
  endfacet
  facet normal -0.555469 -0.831537 0
    outer loop
      vertex 81.6485 -100.368 2.5
      vertex 82.2473 -100.768 16
      vertex 81.6485 -100.368 16
    endloop
  endfacet
  facet normal -0.555469 -0.831537 -0
    outer loop
      vertex 82.2473 -100.768 16
      vertex 81.6485 -100.368 2.5
      vertex 82.2473 -100.768 2.5
    endloop
  endfacet
  facet normal -0.441705 -0.897161 0
    outer loop
      vertex 82.2473 -100.768 2.5
      vertex 82.8932 -101.086 16
      vertex 82.2473 -100.768 16
    endloop
  endfacet
  facet normal -0.441705 -0.897161 -0
    outer loop
      vertex 82.8932 -101.086 16
      vertex 82.2473 -100.768 2.5
      vertex 82.8932 -101.086 2.5
    endloop
  endfacet
  facet normal -0.322094 -0.946708 0
    outer loop
      vertex 82.8932 -101.086 2.5
      vertex 83.5751 -101.318 16
      vertex 82.8932 -101.086 16
    endloop
  endfacet
  facet normal -0.322094 -0.946708 -0
    outer loop
      vertex 83.5751 -101.318 16
      vertex 82.8932 -101.086 2.5
      vertex 83.5751 -101.318 2.5
    endloop
  endfacet
  facet normal -0.194433 -0.980916 0
    outer loop
      vertex 83.5751 -101.318 2.5
      vertex 84.2814 -101.458 16
      vertex 83.5751 -101.318 16
    endloop
  endfacet
  facet normal -0.194433 -0.980916 -0
    outer loop
      vertex 84.2814 -101.458 16
      vertex 83.5751 -101.318 2.5
      vertex 84.2814 -101.458 2.5
    endloop
  endfacet
  facet normal -0.0658118 -0.997832 0
    outer loop
      vertex 84.2814 -101.458 2.5
      vertex 84.9182 -101.5 16
      vertex 84.2814 -101.458 16
    endloop
  endfacet
  facet normal -0.0658118 -0.997832 -0
    outer loop
      vertex 84.9182 -101.5 16
      vertex 84.2814 -101.458 2.5
      vertex 84.9182 -101.5 2.5
    endloop
  endfacet
  facet normal 0 -1 0
    outer loop
      vertex 84.9182 -101.5 2.5
      vertex 113.831 -101.5 16
      vertex 84.9182 -101.5 16
    endloop
  endfacet
  facet normal 0 -1 -0
    outer loop
      vertex 113.831 -101.5 16
      vertex 84.9182 -101.5 2.5
      vertex 113.831 -101.5 2.5
    endloop
  endfacet
  facet normal 0.0507159 -0.998713 0
    outer loop
      vertex 113.831 -101.5 2.5
      vertex 114.343 -101.474 16
      vertex 113.831 -101.5 16
    endloop
  endfacet
  facet normal 0.0507159 -0.998713 0
    outer loop
      vertex 114.343 -101.474 16
      vertex 113.831 -101.5 2.5
      vertex 114.343 -101.474 2.5
    endloop
  endfacet
  facet normal 0.165323 -0.986239 0
    outer loop
      vertex 114.343 -101.474 2.5
      vertex 115.035 -101.358 16
      vertex 114.343 -101.474 16
    endloop
  endfacet
  facet normal 0.165323 -0.986239 0
    outer loop
      vertex 115.035 -101.358 16
      vertex 114.343 -101.474 2.5
      vertex 115.035 -101.358 2.5
    endloop
  endfacet
  facet normal 0.293207 -0.956049 0
    outer loop
      vertex 115.035 -101.358 2.5
      vertex 115.723 -101.147 16
      vertex 115.035 -101.358 16
    endloop
  endfacet
  facet normal 0.293207 -0.956049 0
    outer loop
      vertex 115.723 -101.147 16
      vertex 115.035 -101.358 2.5
      vertex 115.723 -101.147 2.5
    endloop
  endfacet
  facet normal 0.416416 -0.909174 0
    outer loop
      vertex 115.723 -101.147 2.5
      vertex 116.378 -100.847 16
      vertex 115.723 -101.147 16
    endloop
  endfacet
  facet normal 0.416416 -0.909174 0
    outer loop
      vertex 116.378 -100.847 16
      vertex 115.723 -101.147 2.5
      vertex 116.378 -100.847 2.5
    endloop
  endfacet
  facet normal 0.530748 -0.84753 0
    outer loop
      vertex 116.378 -100.847 2.5
      vertex 116.988 -100.465 16
      vertex 116.378 -100.847 16
    endloop
  endfacet
  facet normal 0.530748 -0.84753 0
    outer loop
      vertex 116.988 -100.465 16
      vertex 116.378 -100.847 2.5
      vertex 116.988 -100.465 2.5
    endloop
  endfacet
  facet normal 0.635805 -0.77185 0
    outer loop
      vertex 116.988 -100.465 2.5
      vertex 117.544 -100.007 16
      vertex 116.988 -100.465 16
    endloop
  endfacet
  facet normal 0.635805 -0.77185 0
    outer loop
      vertex 117.544 -100.007 16
      vertex 116.988 -100.465 2.5
      vertex 117.544 -100.007 2.5
    endloop
  endfacet
  facet normal 0.73267 -0.680584 0
    outer loop
      vertex 117.544 -100.007 16
      vertex 118.034 -99.4795 2.5
      vertex 118.034 -99.4795 16
    endloop
  endfacet
  facet normal 0.73267 -0.680584 0
    outer loop
      vertex 118.034 -99.4795 2.5
      vertex 117.544 -100.007 16
      vertex 117.544 -100.007 2.5
    endloop
  endfacet
  facet normal 0.81439 -0.580319 0
    outer loop
      vertex 118.034 -99.4795 16
      vertex 118.452 -98.8929 2.5
      vertex 118.452 -98.8929 16
    endloop
  endfacet
  facet normal 0.81439 -0.580319 0
    outer loop
      vertex 118.452 -98.8929 2.5
      vertex 118.034 -99.4795 16
      vertex 118.034 -99.4795 2.5
    endloop
  endfacet
  facet normal 0.883105 -0.469176 0
    outer loop
      vertex 118.452 -98.8929 16
      vertex 118.79 -98.2567 2.5
      vertex 118.79 -98.2567 16
    endloop
  endfacet
  facet normal 0.883105 -0.469176 0
    outer loop
      vertex 118.79 -98.2567 2.5
      vertex 118.452 -98.8929 16
      vertex 118.452 -98.8929 2.5
    endloop
  endfacet
  facet normal 0.937465 -0.34808 0
    outer loop
      vertex 118.79 -98.2567 16
      vertex 119.012 -97.6588 2.5
      vertex 119.012 -97.6588 16
    endloop
  endfacet
  facet normal 0.937465 -0.34808 0
    outer loop
      vertex 119.012 -97.6588 2.5
      vertex 118.79 -98.2567 16
      vertex 118.79 -98.2567 2.5
    endloop
  endfacet
  facet normal 0.957778 -0.287509 0
    outer loop
      vertex 120.533 -92.5919 16
      vertex 119.012 -97.6588 16
      vertex 120.533 -92.5919 13
    endloop
  endfacet
  facet normal 0.95784 -0.287301 0
    outer loop
      vertex 122.257 -86.8449 13
      vertex 123.265 -83.4843 16
      vertex 122.257 -86.8449 16
    endloop
  endfacet
  facet normal 0.95784 -0.287301 0
    outer loop
      vertex 123.265 -83.4843 16
      vertex 122.257 -86.8449 13
      vertex 123.265 -83.4843 2.5
    endloop
  endfacet
  facet normal 0.957831 -0.287333 -1.10857e-05
    outer loop
      vertex 120.533 -92.5919 13
      vertex 123.265 -83.4843 2.5
      vertex 122.257 -86.8449 13
    endloop
  endfacet
  facet normal 0.957778 -0.287509 0
    outer loop
      vertex 119.012 -97.6588 2.5
      vertex 120.533 -92.5919 13
      vertex 119.012 -97.6588 16
    endloop
  endfacet
  facet normal 0.957814 -0.287388 -6.36397e-05
    outer loop
      vertex 120.533 -92.5919 13
      vertex 119.012 -97.6588 2.5
      vertex 123.265 -83.4843 2.5
    endloop
  endfacet
  facet normal 0.977827 -0.209413 0
    outer loop
      vertex 123.265 -83.4843 16
      vertex 123.425 -82.7372 2.5
      vertex 123.425 -82.7372 16
    endloop
  endfacet
  facet normal 0.977827 -0.209413 0
    outer loop
      vertex 123.425 -82.7372 2.5
      vertex 123.265 -83.4843 16
      vertex 123.265 -83.4843 2.5
    endloop
  endfacet
  facet normal 0.997887 -0.0649737 0
    outer loop
      vertex 123.425 -82.7372 16
      vertex 123.473 -82 2.5
      vertex 123.473 -82 16
    endloop
  endfacet
  facet normal 0.997887 -0.0649737 0
    outer loop
      vertex 123.473 -82 2.5
      vertex 123.425 -82.7372 16
      vertex 123.425 -82.7372 2.5
    endloop
  endfacet
  facet normal 0.997868 0.0652655 0
    outer loop
      vertex 123.473 -82 16
      vertex 123.426 -81.2814 2.5
      vertex 123.426 -81.2814 16
    endloop
  endfacet
  facet normal 0.997868 0.0652655 0
    outer loop
      vertex 123.426 -81.2814 2.5
      vertex 123.473 -82 16
      vertex 123.473 -82 2.5
    endloop
  endfacet
  facet normal 0.980916 0.194433 0
    outer loop
      vertex 123.426 -81.2814 16
      vertex 123.286 -80.5751 2.5
      vertex 123.286 -80.5751 16
    endloop
  endfacet
  facet normal 0.980916 0.194433 0
    outer loop
      vertex 123.286 -80.5751 2.5
      vertex 123.426 -81.2814 16
      vertex 123.426 -81.2814 2.5
    endloop
  endfacet
  facet normal 0.946708 0.322094 0
    outer loop
      vertex 123.286 -80.5751 16
      vertex 123.054 -79.8932 2.5
      vertex 123.054 -79.8932 16
    endloop
  endfacet
  facet normal 0.946708 0.322094 0
    outer loop
      vertex 123.054 -79.8932 2.5
      vertex 123.286 -80.5751 16
      vertex 123.286 -80.5751 2.5
    endloop
  endfacet
  facet normal 0.897161 0.441705 0
    outer loop
      vertex 123.054 -79.8932 16
      vertex 122.736 -79.2473 2.5
      vertex 122.736 -79.2473 16
    endloop
  endfacet
  facet normal 0.897161 0.441705 0
    outer loop
      vertex 122.736 -79.2473 2.5
      vertex 123.054 -79.8932 16
      vertex 123.054 -79.8932 2.5
    endloop
  endfacet
  facet normal 0.83029 0.557332 0
    outer loop
      vertex 122.736 -79.2473 16
      vertex 122.57 -79 2.5
      vertex 122.57 -79 16
    endloop
  endfacet
  facet normal 0.83029 0.557332 0
    outer loop
      vertex 122.57 -79 2.5
      vertex 122.736 -79.2473 16
      vertex 122.736 -79.2473 2.5
    endloop
  endfacet
  facet normal 0 -1 0
    outer loop
      vertex 122.57 -79 2.5
      vertex 125.5 -79 16
      vertex 122.57 -79 16
    endloop
  endfacet
  facet normal 0 -1 -0
    outer loop
      vertex 125.5 -79 16
      vertex 122.57 -79 2.5
      vertex 125.5 -79 2.5
    endloop
  endfacet
  facet normal 0.998091 0.0617607 0
    outer loop
      vertex 125.5 -79 16
      vertex 125.467 -78.4667 2.5
      vertex 125.467 -78.4667 16
    endloop
  endfacet
  facet normal 0.998091 0.0617607 0
    outer loop
      vertex 125.467 -78.4667 2.5
      vertex 125.5 -79 16
      vertex 125.5 -79 2.5
    endloop
  endfacet
  facet normal 0.321786 -0.946812 0
    outer loop
      vertex 125.467 -78.4667 2.5
      vertex 125.758 -78.3678 16
      vertex 125.467 -78.4667 16
    endloop
  endfacet
  facet normal 0.321786 -0.946812 0
    outer loop
      vertex 125.758 -78.3678 16
      vertex 125.467 -78.4667 2.5
      vertex 125.758 -78.3678 2.5
    endloop
  endfacet
  facet normal 0.442725 -0.896658 0
    outer loop
      vertex 125.758 -78.3678 2.5
      vertex 126.286 -78.1071 16
      vertex 125.758 -78.3678 16
    endloop
  endfacet
  facet normal 0.442725 -0.896658 0
    outer loop
      vertex 126.286 -78.1071 16
      vertex 125.758 -78.3678 2.5
      vertex 126.286 -78.1071 2.5
    endloop
  endfacet
  facet normal 0.554778 -0.831998 0
    outer loop
      vertex 126.286 -78.1071 2.5
      vertex 126.777 -77.7797 16
      vertex 126.286 -78.1071 16
    endloop
  endfacet
  facet normal 0.554778 -0.831998 0
    outer loop
      vertex 126.777 -77.7797 16
      vertex 126.286 -78.1071 2.5
      vertex 126.777 -77.7797 2.5
    endloop
  endfacet
  facet normal 0.659345 -0.75184 0
    outer loop
      vertex 126.777 -77.7797 2.5
      vertex 127.22 -77.3912 16
      vertex 126.777 -77.7797 16
    endloop
  endfacet
  facet normal 0.659345 -0.75184 0
    outer loop
      vertex 127.22 -77.3912 16
      vertex 126.777 -77.7797 2.5
      vertex 127.22 -77.3912 2.5
    endloop
  endfacet
  facet normal 0.752335 -0.658781 0
    outer loop
      vertex 127.22 -77.3912 16
      vertex 127.608 -76.9481 2.5
      vertex 127.608 -76.9481 16
    endloop
  endfacet
  facet normal 0.752335 -0.658781 0
    outer loop
      vertex 127.608 -76.9481 2.5
      vertex 127.22 -77.3912 16
      vertex 127.22 -77.3912 2.5
    endloop
  endfacet
  facet normal 0.831005 -0.556265 0
    outer loop
      vertex 127.608 -76.9481 16
      vertex 127.936 -76.4581 2.5
      vertex 127.936 -76.4581 16
    endloop
  endfacet
  facet normal 0.831005 -0.556265 0
    outer loop
      vertex 127.936 -76.4581 2.5
      vertex 127.608 -76.9481 16
      vertex 127.608 -76.9481 2.5
    endloop
  endfacet
  facet normal 0.897407 -0.441205 0
    outer loop
      vertex 127.936 -76.4581 16
      vertex 128.189 -75.9435 2.5
      vertex 128.189 -75.9435 16
    endloop
  endfacet
  facet normal 0.897407 -0.441205 0
    outer loop
      vertex 128.189 -75.9435 2.5
      vertex 127.936 -76.4581 16
      vertex 127.936 -76.4581 2.5
    endloop
  endfacet
  facet normal 0.942878 -0.333139 0
    outer loop
      vertex 128.189 -75.9435 16
      vertex 128.331 -75.5416 2.5
      vertex 128.331 -75.5416 16
    endloop
  endfacet
  facet normal 0.942878 -0.333139 0
    outer loop
      vertex 128.331 -75.5416 2.5
      vertex 128.189 -75.9435 16
      vertex 128.189 -75.9435 2.5
    endloop
  endfacet
  facet normal 0.959169 -0.282833 0
    outer loop
      vertex 128.331 -75.5416 16
      vertex 149.869 -2.5 2.5
      vertex 149.869 -2.5 16
    endloop
  endfacet
  facet normal 0.959169 -0.282833 0
    outer loop
      vertex 149.869 -2.5 2.5
      vertex 128.331 -75.5416 16
      vertex 128.331 -75.5416 2.5
    endloop
  endfacet
  facet normal 0 -1 0
    outer loop
      vertex 149.869 -2.5 16
      vertex 168.53 -2.5 15.5432
      vertex 168.5 -2.5 16
    endloop
  endfacet
  facet normal 0 -1 0
    outer loop
      vertex 149.869 -2.5 16
      vertex 168.619 -2.5 15.0941
      vertex 168.53 -2.5 15.5432
    endloop
  endfacet
  facet normal 0 -1 0
    outer loop
      vertex 149.869 -2.5 16
      vertex 168.766 -2.5 14.6606
      vertex 168.619 -2.5 15.0941
    endloop
  endfacet
  facet normal 0 -1 0
    outer loop
      vertex 149.869 -2.5 16
      vertex 168.969 -2.5 14.25
      vertex 168.766 -2.5 14.6606
    endloop
  endfacet
  facet normal 0 -1 0
    outer loop
      vertex 149.869 -2.5 2.5
      vertex 168.969 -2.5 14.25
      vertex 149.869 -2.5 16
    endloop
  endfacet
  facet normal 0 -1 -0
    outer loop
      vertex 168.969 -2.5 14.25
      vertex 149.869 -2.5 2.5
      vertex 169.223 -2.5 13.8693
    endloop
  endfacet
  facet normal 0 -1 -0
    outer loop
      vertex 169.223 -2.5 13.8693
      vertex 149.869 -2.5 2.5
      vertex 169.525 -2.5 13.5251
    endloop
  endfacet
  facet normal 0 -1 -0
    outer loop
      vertex 169.525 -2.5 13.5251
      vertex 149.869 -2.5 2.5
      vertex 169.869 -2.5 13.2233
    endloop
  endfacet
  facet normal 0 -1 -0
    outer loop
      vertex 169.869 -2.5 13.2233
      vertex 149.869 -2.5 2.5
      vertex 170.25 -2.5 12.9689
    endloop
  endfacet
  facet normal 0 -1 -0
    outer loop
      vertex 170.25 -2.5 12.9689
      vertex 149.869 -2.5 2.5
      vertex 170.661 -2.5 12.7664
    endloop
  endfacet
  facet normal 0 -1 -0
    outer loop
      vertex 170.661 -2.5 12.7664
      vertex 149.869 -2.5 2.5
      vertex 171.094 -2.5 12.6193
    endloop
  endfacet
  facet normal 0 -1 -0
    outer loop
      vertex 171.543 -2.5 12.5299
      vertex 149.869 -2.5 2.5
      vertex 172 -2.5 12.5
    endloop
  endfacet
  facet normal 0 -1 -0
    outer loop
      vertex 171.094 -2.5 12.6193
      vertex 149.869 -2.5 2.5
      vertex 171.543 -2.5 12.5299
    endloop
  endfacet
  facet normal 0 -1 0
    outer loop
      vertex 175.47 -2.5 15.5432
      vertex 201.002 -2.5 16
      vertex 175.5 -2.5 16
    endloop
  endfacet
  facet normal 0 -1 0
    outer loop
      vertex 175.381 -2.5 15.0941
      vertex 201.002 -2.5 16
      vertex 175.47 -2.5 15.5432
    endloop
  endfacet
  facet normal 0 -1 0
    outer loop
      vertex 175.234 -2.5 14.6606
      vertex 201.002 -2.5 16
      vertex 175.381 -2.5 15.0941
    endloop
  endfacet
  facet normal 0 -1 0
    outer loop
      vertex 201.002 -2.5 2.5
      vertex 175.234 -2.5 14.6606
      vertex 175.031 -2.5 14.25
    endloop
  endfacet
  facet normal 0 -1 0
    outer loop
      vertex 201.002 -2.5 2.5
      vertex 175.031 -2.5 14.25
      vertex 174.777 -2.5 13.8693
    endloop
  endfacet
  facet normal 0 -1 0
    outer loop
      vertex 201.002 -2.5 2.5
      vertex 174.777 -2.5 13.8693
      vertex 174.475 -2.5 13.5251
    endloop
  endfacet
  facet normal 0 -1 0
    outer loop
      vertex 201.002 -2.5 2.5
      vertex 174.475 -2.5 13.5251
      vertex 174.131 -2.5 13.2233
    endloop
  endfacet
  facet normal 0 -1 0
    outer loop
      vertex 201.002 -2.5 2.5
      vertex 174.131 -2.5 13.2233
      vertex 173.75 -2.5 12.9689
    endloop
  endfacet
  facet normal 0 -1 0
    outer loop
      vertex 201.002 -2.5 2.5
      vertex 173.75 -2.5 12.9689
      vertex 173.339 -2.5 12.7664
    endloop
  endfacet
  facet normal 0 -1 0
    outer loop
      vertex 201.002 -2.5 2.5
      vertex 173.339 -2.5 12.7664
      vertex 172.906 -2.5 12.6193
    endloop
  endfacet
  facet normal 0 -1 0
    outer loop
      vertex 201.002 -2.5 2.5
      vertex 172.906 -2.5 12.6193
      vertex 172.457 -2.5 12.5299
    endloop
  endfacet
  facet normal 0 -1 0
    outer loop
      vertex 149.869 -2.5 2.5
      vertex 172.457 -2.5 12.5299
      vertex 172 -2.5 12.5
    endloop
  endfacet
  facet normal 0 -1 0
    outer loop
      vertex 201.002 -2.5 2.5
      vertex 172.457 -2.5 12.5299
      vertex 149.869 -2.5 2.5
    endloop
  endfacet
  facet normal 0 -1 0
    outer loop
      vertex 175.234 -2.5 14.6606
      vertex 201.002 -2.5 2.5
      vertex 201.002 -2.5 16
    endloop
  endfacet
  facet normal -0.983719 0.179715 0
    outer loop
      vertex 182.715 -102.599 2.5
      vertex 201.002 -2.5 16
      vertex 201.002 -2.5 2.5
    endloop
  endfacet
  facet normal -0.983719 0.179715 0
    outer loop
      vertex 201.002 -2.5 16
      vertex 182.715 -102.599 2.5
      vertex 182.715 -102.599 16
    endloop
  endfacet
  facet normal 0 -0.751873 -0.659307
    outer loop
      vertex 2.5 -128.288 12.712
      vertex 5.5 -128.689 13.1693
      vertex 2.5 -128.689 13.1693
    endloop
  endfacet
  facet normal 0 -0.751873 -0.659307
    outer loop
      vertex 5.5 -128.689 13.1693
      vertex 2.5 -128.288 12.712
      vertex 5.5 -128.288 12.712
    endloop
  endfacet
  facet normal 0 -0.997835 -0.065766
    outer loop
      vertex 2.5 -129.61 15.3931
      vertex 5.5 -129.65 16
      vertex 2.5 -129.65 16
    endloop
  endfacet
  facet normal 0 -0.997835 -0.065766
    outer loop
      vertex 5.5 -129.65 16
      vertex 2.5 -129.61 15.3931
      vertex 5.5 -129.61 15.3931
    endloop
  endfacet
  facet normal 0 0.980996 -0.194029
    outer loop
      vertex 5.5 -120.508 14.7965
      vertex 2.5 -120.39 15.3931
      vertex 5.5 -120.39 15.3931
    endloop
  endfacet
  facet normal 0 0.980996 -0.194029
    outer loop
      vertex 2.5 -120.39 15.3931
      vertex 5.5 -120.508 14.7965
      vertex 2.5 -120.508 14.7965
    endloop
  endfacet
  facet normal 0 -0.946693 -0.322138
    outer loop
      vertex 2.5 -129.296 14.2205
      vertex 5.5 -129.492 14.7965
      vertex 2.5 -129.492 14.7965
    endloop
  endfacet
  facet normal 0 -0.946693 -0.322138
    outer loop
      vertex 5.5 -129.492 14.7965
      vertex 2.5 -129.296 14.2205
      vertex 5.5 -129.296 14.2205
    endloop
  endfacet
  facet normal 0 0.831392 -0.555686
    outer loop
      vertex 5.5 -121.311 13.1693
      vertex 2.5 -120.973 13.675
      vertex 5.5 -120.973 13.675
    endloop
  endfacet
  facet normal 0 0.831392 -0.555686
    outer loop
      vertex 2.5 -120.973 13.675
      vertex 5.5 -121.311 13.1693
      vertex 2.5 -121.311 13.1693
    endloop
  endfacet
  facet normal 0 -0.32205 -0.946723
    outer loop
      vertex 2.5 -126.779 11.704
      vertex 5.5 -126.204 11.5084
      vertex 5.5 -126.779 11.704
    endloop
  endfacet
  facet normal -0 -0.32205 -0.946723
    outer loop
      vertex 5.5 -126.204 11.5084
      vertex 2.5 -126.779 11.704
      vertex 2.5 -126.204 11.5084
    endloop
  endfacet
  facet normal 0 -0.831392 -0.555686
    outer loop
      vertex 2.5 -128.689 13.1693
      vertex 5.5 -129.027 13.675
      vertex 2.5 -129.027 13.675
    endloop
  endfacet
  facet normal 0 -0.831392 -0.555686
    outer loop
      vertex 5.5 -129.027 13.675
      vertex 2.5 -128.689 13.1693
      vertex 5.5 -128.689 13.1693
    endloop
  endfacet
  facet normal 0 -0.89688 -0.442274
    outer loop
      vertex 2.5 -129.027 13.675
      vertex 5.5 -129.296 14.2205
      vertex 2.5 -129.296 14.2205
    endloop
  endfacet
  facet normal 0 -0.89688 -0.442274
    outer loop
      vertex 5.5 -129.296 14.2205
      vertex 2.5 -129.027 13.675
      vertex 5.5 -129.027 13.675
    endloop
  endfacet
  facet normal 0 0.0654279 -0.997857
    outer loop
      vertex 2.5 -125 11.35
      vertex 5.5 -124.393 11.3898
      vertex 5.5 -125 11.35
    endloop
  endfacet
  facet normal 0 0.0654279 -0.997857
    outer loop
      vertex 5.5 -124.393 11.3898
      vertex 2.5 -125 11.35
      vertex 2.5 -124.393 11.3898
    endloop
  endfacet
  facet normal 0 0.194852 -0.980833
    outer loop
      vertex 2.5 -124.393 11.3898
      vertex 5.5 -123.796 11.5084
      vertex 5.5 -124.393 11.3898
    endloop
  endfacet
  facet normal 0 0.194852 -0.980833
    outer loop
      vertex 5.5 -123.796 11.5084
      vertex 2.5 -124.393 11.3898
      vertex 2.5 -123.796 11.5084
    endloop
  endfacet
  facet normal 0 0.997835 -0.065766
    outer loop
      vertex 5.5 -120.39 15.3931
      vertex 2.5 -120.35 16
      vertex 5.5 -120.35 16
    endloop
  endfacet
  facet normal 0 0.997835 -0.065766
    outer loop
      vertex 2.5 -120.35 16
      vertex 5.5 -120.39 15.3931
      vertex 2.5 -120.39 15.3931
    endloop
  endfacet
  facet normal 0 -0.659645 -0.751577
    outer loop
      vertex 2.5 -128.288 12.712
      vertex 5.5 -127.831 12.3109
      vertex 5.5 -128.288 12.712
    endloop
  endfacet
  facet normal -0 -0.659645 -0.751577
    outer loop
      vertex 5.5 -127.831 12.3109
      vertex 2.5 -128.288 12.712
      vertex 2.5 -127.831 12.3109
    endloop
  endfacet
  facet normal 0 0.555345 -0.83162
    outer loop
      vertex 2.5 -122.675 11.973
      vertex 5.5 -122.169 12.3109
      vertex 5.5 -122.675 11.973
    endloop
  endfacet
  facet normal 0 0.555345 -0.83162
    outer loop
      vertex 5.5 -122.169 12.3109
      vertex 2.5 -122.675 11.973
      vertex 2.5 -122.169 12.3109
    endloop
  endfacet
  facet normal 0 0.946693 -0.322138
    outer loop
      vertex 5.5 -120.704 14.2205
      vertex 2.5 -120.508 14.7965
      vertex 5.5 -120.508 14.7965
    endloop
  endfacet
  facet normal 0 0.946693 -0.322138
    outer loop
      vertex 2.5 -120.508 14.7965
      vertex 5.5 -120.704 14.2205
      vertex 2.5 -120.704 14.2205
    endloop
  endfacet
  facet normal 0 -0.980996 -0.194029
    outer loop
      vertex 2.5 -129.492 14.7965
      vertex 5.5 -129.61 15.3931
      vertex 2.5 -129.61 15.3931
    endloop
  endfacet
  facet normal 0 -0.980996 -0.194029
    outer loop
      vertex 5.5 -129.61 15.3931
      vertex 2.5 -129.492 14.7965
      vertex 5.5 -129.492 14.7965
    endloop
  endfacet
  facet normal 1 -0 0
    outer loop
      vertex 5.5 -122.373 15.6541
      vertex 5.5 -120.39 15.3931
      vertex 5.5 -120.35 16
    endloop
  endfacet
  facet normal 1 0 0
    outer loop
      vertex 5.5 -120.39 15.3931
      vertex 5.5 -122.373 15.6541
      vertex 5.5 -120.508 14.7965
    endloop
  endfacet
  facet normal 1 0 0
    outer loop
      vertex 5.5 -120.508 14.7965
      vertex 5.5 -122.44 15.3141
      vertex 5.5 -120.704 14.2205
    endloop
  endfacet
  facet normal 1 -0 0
    outer loop
      vertex 5.5 -122.552 14.9859
      vertex 5.5 -120.704 14.2205
      vertex 5.5 -122.44 15.3141
    endloop
  endfacet
  facet normal 1 -0 0
    outer loop
      vertex 5.5 -122.705 14.675
      vertex 5.5 -120.973 13.675
      vertex 5.5 -122.552 14.9859
    endloop
  endfacet
  facet normal 1 0 0
    outer loop
      vertex 5.5 -120.973 13.675
      vertex 5.5 -122.705 14.675
      vertex 5.5 -121.311 13.1693
    endloop
  endfacet
  facet normal 1 0 0
    outer loop
      vertex 5.5 -122.373 15.6541
      vertex 5.5 -120.35 16
      vertex 5.5 -122.35 16
    endloop
  endfacet
  facet normal 1 0 0
    outer loop
      vertex 5.5 -120.508 14.7965
      vertex 5.5 -122.373 15.6541
      vertex 5.5 -122.44 15.3141
    endloop
  endfacet
  facet normal 1 0 0
    outer loop
      vertex 5.5 -120.704 14.2205
      vertex 5.5 -122.552 14.9859
      vertex 5.5 -120.973 13.675
    endloop
  endfacet
  facet normal 1 -0 0
    outer loop
      vertex 5.5 -122.898 14.3868
      vertex 5.5 -121.311 13.1693
      vertex 5.5 -122.705 14.675
    endloop
  endfacet
  facet normal 1 0 0
    outer loop
      vertex 5.5 -121.311 13.1693
      vertex 5.5 -122.898 14.3868
      vertex 5.5 -121.712 12.712
    endloop
  endfacet
  facet normal 1 -0 0
    outer loop
      vertex 5.5 -123.126 14.1262
      vertex 5.5 -121.712 12.712
      vertex 5.5 -122.898 14.3868
    endloop
  endfacet
  facet normal 1 0 0
    outer loop
      vertex 5.5 -121.712 12.712
      vertex 5.5 -123.126 14.1262
      vertex 5.5 -122.169 12.3109
    endloop
  endfacet
  facet normal 1 -0 0
    outer loop
      vertex 5.5 -123.387 13.8976
      vertex 5.5 -122.169 12.3109
      vertex 5.5 -123.126 14.1262
    endloop
  endfacet
  facet normal 1 0 0
    outer loop
      vertex 5.5 -122.169 12.3109
      vertex 5.5 -123.387 13.8976
      vertex 5.5 -122.675 11.973
    endloop
  endfacet
  facet normal 1 -0 0
    outer loop
      vertex 5.5 -123.675 13.705
      vertex 5.5 -122.675 11.973
      vertex 5.5 -123.387 13.8976
    endloop
  endfacet
  facet normal 1 0 0
    outer loop
      vertex 5.5 -122.675 11.973
      vertex 5.5 -123.675 13.705
      vertex 5.5 -123.221 11.704
    endloop
  endfacet
  facet normal 1 -0 0
    outer loop
      vertex 5.5 -123.986 13.5517
      vertex 5.5 -123.221 11.704
      vertex 5.5 -123.675 13.705
    endloop
  endfacet
  facet normal 1 0 0
    outer loop
      vertex 5.5 -123.221 11.704
      vertex 5.5 -123.986 13.5517
      vertex 5.5 -123.796 11.5084
    endloop
  endfacet
  facet normal 1 -0 0
    outer loop
      vertex 5.5 -124.314 13.4403
      vertex 5.5 -123.796 11.5084
      vertex 5.5 -123.986 13.5517
    endloop
  endfacet
  facet normal 1 0 0
    outer loop
      vertex 5.5 -124.314 13.4403
      vertex 5.5 -124.393 11.3898
      vertex 5.5 -123.796 11.5084
    endloop
  endfacet
  facet normal 1 -0 0
    outer loop
      vertex 5.5 -124.654 13.3727
      vertex 5.5 -124.393 11.3898
      vertex 5.5 -124.314 13.4403
    endloop
  endfacet
  facet normal 1 -0 0
    outer loop
      vertex 5.5 -125 13.35
      vertex 5.5 -124.393 11.3898
      vertex 5.5 -124.654 13.3727
    endloop
  endfacet
  facet normal 1 0 0
    outer loop
      vertex 5.5 -125 13.35
      vertex 5.5 -125 11.35
      vertex 5.5 -124.393 11.3898
    endloop
  endfacet
  facet normal 1 0 0
    outer loop
      vertex 5.5 -125.346 13.3727
      vertex 5.5 -125 11.35
      vertex 5.5 -125 13.35
    endloop
  endfacet
  facet normal 1 0 0
    outer loop
      vertex 5.5 -125.346 13.3727
      vertex 5.5 -125.607 11.3898
      vertex 5.5 -125 11.35
    endloop
  endfacet
  facet normal 1 0 0
    outer loop
      vertex 5.5 -125.686 13.4403
      vertex 5.5 -125.607 11.3898
      vertex 5.5 -125.346 13.3727
    endloop
  endfacet
  facet normal 1 0 0
    outer loop
      vertex 5.5 -126.204 11.5084
      vertex 5.5 -125.686 13.4403
      vertex 5.5 -126.014 13.5517
    endloop
  endfacet
  facet normal 1 0 0
    outer loop
      vertex 5.5 -125.686 13.4403
      vertex 5.5 -126.204 11.5084
      vertex 5.5 -125.607 11.3898
    endloop
  endfacet
  facet normal 1 0 0
    outer loop
      vertex 5.5 -126.779 11.704
      vertex 5.5 -126.014 13.5517
      vertex 5.5 -126.325 13.705
    endloop
  endfacet
  facet normal 1 0 0
    outer loop
      vertex 5.5 -127.325 11.973
      vertex 5.5 -126.325 13.705
      vertex 5.5 -126.613 13.8976
    endloop
  endfacet
  facet normal 1 0 0
    outer loop
      vertex 5.5 -126.014 13.5517
      vertex 5.5 -126.779 11.704
      vertex 5.5 -126.204 11.5084
    endloop
  endfacet
  facet normal 1 0 0
    outer loop
      vertex 5.5 -127.831 12.3109
      vertex 5.5 -126.613 13.8976
      vertex 5.5 -126.874 14.1262
    endloop
  endfacet
  facet normal 1 0 0
    outer loop
      vertex 5.5 -128.288 12.712
      vertex 5.5 -126.874 14.1262
      vertex 5.5 -127.102 14.3868
    endloop
  endfacet
  facet normal 1 0 0
    outer loop
      vertex 5.5 -128.689 13.1693
      vertex 5.5 -127.102 14.3868
      vertex 5.5 -127.295 14.675
    endloop
  endfacet
  facet normal 1 0 0
    outer loop
      vertex 5.5 -126.325 13.705
      vertex 5.5 -127.325 11.973
      vertex 5.5 -126.779 11.704
    endloop
  endfacet
  facet normal 1 0 0
    outer loop
      vertex 5.5 -129.027 13.675
      vertex 5.5 -127.295 14.675
      vertex 5.5 -127.448 14.9859
    endloop
  endfacet
  facet normal 1 0 0
    outer loop
      vertex 5.5 -129.296 14.2205
      vertex 5.5 -127.448 14.9859
      vertex 5.5 -127.56 15.3141
    endloop
  endfacet
  facet normal 1 0 0
    outer loop
      vertex 5.5 -129.492 14.7965
      vertex 5.5 -127.56 15.3141
      vertex 5.5 -127.627 15.6541
    endloop
  endfacet
  facet normal 1 0 0
    outer loop
      vertex 5.5 -126.613 13.8976
      vertex 5.5 -127.831 12.3109
      vertex 5.5 -127.325 11.973
    endloop
  endfacet
  facet normal 1 0 0
    outer loop
      vertex 5.5 -129.61 15.3931
      vertex 5.5 -127.627 15.6541
      vertex 5.5 -127.65 16
    endloop
  endfacet
  facet normal 1 0 0
    outer loop
      vertex 5.5 -126.874 14.1262
      vertex 5.5 -128.288 12.712
      vertex 5.5 -127.831 12.3109
    endloop
  endfacet
  facet normal 1 0 0
    outer loop
      vertex 5.5 -127.102 14.3868
      vertex 5.5 -128.689 13.1693
      vertex 5.5 -128.288 12.712
    endloop
  endfacet
  facet normal 1 0 0
    outer loop
      vertex 5.5 -127.295 14.675
      vertex 5.5 -129.027 13.675
      vertex 5.5 -128.689 13.1693
    endloop
  endfacet
  facet normal 1 0 0
    outer loop
      vertex 5.5 -127.448 14.9859
      vertex 5.5 -129.296 14.2205
      vertex 5.5 -129.027 13.675
    endloop
  endfacet
  facet normal 1 0 0
    outer loop
      vertex 5.5 -127.56 15.3141
      vertex 5.5 -129.492 14.7965
      vertex 5.5 -129.296 14.2205
    endloop
  endfacet
  facet normal 1 0 0
    outer loop
      vertex 5.5 -127.627 15.6541
      vertex 5.5 -129.61 15.3931
      vertex 5.5 -129.492 14.7965
    endloop
  endfacet
  facet normal 1 0 -0
    outer loop
      vertex 5.5 -129.61 15.3931
      vertex 5.5 -127.65 16
      vertex 5.5 -129.65 16
    endloop
  endfacet
  facet normal 0 0.751873 -0.659307
    outer loop
      vertex 5.5 -121.712 12.712
      vertex 2.5 -121.311 13.1693
      vertex 5.5 -121.311 13.1693
    endloop
  endfacet
  facet normal 0 0.751873 -0.659307
    outer loop
      vertex 2.5 -121.311 13.1693
      vertex 5.5 -121.712 12.712
      vertex 2.5 -121.712 12.712
    endloop
  endfacet
  facet normal 0 0.441948 -0.89704
    outer loop
      vertex 2.5 -123.221 11.704
      vertex 5.5 -122.675 11.973
      vertex 5.5 -123.221 11.704
    endloop
  endfacet
  facet normal 0 0.441948 -0.89704
    outer loop
      vertex 5.5 -122.675 11.973
      vertex 2.5 -123.221 11.704
      vertex 2.5 -122.675 11.973
    endloop
  endfacet
  facet normal 0 0.659645 -0.751577
    outer loop
      vertex 2.5 -122.169 12.3109
      vertex 5.5 -121.712 12.712
      vertex 5.5 -122.169 12.3109
    endloop
  endfacet
  facet normal 0 0.659645 -0.751577
    outer loop
      vertex 5.5 -121.712 12.712
      vertex 2.5 -122.169 12.3109
      vertex 2.5 -121.712 12.712
    endloop
  endfacet
  facet normal 0 -0.0654279 -0.997857
    outer loop
      vertex 2.5 -125.607 11.3898
      vertex 5.5 -125 11.35
      vertex 5.5 -125.607 11.3898
    endloop
  endfacet
  facet normal -0 -0.0654279 -0.997857
    outer loop
      vertex 5.5 -125 11.35
      vertex 2.5 -125.607 11.3898
      vertex 2.5 -125 11.35
    endloop
  endfacet
  facet normal 0 0.89688 -0.442274
    outer loop
      vertex 5.5 -120.973 13.675
      vertex 2.5 -120.704 14.2205
      vertex 5.5 -120.704 14.2205
    endloop
  endfacet
  facet normal 0 0.89688 -0.442274
    outer loop
      vertex 2.5 -120.704 14.2205
      vertex 5.5 -120.973 13.675
      vertex 2.5 -120.973 13.675
    endloop
  endfacet
  facet normal 0 -0.194852 -0.980833
    outer loop
      vertex 2.5 -126.204 11.5084
      vertex 5.5 -125.607 11.3898
      vertex 5.5 -126.204 11.5084
    endloop
  endfacet
  facet normal -0 -0.194852 -0.980833
    outer loop
      vertex 5.5 -125.607 11.3898
      vertex 2.5 -126.204 11.5084
      vertex 2.5 -125.607 11.3898
    endloop
  endfacet
  facet normal 0 0.32205 -0.946723
    outer loop
      vertex 2.5 -123.796 11.5084
      vertex 5.5 -123.221 11.704
      vertex 5.5 -123.796 11.5084
    endloop
  endfacet
  facet normal 0 0.32205 -0.946723
    outer loop
      vertex 5.5 -123.221 11.704
      vertex 2.5 -123.796 11.5084
      vertex 2.5 -123.221 11.704
    endloop
  endfacet
  facet normal 0 -0.555345 -0.83162
    outer loop
      vertex 2.5 -127.831 12.3109
      vertex 5.5 -127.325 11.973
      vertex 5.5 -127.831 12.3109
    endloop
  endfacet
  facet normal -0 -0.555345 -0.83162
    outer loop
      vertex 5.5 -127.325 11.973
      vertex 2.5 -127.831 12.3109
      vertex 2.5 -127.325 11.973
    endloop
  endfacet
  facet normal 0 -0.441948 -0.89704
    outer loop
      vertex 2.5 -127.325 11.973
      vertex 5.5 -126.779 11.704
      vertex 5.5 -127.325 11.973
    endloop
  endfacet
  facet normal -0 -0.441948 -0.89704
    outer loop
      vertex 5.5 -126.779 11.704
      vertex 2.5 -127.325 11.973
      vertex 2.5 -126.779 11.704
    endloop
  endfacet
  facet normal 0.980764 -0.195197 0
    outer loop
      vertex 27.8637 -111.035 16
      vertex 27.9658 -110.522 2.5
      vertex 27.9658 -110.522 16
    endloop
  endfacet
  facet normal 0.980764 -0.195197 0
    outer loop
      vertex 27.9658 -110.522 2.5
      vertex 27.8637 -111.035 16
      vertex 27.8637 -111.035 2.5
    endloop
  endfacet
  facet normal 0.997861 -0.0653771 0
    outer loop
      vertex 27.9658 -110.522 16
      vertex 28 -110 2.5
      vertex 28 -110 16
    endloop
  endfacet
  facet normal 0.997861 -0.0653771 0
    outer loop
      vertex 28 -110 2.5
      vertex 27.9658 -110.522 16
      vertex 27.9658 -110.522 2.5
    endloop
  endfacet
  facet normal -0.659343 -0.751842 0
    outer loop
      vertex 21.1716 -112.828 2.5
      vertex 21.565 -113.173 16
      vertex 21.1716 -112.828 16
    endloop
  endfacet
  facet normal -0.659343 -0.751842 -0
    outer loop
      vertex 21.565 -113.173 16
      vertex 21.1716 -112.828 2.5
      vertex 21.565 -113.173 2.5
    endloop
  endfacet
  facet normal -0.896786 -0.442465 0
    outer loop
      vertex 20.5359 -112 2.5
      vertex 20.3045 -111.531 16
      vertex 20.3045 -111.531 2.5
    endloop
  endfacet
  facet normal -0.896786 -0.442465 0
    outer loop
      vertex 20.3045 -111.531 16
      vertex 20.5359 -112 2.5
      vertex 20.5359 -112 16
    endloop
  endfacet
  facet normal 0.980764 0.195197 0
    outer loop
      vertex 27.9658 -109.478 16
      vertex 27.8637 -108.965 2.5
      vertex 27.8637 -108.965 16
    endloop
  endfacet
  facet normal 0.980764 0.195197 0
    outer loop
      vertex 27.8637 -108.965 2.5
      vertex 27.9658 -109.478 16
      vertex 27.9658 -109.478 2.5
    endloop
  endfacet
  facet normal 0.947028 0.32115 0
    outer loop
      vertex 27.8637 -108.965 16
      vertex 27.6955 -108.469 2.5
      vertex 27.6955 -108.469 16
    endloop
  endfacet
  facet normal 0.947028 0.32115 0
    outer loop
      vertex 27.6955 -108.469 2.5
      vertex 27.8637 -108.965 16
      vertex 27.8637 -108.965 2.5
    endloop
  endfacet
  facet normal -0.997861 -0.0653771 0
    outer loop
      vertex 20.0342 -110.522 2.5
      vertex 20 -110 16
      vertex 20 -110 2.5
    endloop
  endfacet
  facet normal -0.997861 -0.0653771 0
    outer loop
      vertex 20 -110 16
      vertex 20.0342 -110.522 2.5
      vertex 20.0342 -110.522 16
    endloop
  endfacet
  facet normal 0.321156 -0.947026 0
    outer loop
      vertex 25.0353 -113.864 2.5
      vertex 25.5307 -113.696 16
      vertex 25.0353 -113.864 16
    endloop
  endfacet
  facet normal 0.321156 -0.947026 0
    outer loop
      vertex 25.5307 -113.696 16
      vertex 25.0353 -113.864 2.5
      vertex 25.5307 -113.696 2.5
    endloop
  endfacet
  facet normal -0.947028 0.32115 0
    outer loop
      vertex 20.1363 -108.965 2.5
      vertex 20.3045 -108.469 16
      vertex 20.3045 -108.469 2.5
    endloop
  endfacet
  facet normal -0.947028 0.32115 0
    outer loop
      vertex 20.3045 -108.469 16
      vertex 20.1363 -108.965 2.5
      vertex 20.1363 -108.965 16
    endloop
  endfacet
  facet normal 0.19494 -0.980815 0
    outer loop
      vertex 24.5221 -113.966 2.5
      vertex 25.0353 -113.864 16
      vertex 24.5221 -113.966 16
    endloop
  endfacet
  facet normal 0.19494 -0.980815 0
    outer loop
      vertex 25.0353 -113.864 16
      vertex 24.5221 -113.966 2.5
      vertex 25.0353 -113.864 2.5
    endloop
  endfacet
  facet normal 0.443159 0.896443 -0
    outer loop
      vertex 26 -106.536 2.5
      vertex 25.5307 -106.304 16
      vertex 26 -106.536 16
    endloop
  endfacet
  facet normal 0.443159 0.896443 0
    outer loop
      vertex 25.5307 -106.304 16
      vertex 26 -106.536 2.5
      vertex 25.5307 -106.304 2.5
    endloop
  endfacet
  facet normal 0.659343 -0.751842 0
    outer loop
      vertex 26.435 -113.173 2.5
      vertex 26.8284 -112.828 16
      vertex 26.435 -113.173 16
    endloop
  endfacet
  facet normal 0.659343 -0.751842 0
    outer loop
      vertex 26.8284 -112.828 16
      vertex 26.435 -113.173 2.5
      vertex 26.8284 -112.828 2.5
    endloop
  endfacet
  facet normal 0.831432 0.555626 0
    outer loop
      vertex 27.4641 -108 16
      vertex 27.1734 -107.565 2.5
      vertex 27.1734 -107.565 16
    endloop
  endfacet
  facet normal 0.831432 0.555626 0
    outer loop
      vertex 27.1734 -107.565 2.5
      vertex 27.4641 -108 16
      vertex 27.4641 -108 2.5
    endloop
  endfacet
  facet normal -0.896786 0.442465 0
    outer loop
      vertex 20.3045 -108.469 2.5
      vertex 20.5359 -108 16
      vertex 20.5359 -108 2.5
    endloop
  endfacet
  facet normal -0.896786 0.442465 0
    outer loop
      vertex 20.5359 -108 16
      vertex 20.3045 -108.469 2.5
      vertex 20.3045 -108.469 16
    endloop
  endfacet
  facet normal -0.75151 -0.659722 0
    outer loop
      vertex 21.1716 -112.828 2.5
      vertex 20.8266 -112.435 16
      vertex 20.8266 -112.435 2.5
    endloop
  endfacet
  facet normal -0.75151 -0.659722 0
    outer loop
      vertex 20.8266 -112.435 16
      vertex 21.1716 -112.828 2.5
      vertex 21.1716 -112.828 16
    endloop
  endfacet
  facet normal -0.321156 0.947026 0
    outer loop
      vertex 22.9647 -106.136 2.5
      vertex 22.4693 -106.304 16
      vertex 22.9647 -106.136 16
    endloop
  endfacet
  facet normal -0.321156 0.947026 0
    outer loop
      vertex 22.4693 -106.304 16
      vertex 22.9647 -106.136 2.5
      vertex 22.4693 -106.304 2.5
    endloop
  endfacet
  facet normal 0.75151 -0.659722 0
    outer loop
      vertex 26.8284 -112.828 16
      vertex 27.1734 -112.435 2.5
      vertex 27.1734 -112.435 16
    endloop
  endfacet
  facet normal 0.75151 -0.659722 0
    outer loop
      vertex 27.1734 -112.435 2.5
      vertex 26.8284 -112.828 16
      vertex 26.8284 -112.828 2.5
    endloop
  endfacet
  facet normal -0.556022 -0.831167 0
    outer loop
      vertex 21.565 -113.173 2.5
      vertex 22 -113.464 16
      vertex 21.565 -113.173 16
    endloop
  endfacet
  facet normal -0.556022 -0.831167 -0
    outer loop
      vertex 22 -113.464 16
      vertex 21.565 -113.173 2.5
      vertex 22 -113.464 2.5
    endloop
  endfacet
  facet normal 0.947028 -0.32115 0
    outer loop
      vertex 27.6955 -111.531 16
      vertex 27.8637 -111.035 2.5
      vertex 27.8637 -111.035 16
    endloop
  endfacet
  facet normal 0.947028 -0.32115 0
    outer loop
      vertex 27.8637 -111.035 2.5
      vertex 27.6955 -111.531 16
      vertex 27.6955 -111.531 2.5
    endloop
  endfacet
  facet normal -0.443159 -0.896443 0
    outer loop
      vertex 22 -113.464 2.5
      vertex 22.4693 -113.696 16
      vertex 22 -113.464 16
    endloop
  endfacet
  facet normal -0.443159 -0.896443 -0
    outer loop
      vertex 22.4693 -113.696 16
      vertex 22 -113.464 2.5
      vertex 22.4693 -113.696 2.5
    endloop
  endfacet
  facet normal 0.896786 -0.442465 0
    outer loop
      vertex 27.4641 -112 16
      vertex 27.6955 -111.531 2.5
      vertex 27.6955 -111.531 16
    endloop
  endfacet
  facet normal 0.896786 -0.442465 0
    outer loop
      vertex 27.6955 -111.531 2.5
      vertex 27.4641 -112 16
      vertex 27.4641 -112 2.5
    endloop
  endfacet
  facet normal 0.321156 0.947026 -0
    outer loop
      vertex 25.5307 -106.304 2.5
      vertex 25.0353 -106.136 16
      vertex 25.5307 -106.304 16
    endloop
  endfacet
  facet normal 0.321156 0.947026 0
    outer loop
      vertex 25.0353 -106.136 16
      vertex 25.5307 -106.304 2.5
      vertex 25.0353 -106.136 2.5
    endloop
  endfacet
  facet normal -0.980764 0.195197 0
    outer loop
      vertex 20.0342 -109.478 2.5
      vertex 20.1363 -108.965 16
      vertex 20.1363 -108.965 2.5
    endloop
  endfacet
  facet normal -0.980764 0.195197 0
    outer loop
      vertex 20.1363 -108.965 16
      vertex 20.0342 -109.478 2.5
      vertex 20.0342 -109.478 16
    endloop
  endfacet
  facet normal 0.19494 0.980815 -0
    outer loop
      vertex 25.0353 -106.136 2.5
      vertex 24.5221 -106.034 16
      vertex 25.0353 -106.136 16
    endloop
  endfacet
  facet normal 0.19494 0.980815 0
    outer loop
      vertex 24.5221 -106.034 16
      vertex 25.0353 -106.136 2.5
      vertex 24.5221 -106.034 2.5
    endloop
  endfacet
  facet normal 0.443159 -0.896443 0
    outer loop
      vertex 25.5307 -113.696 2.5
      vertex 26 -113.464 16
      vertex 25.5307 -113.696 16
    endloop
  endfacet
  facet normal 0.443159 -0.896443 0
    outer loop
      vertex 26 -113.464 16
      vertex 25.5307 -113.696 2.5
      vertex 26 -113.464 2.5
    endloop
  endfacet
  facet normal -0.556022 0.831167 0
    outer loop
      vertex 22 -106.536 2.5
      vertex 21.565 -106.827 16
      vertex 22 -106.536 16
    endloop
  endfacet
  facet normal -0.556022 0.831167 0
    outer loop
      vertex 21.565 -106.827 16
      vertex 22 -106.536 2.5
      vertex 21.565 -106.827 2.5
    endloop
  endfacet
  facet normal -0.19494 -0.980815 0
    outer loop
      vertex 22.9647 -113.864 2.5
      vertex 23.4779 -113.966 16
      vertex 22.9647 -113.864 16
    endloop
  endfacet
  facet normal -0.19494 -0.980815 -0
    outer loop
      vertex 23.4779 -113.966 16
      vertex 22.9647 -113.864 2.5
      vertex 23.4779 -113.966 2.5
    endloop
  endfacet
  facet normal 0.556022 -0.831167 0
    outer loop
      vertex 26 -113.464 2.5
      vertex 26.435 -113.173 16
      vertex 26 -113.464 16
    endloop
  endfacet
  facet normal 0.556022 -0.831167 0
    outer loop
      vertex 26.435 -113.173 16
      vertex 26 -113.464 2.5
      vertex 26.435 -113.173 2.5
    endloop
  endfacet
  facet normal 0.831432 -0.555626 0
    outer loop
      vertex 27.1734 -112.435 16
      vertex 27.4641 -112 2.5
      vertex 27.4641 -112 16
    endloop
  endfacet
  facet normal 0.831432 -0.555626 0
    outer loop
      vertex 27.4641 -112 2.5
      vertex 27.1734 -112.435 16
      vertex 27.1734 -112.435 2.5
    endloop
  endfacet
  facet normal -0.064984 -0.997886 0
    outer loop
      vertex 23.4779 -113.966 2.5
      vertex 24 -114 16
      vertex 23.4779 -113.966 16
    endloop
  endfacet
  facet normal -0.064984 -0.997886 -0
    outer loop
      vertex 24 -114 16
      vertex 23.4779 -113.966 2.5
      vertex 24 -114 2.5
    endloop
  endfacet
  facet normal -0.321156 -0.947026 0
    outer loop
      vertex 22.4693 -113.696 2.5
      vertex 22.9647 -113.864 16
      vertex 22.4693 -113.696 16
    endloop
  endfacet
  facet normal -0.321156 -0.947026 -0
    outer loop
      vertex 22.9647 -113.864 16
      vertex 22.4693 -113.696 2.5
      vertex 22.9647 -113.864 2.5
    endloop
  endfacet
  facet normal 0.997861 0.0653771 0
    outer loop
      vertex 28 -110 16
      vertex 27.9658 -109.478 2.5
      vertex 27.9658 -109.478 16
    endloop
  endfacet
  facet normal 0.997861 0.0653771 0
    outer loop
      vertex 27.9658 -109.478 2.5
      vertex 28 -110 16
      vertex 28 -110 2.5
    endloop
  endfacet
  facet normal 0.659343 0.751842 -0
    outer loop
      vertex 26.8284 -107.172 2.5
      vertex 26.435 -106.827 16
      vertex 26.8284 -107.172 16
    endloop
  endfacet
  facet normal 0.659343 0.751842 0
    outer loop
      vertex 26.435 -106.827 16
      vertex 26.8284 -107.172 2.5
      vertex 26.435 -106.827 2.5
    endloop
  endfacet
  facet normal -0.064984 0.997886 0
    outer loop
      vertex 24 -106 2.5
      vertex 23.4779 -106.034 16
      vertex 24 -106 16
    endloop
  endfacet
  facet normal -0.064984 0.997886 0
    outer loop
      vertex 23.4779 -106.034 16
      vertex 24 -106 2.5
      vertex 23.4779 -106.034 2.5
    endloop
  endfacet
  facet normal 0.556022 0.831167 -0
    outer loop
      vertex 26.435 -106.827 2.5
      vertex 26 -106.536 16
      vertex 26.435 -106.827 16
    endloop
  endfacet
  facet normal 0.556022 0.831167 0
    outer loop
      vertex 26 -106.536 16
      vertex 26.435 -106.827 2.5
      vertex 26 -106.536 2.5
    endloop
  endfacet
  facet normal 0.064984 -0.997886 0
    outer loop
      vertex 24 -114 2.5
      vertex 24.5221 -113.966 16
      vertex 24 -114 16
    endloop
  endfacet
  facet normal 0.064984 -0.997886 0
    outer loop
      vertex 24.5221 -113.966 16
      vertex 24 -114 2.5
      vertex 24.5221 -113.966 2.5
    endloop
  endfacet
  facet normal -0.831432 0.555626 0
    outer loop
      vertex 20.5359 -108 2.5
      vertex 20.8266 -107.565 16
      vertex 20.8266 -107.565 2.5
    endloop
  endfacet
  facet normal -0.831432 0.555626 0
    outer loop
      vertex 20.8266 -107.565 16
      vertex 20.5359 -108 2.5
      vertex 20.5359 -108 16
    endloop
  endfacet
  facet normal -0.443159 0.896443 0
    outer loop
      vertex 22.4693 -106.304 2.5
      vertex 22 -106.536 16
      vertex 22.4693 -106.304 16
    endloop
  endfacet
  facet normal -0.443159 0.896443 0
    outer loop
      vertex 22 -106.536 16
      vertex 22.4693 -106.304 2.5
      vertex 22 -106.536 2.5
    endloop
  endfacet
  facet normal -0.659343 0.751842 0
    outer loop
      vertex 21.565 -106.827 2.5
      vertex 21.1716 -107.172 16
      vertex 21.565 -106.827 16
    endloop
  endfacet
  facet normal -0.659343 0.751842 0
    outer loop
      vertex 21.1716 -107.172 16
      vertex 21.565 -106.827 2.5
      vertex 21.1716 -107.172 2.5
    endloop
  endfacet
  facet normal 0.896786 0.442465 0
    outer loop
      vertex 27.6955 -108.469 16
      vertex 27.4641 -108 2.5
      vertex 27.4641 -108 16
    endloop
  endfacet
  facet normal 0.896786 0.442465 0
    outer loop
      vertex 27.4641 -108 2.5
      vertex 27.6955 -108.469 16
      vertex 27.6955 -108.469 2.5
    endloop
  endfacet
  facet normal -0.980764 -0.195197 0
    outer loop
      vertex 20.1363 -111.035 2.5
      vertex 20.0342 -110.522 16
      vertex 20.0342 -110.522 2.5
    endloop
  endfacet
  facet normal -0.980764 -0.195197 0
    outer loop
      vertex 20.0342 -110.522 16
      vertex 20.1363 -111.035 2.5
      vertex 20.1363 -111.035 16
    endloop
  endfacet
  facet normal -0.19494 0.980815 0
    outer loop
      vertex 23.4779 -106.034 2.5
      vertex 22.9647 -106.136 16
      vertex 23.4779 -106.034 16
    endloop
  endfacet
  facet normal -0.19494 0.980815 0
    outer loop
      vertex 22.9647 -106.136 16
      vertex 23.4779 -106.034 2.5
      vertex 22.9647 -106.136 2.5
    endloop
  endfacet
  facet normal -0.831432 -0.555626 0
    outer loop
      vertex 20.8266 -112.435 2.5
      vertex 20.5359 -112 16
      vertex 20.5359 -112 2.5
    endloop
  endfacet
  facet normal -0.831432 -0.555626 0
    outer loop
      vertex 20.5359 -112 16
      vertex 20.8266 -112.435 2.5
      vertex 20.8266 -112.435 16
    endloop
  endfacet
  facet normal -0.75151 0.659722 0
    outer loop
      vertex 20.8266 -107.565 2.5
      vertex 21.1716 -107.172 16
      vertex 21.1716 -107.172 2.5
    endloop
  endfacet
  facet normal -0.75151 0.659722 0
    outer loop
      vertex 21.1716 -107.172 16
      vertex 20.8266 -107.565 2.5
      vertex 20.8266 -107.565 16
    endloop
  endfacet
  facet normal -0.947028 -0.32115 0
    outer loop
      vertex 20.3045 -111.531 2.5
      vertex 20.1363 -111.035 16
      vertex 20.1363 -111.035 2.5
    endloop
  endfacet
  facet normal -0.947028 -0.32115 0
    outer loop
      vertex 20.1363 -111.035 16
      vertex 20.3045 -111.531 2.5
      vertex 20.3045 -111.531 16
    endloop
  endfacet
  facet normal 0.75151 0.659722 0
    outer loop
      vertex 27.1734 -107.565 16
      vertex 26.8284 -107.172 2.5
      vertex 26.8284 -107.172 16
    endloop
  endfacet
  facet normal 0.75151 0.659722 0
    outer loop
      vertex 26.8284 -107.172 2.5
      vertex 27.1734 -107.565 16
      vertex 27.1734 -107.565 2.5
    endloop
  endfacet
  facet normal -0.997861 0.0653771 0
    outer loop
      vertex 20 -110 2.5
      vertex 20.0342 -109.478 16
      vertex 20.0342 -109.478 2.5
    endloop
  endfacet
  facet normal -0.997861 0.0653771 0
    outer loop
      vertex 20.0342 -109.478 16
      vertex 20 -110 2.5
      vertex 20 -110 16
    endloop
  endfacet
  facet normal 0.064984 0.997886 -0
    outer loop
      vertex 24.5221 -106.034 2.5
      vertex 24 -106 16
      vertex 24.5221 -106.034 16
    endloop
  endfacet
  facet normal 0.064984 0.997886 0
    outer loop
      vertex 24 -106 16
      vertex 24.5221 -106.034 2.5
      vertex 24 -106 2.5
    endloop
  endfacet
  facet normal 0.980801 -0.195013 0
    outer loop
      vertex 113.864 -111.035 16
      vertex 113.966 -110.522 2.5
      vertex 113.966 -110.522 16
    endloop
  endfacet
  facet normal 0.980801 -0.195013 0
    outer loop
      vertex 113.966 -110.522 2.5
      vertex 113.864 -111.035 16
      vertex 113.864 -111.035 2.5
    endloop
  endfacet
  facet normal 0.997886 -0.0649964 0
    outer loop
      vertex 113.966 -110.522 16
      vertex 114 -110 2.5
      vertex 114 -110 16
    endloop
  endfacet
  facet normal 0.997886 -0.0649964 0
    outer loop
      vertex 114 -110 2.5
      vertex 113.966 -110.522 16
      vertex 113.966 -110.522 2.5
    endloop
  endfacet
  facet normal -0.659722 -0.75151 0
    outer loop
      vertex 107.172 -112.828 2.5
      vertex 107.565 -113.173 16
      vertex 107.172 -112.828 16
    endloop
  endfacet
  facet normal -0.659722 -0.75151 -0
    outer loop
      vertex 107.565 -113.173 16
      vertex 107.172 -112.828 2.5
      vertex 107.565 -113.173 2.5
    endloop
  endfacet
  facet normal -0.89633 -0.443387 0
    outer loop
      vertex 106.536 -112 2.5
      vertex 106.304 -111.531 16
      vertex 106.304 -111.531 2.5
    endloop
  endfacet
  facet normal -0.89633 -0.443387 0
    outer loop
      vertex 106.304 -111.531 16
      vertex 106.536 -112 2.5
      vertex 106.536 -112 16
    endloop
  endfacet
  facet normal 0.980801 0.195013 0
    outer loop
      vertex 113.966 -109.478 16
      vertex 113.864 -108.965 2.5
      vertex 113.864 -108.965 16
    endloop
  endfacet
  facet normal 0.980801 0.195013 0
    outer loop
      vertex 113.864 -108.965 2.5
      vertex 113.966 -109.478 16
      vertex 113.966 -109.478 2.5
    endloop
  endfacet
  facet normal 0.947145 0.320807 0
    outer loop
      vertex 113.864 -108.965 16
      vertex 113.696 -108.469 2.5
      vertex 113.696 -108.469 16
    endloop
  endfacet
  facet normal 0.947145 0.320807 0
    outer loop
      vertex 113.696 -108.469 2.5
      vertex 113.864 -108.965 16
      vertex 113.864 -108.965 2.5
    endloop
  endfacet
  facet normal -0.997886 -0.0649964 0
    outer loop
      vertex 106.034 -110.522 2.5
      vertex 106 -110 16
      vertex 106 -110 2.5
    endloop
  endfacet
  facet normal -0.997886 -0.0649964 0
    outer loop
      vertex 106 -110 16
      vertex 106.034 -110.522 2.5
      vertex 106.034 -110.522 16
    endloop
  endfacet
  facet normal 0.320807 -0.947145 0
    outer loop
      vertex 111.035 -113.864 2.5
      vertex 111.531 -113.696 16
      vertex 111.035 -113.864 16
    endloop
  endfacet
  facet normal 0.320807 -0.947145 0
    outer loop
      vertex 111.531 -113.696 16
      vertex 111.035 -113.864 2.5
      vertex 111.531 -113.696 2.5
    endloop
  endfacet
  facet normal -0.947145 0.320807 0
    outer loop
      vertex 106.136 -108.965 2.5
      vertex 106.304 -108.469 16
      vertex 106.304 -108.469 2.5
    endloop
  endfacet
  facet normal -0.947145 0.320807 0
    outer loop
      vertex 106.304 -108.469 16
      vertex 106.136 -108.965 2.5
      vertex 106.136 -108.965 16
    endloop
  endfacet
  facet normal 0.195013 -0.980801 0
    outer loop
      vertex 110.522 -113.966 2.5
      vertex 111.035 -113.864 16
      vertex 110.522 -113.966 16
    endloop
  endfacet
  facet normal 0.195013 -0.980801 0
    outer loop
      vertex 111.035 -113.864 16
      vertex 110.522 -113.966 2.5
      vertex 111.035 -113.864 2.5
    endloop
  endfacet
  facet normal 0.443387 0.89633 -0
    outer loop
      vertex 112 -106.536 2.5
      vertex 111.531 -106.304 16
      vertex 112 -106.536 16
    endloop
  endfacet
  facet normal 0.443387 0.89633 0
    outer loop
      vertex 111.531 -106.304 16
      vertex 112 -106.536 2.5
      vertex 111.531 -106.304 2.5
    endloop
  endfacet
  facet normal 0.659722 -0.75151 0
    outer loop
      vertex 112.435 -113.173 2.5
      vertex 112.828 -112.828 16
      vertex 112.435 -113.173 16
    endloop
  endfacet
  facet normal 0.659722 -0.75151 0
    outer loop
      vertex 112.828 -112.828 16
      vertex 112.435 -113.173 2.5
      vertex 112.828 -112.828 2.5
    endloop
  endfacet
  facet normal 0.831167 0.556022 0
    outer loop
      vertex 113.464 -108 16
      vertex 113.173 -107.565 2.5
      vertex 113.173 -107.565 16
    endloop
  endfacet
  facet normal 0.831167 0.556022 0
    outer loop
      vertex 113.173 -107.565 2.5
      vertex 113.464 -108 16
      vertex 113.464 -108 2.5
    endloop
  endfacet
  facet normal -0.89633 0.443387 0
    outer loop
      vertex 106.304 -108.469 2.5
      vertex 106.536 -108 16
      vertex 106.536 -108 2.5
    endloop
  endfacet
  facet normal -0.89633 0.443387 0
    outer loop
      vertex 106.536 -108 16
      vertex 106.304 -108.469 2.5
      vertex 106.304 -108.469 16
    endloop
  endfacet
  facet normal -0.75151 -0.659722 0
    outer loop
      vertex 107.172 -112.828 2.5
      vertex 106.827 -112.435 16
      vertex 106.827 -112.435 2.5
    endloop
  endfacet
  facet normal -0.75151 -0.659722 0
    outer loop
      vertex 106.827 -112.435 16
      vertex 107.172 -112.828 2.5
      vertex 107.172 -112.828 16
    endloop
  endfacet
  facet normal -0.320807 0.947145 0
    outer loop
      vertex 108.965 -106.136 2.5
      vertex 108.469 -106.304 16
      vertex 108.965 -106.136 16
    endloop
  endfacet
  facet normal -0.320807 0.947145 0
    outer loop
      vertex 108.469 -106.304 16
      vertex 108.965 -106.136 2.5
      vertex 108.469 -106.304 2.5
    endloop
  endfacet
  facet normal 0.75151 -0.659722 0
    outer loop
      vertex 112.828 -112.828 16
      vertex 113.173 -112.435 2.5
      vertex 113.173 -112.435 16
    endloop
  endfacet
  facet normal 0.75151 -0.659722 0
    outer loop
      vertex 113.173 -112.435 2.5
      vertex 112.828 -112.828 16
      vertex 112.828 -112.828 2.5
    endloop
  endfacet
  facet normal -0.556022 -0.831167 0
    outer loop
      vertex 107.565 -113.173 2.5
      vertex 108 -113.464 16
      vertex 107.565 -113.173 16
    endloop
  endfacet
  facet normal -0.556022 -0.831167 -0
    outer loop
      vertex 108 -113.464 16
      vertex 107.565 -113.173 2.5
      vertex 108 -113.464 2.5
    endloop
  endfacet
  facet normal 0.947145 -0.320807 0
    outer loop
      vertex 113.696 -111.531 16
      vertex 113.864 -111.035 2.5
      vertex 113.864 -111.035 16
    endloop
  endfacet
  facet normal 0.947145 -0.320807 0
    outer loop
      vertex 113.864 -111.035 2.5
      vertex 113.696 -111.531 16
      vertex 113.696 -111.531 2.5
    endloop
  endfacet
  facet normal -0.443387 -0.89633 0
    outer loop
      vertex 108 -113.464 2.5
      vertex 108.469 -113.696 16
      vertex 108 -113.464 16
    endloop
  endfacet
  facet normal -0.443387 -0.89633 -0
    outer loop
      vertex 108.469 -113.696 16
      vertex 108 -113.464 2.5
      vertex 108.469 -113.696 2.5
    endloop
  endfacet
  facet normal 0.89633 -0.443387 0
    outer loop
      vertex 113.464 -112 16
      vertex 113.696 -111.531 2.5
      vertex 113.696 -111.531 16
    endloop
  endfacet
  facet normal 0.89633 -0.443387 0
    outer loop
      vertex 113.696 -111.531 2.5
      vertex 113.464 -112 16
      vertex 113.464 -112 2.5
    endloop
  endfacet
  facet normal 0.320807 0.947145 -0
    outer loop
      vertex 111.531 -106.304 2.5
      vertex 111.035 -106.136 16
      vertex 111.531 -106.304 16
    endloop
  endfacet
  facet normal 0.320807 0.947145 0
    outer loop
      vertex 111.035 -106.136 16
      vertex 111.531 -106.304 2.5
      vertex 111.035 -106.136 2.5
    endloop
  endfacet
  facet normal -0.980801 0.195013 0
    outer loop
      vertex 106.034 -109.478 2.5
      vertex 106.136 -108.965 16
      vertex 106.136 -108.965 2.5
    endloop
  endfacet
  facet normal -0.980801 0.195013 0
    outer loop
      vertex 106.136 -108.965 16
      vertex 106.034 -109.478 2.5
      vertex 106.034 -109.478 16
    endloop
  endfacet
  facet normal 0.195013 0.980801 -0
    outer loop
      vertex 111.035 -106.136 2.5
      vertex 110.522 -106.034 16
      vertex 111.035 -106.136 16
    endloop
  endfacet
  facet normal 0.195013 0.980801 0
    outer loop
      vertex 110.522 -106.034 16
      vertex 111.035 -106.136 2.5
      vertex 110.522 -106.034 2.5
    endloop
  endfacet
  facet normal 0.443387 -0.89633 0
    outer loop
      vertex 111.531 -113.696 2.5
      vertex 112 -113.464 16
      vertex 111.531 -113.696 16
    endloop
  endfacet
  facet normal 0.443387 -0.89633 0
    outer loop
      vertex 112 -113.464 16
      vertex 111.531 -113.696 2.5
      vertex 112 -113.464 2.5
    endloop
  endfacet
  facet normal -0.556022 0.831167 0
    outer loop
      vertex 108 -106.536 2.5
      vertex 107.565 -106.827 16
      vertex 108 -106.536 16
    endloop
  endfacet
  facet normal -0.556022 0.831167 0
    outer loop
      vertex 107.565 -106.827 16
      vertex 108 -106.536 2.5
      vertex 107.565 -106.827 2.5
    endloop
  endfacet
  facet normal -0.195013 -0.980801 0
    outer loop
      vertex 108.965 -113.864 2.5
      vertex 109.478 -113.966 16
      vertex 108.965 -113.864 16
    endloop
  endfacet
  facet normal -0.195013 -0.980801 -0
    outer loop
      vertex 109.478 -113.966 16
      vertex 108.965 -113.864 2.5
      vertex 109.478 -113.966 2.5
    endloop
  endfacet
  facet normal 0.556022 -0.831167 0
    outer loop
      vertex 112 -113.464 2.5
      vertex 112.435 -113.173 16
      vertex 112 -113.464 16
    endloop
  endfacet
  facet normal 0.556022 -0.831167 0
    outer loop
      vertex 112.435 -113.173 16
      vertex 112 -113.464 2.5
      vertex 112.435 -113.173 2.5
    endloop
  endfacet
  facet normal 0.831167 -0.556022 0
    outer loop
      vertex 113.173 -112.435 16
      vertex 113.464 -112 2.5
      vertex 113.464 -112 16
    endloop
  endfacet
  facet normal 0.831167 -0.556022 0
    outer loop
      vertex 113.464 -112 2.5
      vertex 113.173 -112.435 16
      vertex 113.173 -112.435 2.5
    endloop
  endfacet
  facet normal -0.0649964 -0.997886 0
    outer loop
      vertex 109.478 -113.966 2.5
      vertex 110 -114 16
      vertex 109.478 -113.966 16
    endloop
  endfacet
  facet normal -0.0649964 -0.997886 -0
    outer loop
      vertex 110 -114 16
      vertex 109.478 -113.966 2.5
      vertex 110 -114 2.5
    endloop
  endfacet
  facet normal -0.320807 -0.947145 0
    outer loop
      vertex 108.469 -113.696 2.5
      vertex 108.965 -113.864 16
      vertex 108.469 -113.696 16
    endloop
  endfacet
  facet normal -0.320807 -0.947145 -0
    outer loop
      vertex 108.965 -113.864 16
      vertex 108.469 -113.696 2.5
      vertex 108.965 -113.864 2.5
    endloop
  endfacet
  facet normal 0.997886 0.0649964 0
    outer loop
      vertex 114 -110 16
      vertex 113.966 -109.478 2.5
      vertex 113.966 -109.478 16
    endloop
  endfacet
  facet normal 0.997886 0.0649964 0
    outer loop
      vertex 113.966 -109.478 2.5
      vertex 114 -110 16
      vertex 114 -110 2.5
    endloop
  endfacet
  facet normal 0.659722 0.75151 -0
    outer loop
      vertex 112.828 -107.172 2.5
      vertex 112.435 -106.827 16
      vertex 112.828 -107.172 16
    endloop
  endfacet
  facet normal 0.659722 0.75151 0
    outer loop
      vertex 112.435 -106.827 16
      vertex 112.828 -107.172 2.5
      vertex 112.435 -106.827 2.5
    endloop
  endfacet
  facet normal -0.0649964 0.997886 0
    outer loop
      vertex 110 -106 2.5
      vertex 109.478 -106.034 16
      vertex 110 -106 16
    endloop
  endfacet
  facet normal -0.0649964 0.997886 0
    outer loop
      vertex 109.478 -106.034 16
      vertex 110 -106 2.5
      vertex 109.478 -106.034 2.5
    endloop
  endfacet
  facet normal 0.556022 0.831167 -0
    outer loop
      vertex 112.435 -106.827 2.5
      vertex 112 -106.536 16
      vertex 112.435 -106.827 16
    endloop
  endfacet
  facet normal 0.556022 0.831167 0
    outer loop
      vertex 112 -106.536 16
      vertex 112.435 -106.827 2.5
      vertex 112 -106.536 2.5
    endloop
  endfacet
  facet normal 0.0649964 -0.997886 0
    outer loop
      vertex 110 -114 2.5
      vertex 110.522 -113.966 16
      vertex 110 -114 16
    endloop
  endfacet
  facet normal 0.0649964 -0.997886 0
    outer loop
      vertex 110.522 -113.966 16
      vertex 110 -114 2.5
      vertex 110.522 -113.966 2.5
    endloop
  endfacet
  facet normal -0.831167 0.556022 0
    outer loop
      vertex 106.536 -108 2.5
      vertex 106.827 -107.565 16
      vertex 106.827 -107.565 2.5
    endloop
  endfacet
  facet normal -0.831167 0.556022 0
    outer loop
      vertex 106.827 -107.565 16
      vertex 106.536 -108 2.5
      vertex 106.536 -108 16
    endloop
  endfacet
  facet normal -0.443387 0.89633 0
    outer loop
      vertex 108.469 -106.304 2.5
      vertex 108 -106.536 16
      vertex 108.469 -106.304 16
    endloop
  endfacet
  facet normal -0.443387 0.89633 0
    outer loop
      vertex 108 -106.536 16
      vertex 108.469 -106.304 2.5
      vertex 108 -106.536 2.5
    endloop
  endfacet
  facet normal -0.659722 0.75151 0
    outer loop
      vertex 107.565 -106.827 2.5
      vertex 107.172 -107.172 16
      vertex 107.565 -106.827 16
    endloop
  endfacet
  facet normal -0.659722 0.75151 0
    outer loop
      vertex 107.172 -107.172 16
      vertex 107.565 -106.827 2.5
      vertex 107.172 -107.172 2.5
    endloop
  endfacet
  facet normal 0.89633 0.443387 0
    outer loop
      vertex 113.696 -108.469 16
      vertex 113.464 -108 2.5
      vertex 113.464 -108 16
    endloop
  endfacet
  facet normal 0.89633 0.443387 0
    outer loop
      vertex 113.464 -108 2.5
      vertex 113.696 -108.469 16
      vertex 113.696 -108.469 2.5
    endloop
  endfacet
  facet normal -0.980801 -0.195013 0
    outer loop
      vertex 106.136 -111.035 2.5
      vertex 106.034 -110.522 16
      vertex 106.034 -110.522 2.5
    endloop
  endfacet
  facet normal -0.980801 -0.195013 0
    outer loop
      vertex 106.034 -110.522 16
      vertex 106.136 -111.035 2.5
      vertex 106.136 -111.035 16
    endloop
  endfacet
  facet normal -0.195013 0.980801 0
    outer loop
      vertex 109.478 -106.034 2.5
      vertex 108.965 -106.136 16
      vertex 109.478 -106.034 16
    endloop
  endfacet
  facet normal -0.195013 0.980801 0
    outer loop
      vertex 108.965 -106.136 16
      vertex 109.478 -106.034 2.5
      vertex 108.965 -106.136 2.5
    endloop
  endfacet
  facet normal 0.0649964 0.997886 -0
    outer loop
      vertex 110.522 -106.034 2.5
      vertex 110 -106 16
      vertex 110.522 -106.034 16
    endloop
  endfacet
  facet normal 0.0649964 0.997886 0
    outer loop
      vertex 110 -106 16
      vertex 110.522 -106.034 2.5
      vertex 110 -106 2.5
    endloop
  endfacet
  facet normal -0.997886 0.0649964 0
    outer loop
      vertex 106 -110 2.5
      vertex 106.034 -109.478 16
      vertex 106.034 -109.478 2.5
    endloop
  endfacet
  facet normal -0.997886 0.0649964 0
    outer loop
      vertex 106.034 -109.478 16
      vertex 106 -110 2.5
      vertex 106 -110 16
    endloop
  endfacet
  facet normal -0.831167 -0.556022 0
    outer loop
      vertex 106.827 -112.435 2.5
      vertex 106.536 -112 16
      vertex 106.536 -112 2.5
    endloop
  endfacet
  facet normal -0.831167 -0.556022 0
    outer loop
      vertex 106.536 -112 16
      vertex 106.827 -112.435 2.5
      vertex 106.827 -112.435 16
    endloop
  endfacet
  facet normal -0.75151 0.659722 0
    outer loop
      vertex 106.827 -107.565 2.5
      vertex 107.172 -107.172 16
      vertex 107.172 -107.172 2.5
    endloop
  endfacet
  facet normal -0.75151 0.659722 0
    outer loop
      vertex 107.172 -107.172 16
      vertex 106.827 -107.565 2.5
      vertex 106.827 -107.565 16
    endloop
  endfacet
  facet normal -0.947145 -0.320807 0
    outer loop
      vertex 106.304 -111.531 2.5
      vertex 106.136 -111.035 16
      vertex 106.136 -111.035 2.5
    endloop
  endfacet
  facet normal -0.947145 -0.320807 0
    outer loop
      vertex 106.136 -111.035 16
      vertex 106.304 -111.531 2.5
      vertex 106.304 -111.531 16
    endloop
  endfacet
  facet normal 0.75151 0.659722 0
    outer loop
      vertex 113.173 -107.565 16
      vertex 112.828 -107.172 2.5
      vertex 112.828 -107.172 16
    endloop
  endfacet
  facet normal 0.75151 0.659722 0
    outer loop
      vertex 112.828 -107.172 2.5
      vertex 113.173 -107.565 16
      vertex 113.173 -107.565 2.5
    endloop
  endfacet
  facet normal 0.980801 -0.195013 0
    outer loop
      vertex 153.864 -101.035 16
      vertex 153.966 -100.522 2.5
      vertex 153.966 -100.522 16
    endloop
  endfacet
  facet normal 0.980801 -0.195013 0
    outer loop
      vertex 153.966 -100.522 2.5
      vertex 153.864 -101.035 16
      vertex 153.864 -101.035 2.5
    endloop
  endfacet
  facet normal 0.997886 -0.0649964 0
    outer loop
      vertex 153.966 -100.522 16
      vertex 154 -100 2.5
      vertex 154 -100 16
    endloop
  endfacet
  facet normal 0.997886 -0.0649964 0
    outer loop
      vertex 154 -100 2.5
      vertex 153.966 -100.522 16
      vertex 153.966 -100.522 2.5
    endloop
  endfacet
  facet normal -0.659722 -0.75151 0
    outer loop
      vertex 147.172 -102.828 2.5
      vertex 147.565 -103.173 16
      vertex 147.172 -102.828 16
    endloop
  endfacet
  facet normal -0.659722 -0.75151 -0
    outer loop
      vertex 147.565 -103.173 16
      vertex 147.172 -102.828 2.5
      vertex 147.565 -103.173 2.5
    endloop
  endfacet
  facet normal -0.89633 -0.443387 0
    outer loop
      vertex 146.536 -102 2.5
      vertex 146.304 -101.531 16
      vertex 146.304 -101.531 2.5
    endloop
  endfacet
  facet normal -0.89633 -0.443387 0
    outer loop
      vertex 146.304 -101.531 16
      vertex 146.536 -102 2.5
      vertex 146.536 -102 16
    endloop
  endfacet
  facet normal 0.980815 0.19494 0
    outer loop
      vertex 153.966 -99.4779 16
      vertex 153.864 -98.9647 2.5
      vertex 153.864 -98.9647 16
    endloop
  endfacet
  facet normal 0.980815 0.19494 0
    outer loop
      vertex 153.864 -98.9647 2.5
      vertex 153.966 -99.4779 16
      vertex 153.966 -99.4779 2.5
    endloop
  endfacet
  facet normal 0.947026 0.321156 0
    outer loop
      vertex 153.864 -98.9647 16
      vertex 153.696 -98.4693 2.5
      vertex 153.696 -98.4693 16
    endloop
  endfacet
  facet normal 0.947026 0.321156 0
    outer loop
      vertex 153.696 -98.4693 2.5
      vertex 153.864 -98.9647 16
      vertex 153.864 -98.9647 2.5
    endloop
  endfacet
  facet normal -0.997886 -0.0649964 0
    outer loop
      vertex 146.034 -100.522 2.5
      vertex 146 -100 16
      vertex 146 -100 2.5
    endloop
  endfacet
  facet normal -0.997886 -0.0649964 0
    outer loop
      vertex 146 -100 16
      vertex 146.034 -100.522 2.5
      vertex 146.034 -100.522 16
    endloop
  endfacet
  facet normal 0.320807 -0.947145 0
    outer loop
      vertex 151.035 -103.864 2.5
      vertex 151.531 -103.696 16
      vertex 151.035 -103.864 16
    endloop
  endfacet
  facet normal 0.320807 -0.947145 0
    outer loop
      vertex 151.531 -103.696 16
      vertex 151.035 -103.864 2.5
      vertex 151.531 -103.696 2.5
    endloop
  endfacet
  facet normal -0.947026 0.321156 0
    outer loop
      vertex 146.136 -98.9647 2.5
      vertex 146.304 -98.4693 16
      vertex 146.304 -98.4693 2.5
    endloop
  endfacet
  facet normal -0.947026 0.321156 0
    outer loop
      vertex 146.304 -98.4693 16
      vertex 146.136 -98.9647 2.5
      vertex 146.136 -98.9647 16
    endloop
  endfacet
  facet normal 0.195013 -0.980801 0
    outer loop
      vertex 150.522 -103.966 2.5
      vertex 151.035 -103.864 16
      vertex 150.522 -103.966 16
    endloop
  endfacet
  facet normal 0.195013 -0.980801 0
    outer loop
      vertex 151.035 -103.864 16
      vertex 150.522 -103.966 2.5
      vertex 151.035 -103.864 2.5
    endloop
  endfacet
  facet normal 0.442465 0.896786 -0
    outer loop
      vertex 152 -96.5359 2.5
      vertex 151.531 -96.3045 16
      vertex 152 -96.5359 16
    endloop
  endfacet
  facet normal 0.442465 0.896786 0
    outer loop
      vertex 151.531 -96.3045 16
      vertex 152 -96.5359 2.5
      vertex 151.531 -96.3045 2.5
    endloop
  endfacet
  facet normal 0.659722 -0.75151 0
    outer loop
      vertex 152.435 -103.173 2.5
      vertex 152.828 -102.828 16
      vertex 152.435 -103.173 16
    endloop
  endfacet
  facet normal 0.659722 -0.75151 0
    outer loop
      vertex 152.828 -102.828 16
      vertex 152.435 -103.173 2.5
      vertex 152.828 -102.828 2.5
    endloop
  endfacet
  facet normal 0.831167 0.556022 0
    outer loop
      vertex 153.464 -98 16
      vertex 153.173 -97.565 2.5
      vertex 153.173 -97.565 16
    endloop
  endfacet
  facet normal 0.831167 0.556022 0
    outer loop
      vertex 153.173 -97.565 2.5
      vertex 153.464 -98 16
      vertex 153.464 -98 2.5
    endloop
  endfacet
  facet normal -0.896443 0.443159 0
    outer loop
      vertex 146.304 -98.4693 2.5
      vertex 146.536 -98 16
      vertex 146.536 -98 2.5
    endloop
  endfacet
  facet normal -0.896443 0.443159 0
    outer loop
      vertex 146.536 -98 16
      vertex 146.304 -98.4693 2.5
      vertex 146.304 -98.4693 16
    endloop
  endfacet
  facet normal -0.75151 -0.659722 0
    outer loop
      vertex 147.172 -102.828 2.5
      vertex 146.827 -102.435 16
      vertex 146.827 -102.435 2.5
    endloop
  endfacet
  facet normal -0.75151 -0.659722 0
    outer loop
      vertex 146.827 -102.435 16
      vertex 147.172 -102.828 2.5
      vertex 147.172 -102.828 16
    endloop
  endfacet
  facet normal -0.32115 0.947028 0
    outer loop
      vertex 148.965 -96.1363 2.5
      vertex 148.469 -96.3045 16
      vertex 148.965 -96.1363 16
    endloop
  endfacet
  facet normal -0.32115 0.947028 0
    outer loop
      vertex 148.469 -96.3045 16
      vertex 148.965 -96.1363 2.5
      vertex 148.469 -96.3045 2.5
    endloop
  endfacet
  facet normal 0.75151 -0.659722 0
    outer loop
      vertex 152.828 -102.828 16
      vertex 153.173 -102.435 2.5
      vertex 153.173 -102.435 16
    endloop
  endfacet
  facet normal 0.75151 -0.659722 0
    outer loop
      vertex 153.173 -102.435 2.5
      vertex 152.828 -102.828 16
      vertex 152.828 -102.828 2.5
    endloop
  endfacet
  facet normal -0.556022 -0.831167 0
    outer loop
      vertex 147.565 -103.173 2.5
      vertex 148 -103.464 16
      vertex 147.565 -103.173 16
    endloop
  endfacet
  facet normal -0.556022 -0.831167 -0
    outer loop
      vertex 148 -103.464 16
      vertex 147.565 -103.173 2.5
      vertex 148 -103.464 2.5
    endloop
  endfacet
  facet normal 0.947145 -0.320807 0
    outer loop
      vertex 153.696 -101.531 16
      vertex 153.864 -101.035 2.5
      vertex 153.864 -101.035 16
    endloop
  endfacet
  facet normal 0.947145 -0.320807 0
    outer loop
      vertex 153.864 -101.035 2.5
      vertex 153.696 -101.531 16
      vertex 153.696 -101.531 2.5
    endloop
  endfacet
  facet normal -0.443387 -0.89633 0
    outer loop
      vertex 148 -103.464 2.5
      vertex 148.469 -103.696 16
      vertex 148 -103.464 16
    endloop
  endfacet
  facet normal -0.443387 -0.89633 -0
    outer loop
      vertex 148.469 -103.696 16
      vertex 148 -103.464 2.5
      vertex 148.469 -103.696 2.5
    endloop
  endfacet
  facet normal 0.89633 -0.443387 0
    outer loop
      vertex 153.464 -102 16
      vertex 153.696 -101.531 2.5
      vertex 153.696 -101.531 16
    endloop
  endfacet
  facet normal 0.89633 -0.443387 0
    outer loop
      vertex 153.696 -101.531 2.5
      vertex 153.464 -102 16
      vertex 153.464 -102 2.5
    endloop
  endfacet
  facet normal 0.32115 0.947028 -0
    outer loop
      vertex 151.531 -96.3045 2.5
      vertex 151.035 -96.1363 16
      vertex 151.531 -96.3045 16
    endloop
  endfacet
  facet normal 0.32115 0.947028 0
    outer loop
      vertex 151.035 -96.1363 16
      vertex 151.531 -96.3045 2.5
      vertex 151.035 -96.1363 2.5
    endloop
  endfacet
  facet normal -0.980815 0.19494 0
    outer loop
      vertex 146.034 -99.4779 2.5
      vertex 146.136 -98.9647 16
      vertex 146.136 -98.9647 2.5
    endloop
  endfacet
  facet normal -0.980815 0.19494 0
    outer loop
      vertex 146.136 -98.9647 16
      vertex 146.034 -99.4779 2.5
      vertex 146.034 -99.4779 16
    endloop
  endfacet
  facet normal 0.195197 0.980764 -0
    outer loop
      vertex 151.035 -96.1363 2.5
      vertex 150.522 -96.0342 16
      vertex 151.035 -96.1363 16
    endloop
  endfacet
  facet normal 0.195197 0.980764 0
    outer loop
      vertex 150.522 -96.0342 16
      vertex 151.035 -96.1363 2.5
      vertex 150.522 -96.0342 2.5
    endloop
  endfacet
  facet normal 0.443387 -0.89633 0
    outer loop
      vertex 151.531 -103.696 2.5
      vertex 152 -103.464 16
      vertex 151.531 -103.696 16
    endloop
  endfacet
  facet normal 0.443387 -0.89633 0
    outer loop
      vertex 152 -103.464 16
      vertex 151.531 -103.696 2.5
      vertex 152 -103.464 2.5
    endloop
  endfacet
  facet normal -0.555626 0.831432 0
    outer loop
      vertex 148 -96.5359 2.5
      vertex 147.565 -96.8266 16
      vertex 148 -96.5359 16
    endloop
  endfacet
  facet normal -0.555626 0.831432 0
    outer loop
      vertex 147.565 -96.8266 16
      vertex 148 -96.5359 2.5
      vertex 147.565 -96.8266 2.5
    endloop
  endfacet
  facet normal -0.195013 -0.980801 0
    outer loop
      vertex 148.965 -103.864 2.5
      vertex 149.478 -103.966 16
      vertex 148.965 -103.864 16
    endloop
  endfacet
  facet normal -0.195013 -0.980801 -0
    outer loop
      vertex 149.478 -103.966 16
      vertex 148.965 -103.864 2.5
      vertex 149.478 -103.966 2.5
    endloop
  endfacet
  facet normal 0.556022 -0.831167 0
    outer loop
      vertex 152 -103.464 2.5
      vertex 152.435 -103.173 16
      vertex 152 -103.464 16
    endloop
  endfacet
  facet normal 0.556022 -0.831167 0
    outer loop
      vertex 152.435 -103.173 16
      vertex 152 -103.464 2.5
      vertex 152.435 -103.173 2.5
    endloop
  endfacet
  facet normal 0.831167 -0.556022 0
    outer loop
      vertex 153.173 -102.435 16
      vertex 153.464 -102 2.5
      vertex 153.464 -102 16
    endloop
  endfacet
  facet normal 0.831167 -0.556022 0
    outer loop
      vertex 153.464 -102 2.5
      vertex 153.173 -102.435 16
      vertex 153.173 -102.435 2.5
    endloop
  endfacet
  facet normal -0.0649964 -0.997886 0
    outer loop
      vertex 149.478 -103.966 2.5
      vertex 150 -104 16
      vertex 149.478 -103.966 16
    endloop
  endfacet
  facet normal -0.0649964 -0.997886 -0
    outer loop
      vertex 150 -104 16
      vertex 149.478 -103.966 2.5
      vertex 150 -104 2.5
    endloop
  endfacet
  facet normal -0.320807 -0.947145 0
    outer loop
      vertex 148.469 -103.696 2.5
      vertex 148.965 -103.864 16
      vertex 148.469 -103.696 16
    endloop
  endfacet
  facet normal -0.320807 -0.947145 -0
    outer loop
      vertex 148.965 -103.864 16
      vertex 148.469 -103.696 2.5
      vertex 148.965 -103.864 2.5
    endloop
  endfacet
  facet normal 0.997886 0.064984 0
    outer loop
      vertex 154 -100 16
      vertex 153.966 -99.4779 2.5
      vertex 153.966 -99.4779 16
    endloop
  endfacet
  facet normal 0.997886 0.064984 0
    outer loop
      vertex 153.966 -99.4779 2.5
      vertex 154 -100 16
      vertex 154 -100 2.5
    endloop
  endfacet
  facet normal 0.659722 0.75151 -0
    outer loop
      vertex 152.828 -97.1716 2.5
      vertex 152.435 -96.8266 16
      vertex 152.828 -97.1716 16
    endloop
  endfacet
  facet normal 0.659722 0.75151 0
    outer loop
      vertex 152.435 -96.8266 16
      vertex 152.828 -97.1716 2.5
      vertex 152.435 -96.8266 2.5
    endloop
  endfacet
  facet normal -0.0653771 0.997861 0
    outer loop
      vertex 150 -96 2.5
      vertex 149.478 -96.0342 16
      vertex 150 -96 16
    endloop
  endfacet
  facet normal -0.0653771 0.997861 0
    outer loop
      vertex 149.478 -96.0342 16
      vertex 150 -96 2.5
      vertex 149.478 -96.0342 2.5
    endloop
  endfacet
  facet normal 0.555626 0.831432 -0
    outer loop
      vertex 152.435 -96.8266 2.5
      vertex 152 -96.5359 16
      vertex 152.435 -96.8266 16
    endloop
  endfacet
  facet normal 0.555626 0.831432 0
    outer loop
      vertex 152 -96.5359 16
      vertex 152.435 -96.8266 2.5
      vertex 152 -96.5359 2.5
    endloop
  endfacet
  facet normal 0.0649964 -0.997886 0
    outer loop
      vertex 150 -104 2.5
      vertex 150.522 -103.966 16
      vertex 150 -104 16
    endloop
  endfacet
  facet normal 0.0649964 -0.997886 0
    outer loop
      vertex 150.522 -103.966 16
      vertex 150 -104 2.5
      vertex 150.522 -103.966 2.5
    endloop
  endfacet
  facet normal -0.831167 0.556022 0
    outer loop
      vertex 146.536 -98 2.5
      vertex 146.827 -97.565 16
      vertex 146.827 -97.565 2.5
    endloop
  endfacet
  facet normal -0.831167 0.556022 0
    outer loop
      vertex 146.827 -97.565 16
      vertex 146.536 -98 2.5
      vertex 146.536 -98 16
    endloop
  endfacet
  facet normal -0.442465 0.896786 0
    outer loop
      vertex 148.469 -96.3045 2.5
      vertex 148 -96.5359 16
      vertex 148.469 -96.3045 16
    endloop
  endfacet
  facet normal -0.442465 0.896786 0
    outer loop
      vertex 148 -96.5359 16
      vertex 148.469 -96.3045 2.5
      vertex 148 -96.5359 2.5
    endloop
  endfacet
  facet normal -0.659722 0.75151 0
    outer loop
      vertex 147.565 -96.8266 2.5
      vertex 147.172 -97.1716 16
      vertex 147.565 -96.8266 16
    endloop
  endfacet
  facet normal -0.659722 0.75151 0
    outer loop
      vertex 147.172 -97.1716 16
      vertex 147.565 -96.8266 2.5
      vertex 147.172 -97.1716 2.5
    endloop
  endfacet
  facet normal 0.896443 0.443159 0
    outer loop
      vertex 153.696 -98.4693 16
      vertex 153.464 -98 2.5
      vertex 153.464 -98 16
    endloop
  endfacet
  facet normal 0.896443 0.443159 0
    outer loop
      vertex 153.464 -98 2.5
      vertex 153.696 -98.4693 16
      vertex 153.696 -98.4693 2.5
    endloop
  endfacet
  facet normal -0.980801 -0.195013 0
    outer loop
      vertex 146.136 -101.035 2.5
      vertex 146.034 -100.522 16
      vertex 146.034 -100.522 2.5
    endloop
  endfacet
  facet normal -0.980801 -0.195013 0
    outer loop
      vertex 146.034 -100.522 16
      vertex 146.136 -101.035 2.5
      vertex 146.136 -101.035 16
    endloop
  endfacet
  facet normal -0.195197 0.980764 0
    outer loop
      vertex 149.478 -96.0342 2.5
      vertex 148.965 -96.1363 16
      vertex 149.478 -96.0342 16
    endloop
  endfacet
  facet normal -0.195197 0.980764 0
    outer loop
      vertex 148.965 -96.1363 16
      vertex 149.478 -96.0342 2.5
      vertex 148.965 -96.1363 2.5
    endloop
  endfacet
  facet normal -0.997886 0.064984 0
    outer loop
      vertex 146 -100 2.5
      vertex 146.034 -99.4779 16
      vertex 146.034 -99.4779 2.5
    endloop
  endfacet
  facet normal -0.997886 0.064984 0
    outer loop
      vertex 146.034 -99.4779 16
      vertex 146 -100 2.5
      vertex 146 -100 16
    endloop
  endfacet
  facet normal -0.831167 -0.556022 0
    outer loop
      vertex 146.827 -102.435 2.5
      vertex 146.536 -102 16
      vertex 146.536 -102 2.5
    endloop
  endfacet
  facet normal -0.831167 -0.556022 0
    outer loop
      vertex 146.536 -102 16
      vertex 146.827 -102.435 2.5
      vertex 146.827 -102.435 16
    endloop
  endfacet
  facet normal -0.751842 0.659343 0
    outer loop
      vertex 146.827 -97.565 2.5
      vertex 147.172 -97.1716 16
      vertex 147.172 -97.1716 2.5
    endloop
  endfacet
  facet normal -0.751842 0.659343 0
    outer loop
      vertex 147.172 -97.1716 16
      vertex 146.827 -97.565 2.5
      vertex 146.827 -97.565 16
    endloop
  endfacet
  facet normal -0.947145 -0.320807 0
    outer loop
      vertex 146.304 -101.531 2.5
      vertex 146.136 -101.035 16
      vertex 146.136 -101.035 2.5
    endloop
  endfacet
  facet normal -0.947145 -0.320807 0
    outer loop
      vertex 146.136 -101.035 16
      vertex 146.304 -101.531 2.5
      vertex 146.304 -101.531 16
    endloop
  endfacet
  facet normal 0.751842 0.659343 0
    outer loop
      vertex 153.173 -97.565 16
      vertex 152.828 -97.1716 2.5
      vertex 152.828 -97.1716 16
    endloop
  endfacet
  facet normal 0.751842 0.659343 0
    outer loop
      vertex 152.828 -97.1716 2.5
      vertex 153.173 -97.565 16
      vertex 153.173 -97.565 2.5
    endloop
  endfacet
  facet normal 0.0653771 0.997861 -0
    outer loop
      vertex 150.522 -96.0342 2.5
      vertex 150 -96 16
      vertex 150.522 -96.0342 16
    endloop
  endfacet
  facet normal 0.0653771 0.997861 0
    outer loop
      vertex 150 -96 16
      vertex 150.522 -96.0342 2.5
      vertex 150 -96 2.5
    endloop
  endfacet
  facet normal 0.980815 -0.19494 0
    outer loop
      vertex 195.864 -15.0353 16
      vertex 195.966 -14.5221 2.5
      vertex 195.966 -14.5221 16
    endloop
  endfacet
  facet normal 0.980815 -0.19494 0
    outer loop
      vertex 195.966 -14.5221 2.5
      vertex 195.864 -15.0353 16
      vertex 195.864 -15.0353 2.5
    endloop
  endfacet
  facet normal 0.997886 -0.064984 0
    outer loop
      vertex 195.966 -14.5221 16
      vertex 196 -14 2.5
      vertex 196 -14 16
    endloop
  endfacet
  facet normal 0.997886 -0.064984 0
    outer loop
      vertex 196 -14 2.5
      vertex 195.966 -14.5221 16
      vertex 195.966 -14.5221 2.5
    endloop
  endfacet
  facet normal -0.659722 -0.75151 0
    outer loop
      vertex 189.172 -16.8284 2.5
      vertex 189.565 -17.1734 16
      vertex 189.172 -16.8284 16
    endloop
  endfacet
  facet normal -0.659722 -0.75151 -0
    outer loop
      vertex 189.565 -17.1734 16
      vertex 189.172 -16.8284 2.5
      vertex 189.565 -17.1734 2.5
    endloop
  endfacet
  facet normal -0.896443 -0.443159 0
    outer loop
      vertex 188.536 -16 2.5
      vertex 188.304 -15.5307 16
      vertex 188.304 -15.5307 2.5
    endloop
  endfacet
  facet normal -0.896443 -0.443159 0
    outer loop
      vertex 188.304 -15.5307 16
      vertex 188.536 -16 2.5
      vertex 188.536 -16 16
    endloop
  endfacet
  facet normal 0.980815 0.19494 0
    outer loop
      vertex 195.966 -13.4779 16
      vertex 195.864 -12.9647 2.5
      vertex 195.864 -12.9647 16
    endloop
  endfacet
  facet normal 0.980815 0.19494 0
    outer loop
      vertex 195.864 -12.9647 2.5
      vertex 195.966 -13.4779 16
      vertex 195.966 -13.4779 2.5
    endloop
  endfacet
  facet normal 0.947026 0.321156 0
    outer loop
      vertex 195.864 -12.9647 16
      vertex 195.696 -12.4693 2.5
      vertex 195.696 -12.4693 16
    endloop
  endfacet
  facet normal 0.947026 0.321156 0
    outer loop
      vertex 195.696 -12.4693 2.5
      vertex 195.864 -12.9647 16
      vertex 195.864 -12.9647 2.5
    endloop
  endfacet
  facet normal -0.997886 -0.064984 0
    outer loop
      vertex 188.034 -14.5221 2.5
      vertex 188 -14 16
      vertex 188 -14 2.5
    endloop
  endfacet
  facet normal -0.997886 -0.064984 0
    outer loop
      vertex 188 -14 16
      vertex 188.034 -14.5221 2.5
      vertex 188.034 -14.5221 16
    endloop
  endfacet
  facet normal 0.32115 -0.947028 0
    outer loop
      vertex 193.035 -17.8637 2.5
      vertex 193.531 -17.6955 16
      vertex 193.035 -17.8637 16
    endloop
  endfacet
  facet normal 0.32115 -0.947028 0
    outer loop
      vertex 193.531 -17.6955 16
      vertex 193.035 -17.8637 2.5
      vertex 193.531 -17.6955 2.5
    endloop
  endfacet
  facet normal -0.947026 0.321156 0
    outer loop
      vertex 188.136 -12.9647 2.5
      vertex 188.304 -12.4693 16
      vertex 188.304 -12.4693 2.5
    endloop
  endfacet
  facet normal -0.947026 0.321156 0
    outer loop
      vertex 188.304 -12.4693 16
      vertex 188.136 -12.9647 2.5
      vertex 188.136 -12.9647 16
    endloop
  endfacet
  facet normal 0.195197 -0.980764 0
    outer loop
      vertex 192.522 -17.9658 2.5
      vertex 193.035 -17.8637 16
      vertex 192.522 -17.9658 16
    endloop
  endfacet
  facet normal 0.195197 -0.980764 0
    outer loop
      vertex 193.035 -17.8637 16
      vertex 192.522 -17.9658 2.5
      vertex 193.035 -17.8637 2.5
    endloop
  endfacet
  facet normal 0.442465 0.896786 -0
    outer loop
      vertex 194 -10.5359 2.5
      vertex 193.531 -10.3045 16
      vertex 194 -10.5359 16
    endloop
  endfacet
  facet normal 0.442465 0.896786 0
    outer loop
      vertex 193.531 -10.3045 16
      vertex 194 -10.5359 2.5
      vertex 193.531 -10.3045 2.5
    endloop
  endfacet
  facet normal 0.659722 -0.75151 0
    outer loop
      vertex 194.435 -17.1734 2.5
      vertex 194.828 -16.8284 16
      vertex 194.435 -17.1734 16
    endloop
  endfacet
  facet normal 0.659722 -0.75151 0
    outer loop
      vertex 194.828 -16.8284 16
      vertex 194.435 -17.1734 2.5
      vertex 194.828 -16.8284 2.5
    endloop
  endfacet
  facet normal 0.831167 0.556022 0
    outer loop
      vertex 195.464 -12 16
      vertex 195.173 -11.565 2.5
      vertex 195.173 -11.565 16
    endloop
  endfacet
  facet normal 0.831167 0.556022 0
    outer loop
      vertex 195.173 -11.565 2.5
      vertex 195.464 -12 16
      vertex 195.464 -12 2.5
    endloop
  endfacet
  facet normal -0.896443 0.443159 0
    outer loop
      vertex 188.304 -12.4693 2.5
      vertex 188.536 -12 16
      vertex 188.536 -12 2.5
    endloop
  endfacet
  facet normal -0.896443 0.443159 0
    outer loop
      vertex 188.536 -12 16
      vertex 188.304 -12.4693 2.5
      vertex 188.304 -12.4693 16
    endloop
  endfacet
  facet normal -0.751842 -0.659343 0
    outer loop
      vertex 189.172 -16.8284 2.5
      vertex 188.827 -16.435 16
      vertex 188.827 -16.435 2.5
    endloop
  endfacet
  facet normal -0.751842 -0.659343 0
    outer loop
      vertex 188.827 -16.435 16
      vertex 189.172 -16.8284 2.5
      vertex 189.172 -16.8284 16
    endloop
  endfacet
  facet normal -0.32115 0.947028 0
    outer loop
      vertex 190.965 -10.1363 2.5
      vertex 190.469 -10.3045 16
      vertex 190.965 -10.1363 16
    endloop
  endfacet
  facet normal -0.32115 0.947028 0
    outer loop
      vertex 190.469 -10.3045 16
      vertex 190.965 -10.1363 2.5
      vertex 190.469 -10.3045 2.5
    endloop
  endfacet
  facet normal 0.751842 -0.659343 0
    outer loop
      vertex 194.828 -16.8284 16
      vertex 195.173 -16.435 2.5
      vertex 195.173 -16.435 16
    endloop
  endfacet
  facet normal 0.751842 -0.659343 0
    outer loop
      vertex 195.173 -16.435 2.5
      vertex 194.828 -16.8284 16
      vertex 194.828 -16.8284 2.5
    endloop
  endfacet
  facet normal -0.555626 -0.831432 0
    outer loop
      vertex 189.565 -17.1734 2.5
      vertex 190 -17.4641 16
      vertex 189.565 -17.1734 16
    endloop
  endfacet
  facet normal -0.555626 -0.831432 -0
    outer loop
      vertex 190 -17.4641 16
      vertex 189.565 -17.1734 2.5
      vertex 190 -17.4641 2.5
    endloop
  endfacet
  facet normal 0.947026 -0.321156 0
    outer loop
      vertex 195.696 -15.5307 16
      vertex 195.864 -15.0353 2.5
      vertex 195.864 -15.0353 16
    endloop
  endfacet
  facet normal 0.947026 -0.321156 0
    outer loop
      vertex 195.864 -15.0353 2.5
      vertex 195.696 -15.5307 16
      vertex 195.696 -15.5307 2.5
    endloop
  endfacet
  facet normal -0.442465 -0.896786 0
    outer loop
      vertex 190 -17.4641 2.5
      vertex 190.469 -17.6955 16
      vertex 190 -17.4641 16
    endloop
  endfacet
  facet normal -0.442465 -0.896786 -0
    outer loop
      vertex 190.469 -17.6955 16
      vertex 190 -17.4641 2.5
      vertex 190.469 -17.6955 2.5
    endloop
  endfacet
  facet normal 0.896443 -0.443159 0
    outer loop
      vertex 195.464 -16 16
      vertex 195.696 -15.5307 2.5
      vertex 195.696 -15.5307 16
    endloop
  endfacet
  facet normal 0.896443 -0.443159 0
    outer loop
      vertex 195.696 -15.5307 2.5
      vertex 195.464 -16 16
      vertex 195.464 -16 2.5
    endloop
  endfacet
  facet normal 0.32115 0.947028 -0
    outer loop
      vertex 193.531 -10.3045 2.5
      vertex 193.035 -10.1363 16
      vertex 193.531 -10.3045 16
    endloop
  endfacet
  facet normal 0.32115 0.947028 0
    outer loop
      vertex 193.035 -10.1363 16
      vertex 193.531 -10.3045 2.5
      vertex 193.035 -10.1363 2.5
    endloop
  endfacet
  facet normal -0.980815 0.19494 0
    outer loop
      vertex 188.034 -13.4779 2.5
      vertex 188.136 -12.9647 16
      vertex 188.136 -12.9647 2.5
    endloop
  endfacet
  facet normal -0.980815 0.19494 0
    outer loop
      vertex 188.136 -12.9647 16
      vertex 188.034 -13.4779 2.5
      vertex 188.034 -13.4779 16
    endloop
  endfacet
  facet normal 0.195197 0.980764 -0
    outer loop
      vertex 193.035 -10.1363 2.5
      vertex 192.522 -10.0342 16
      vertex 193.035 -10.1363 16
    endloop
  endfacet
  facet normal 0.195197 0.980764 0
    outer loop
      vertex 192.522 -10.0342 16
      vertex 193.035 -10.1363 2.5
      vertex 192.522 -10.0342 2.5
    endloop
  endfacet
  facet normal 0.442465 -0.896786 0
    outer loop
      vertex 193.531 -17.6955 2.5
      vertex 194 -17.4641 16
      vertex 193.531 -17.6955 16
    endloop
  endfacet
  facet normal 0.442465 -0.896786 0
    outer loop
      vertex 194 -17.4641 16
      vertex 193.531 -17.6955 2.5
      vertex 194 -17.4641 2.5
    endloop
  endfacet
  facet normal -0.555626 0.831432 0
    outer loop
      vertex 190 -10.5359 2.5
      vertex 189.565 -10.8266 16
      vertex 190 -10.5359 16
    endloop
  endfacet
  facet normal -0.555626 0.831432 0
    outer loop
      vertex 189.565 -10.8266 16
      vertex 190 -10.5359 2.5
      vertex 189.565 -10.8266 2.5
    endloop
  endfacet
  facet normal -0.195197 -0.980764 0
    outer loop
      vertex 190.965 -17.8637 2.5
      vertex 191.478 -17.9658 16
      vertex 190.965 -17.8637 16
    endloop
  endfacet
  facet normal -0.195197 -0.980764 -0
    outer loop
      vertex 191.478 -17.9658 16
      vertex 190.965 -17.8637 2.5
      vertex 191.478 -17.9658 2.5
    endloop
  endfacet
  facet normal 0.555626 -0.831432 0
    outer loop
      vertex 194 -17.4641 2.5
      vertex 194.435 -17.1734 16
      vertex 194 -17.4641 16
    endloop
  endfacet
  facet normal 0.555626 -0.831432 0
    outer loop
      vertex 194.435 -17.1734 16
      vertex 194 -17.4641 2.5
      vertex 194.435 -17.1734 2.5
    endloop
  endfacet
  facet normal 0.831167 -0.556022 0
    outer loop
      vertex 195.173 -16.435 16
      vertex 195.464 -16 2.5
      vertex 195.464 -16 16
    endloop
  endfacet
  facet normal 0.831167 -0.556022 0
    outer loop
      vertex 195.464 -16 2.5
      vertex 195.173 -16.435 16
      vertex 195.173 -16.435 2.5
    endloop
  endfacet
  facet normal -0.0653771 -0.997861 0
    outer loop
      vertex 191.478 -17.9658 2.5
      vertex 192 -18 16
      vertex 191.478 -17.9658 16
    endloop
  endfacet
  facet normal -0.0653771 -0.997861 -0
    outer loop
      vertex 192 -18 16
      vertex 191.478 -17.9658 2.5
      vertex 192 -18 2.5
    endloop
  endfacet
  facet normal -0.32115 -0.947028 0
    outer loop
      vertex 190.469 -17.6955 2.5
      vertex 190.965 -17.8637 16
      vertex 190.469 -17.6955 16
    endloop
  endfacet
  facet normal -0.32115 -0.947028 -0
    outer loop
      vertex 190.965 -17.8637 16
      vertex 190.469 -17.6955 2.5
      vertex 190.965 -17.8637 2.5
    endloop
  endfacet
  facet normal 0.997886 0.064984 0
    outer loop
      vertex 196 -14 16
      vertex 195.966 -13.4779 2.5
      vertex 195.966 -13.4779 16
    endloop
  endfacet
  facet normal 0.997886 0.064984 0
    outer loop
      vertex 195.966 -13.4779 2.5
      vertex 196 -14 16
      vertex 196 -14 2.5
    endloop
  endfacet
  facet normal 0.659722 0.75151 -0
    outer loop
      vertex 194.828 -11.1716 2.5
      vertex 194.435 -10.8266 16
      vertex 194.828 -11.1716 16
    endloop
  endfacet
  facet normal 0.659722 0.75151 0
    outer loop
      vertex 194.435 -10.8266 16
      vertex 194.828 -11.1716 2.5
      vertex 194.435 -10.8266 2.5
    endloop
  endfacet
  facet normal -0.0653771 0.997861 0
    outer loop
      vertex 192 -10 2.5
      vertex 191.478 -10.0342 16
      vertex 192 -10 16
    endloop
  endfacet
  facet normal -0.0653771 0.997861 0
    outer loop
      vertex 191.478 -10.0342 16
      vertex 192 -10 2.5
      vertex 191.478 -10.0342 2.5
    endloop
  endfacet
  facet normal 0.555626 0.831432 -0
    outer loop
      vertex 194.435 -10.8266 2.5
      vertex 194 -10.5359 16
      vertex 194.435 -10.8266 16
    endloop
  endfacet
  facet normal 0.555626 0.831432 0
    outer loop
      vertex 194 -10.5359 16
      vertex 194.435 -10.8266 2.5
      vertex 194 -10.5359 2.5
    endloop
  endfacet
  facet normal 0.0653771 -0.997861 0
    outer loop
      vertex 192 -18 2.5
      vertex 192.522 -17.9658 16
      vertex 192 -18 16
    endloop
  endfacet
  facet normal 0.0653771 -0.997861 0
    outer loop
      vertex 192.522 -17.9658 16
      vertex 192 -18 2.5
      vertex 192.522 -17.9658 2.5
    endloop
  endfacet
  facet normal -0.831167 0.556022 0
    outer loop
      vertex 188.536 -12 2.5
      vertex 188.827 -11.565 16
      vertex 188.827 -11.565 2.5
    endloop
  endfacet
  facet normal -0.831167 0.556022 0
    outer loop
      vertex 188.827 -11.565 16
      vertex 188.536 -12 2.5
      vertex 188.536 -12 16
    endloop
  endfacet
  facet normal -0.442465 0.896786 0
    outer loop
      vertex 190.469 -10.3045 2.5
      vertex 190 -10.5359 16
      vertex 190.469 -10.3045 16
    endloop
  endfacet
  facet normal -0.442465 0.896786 0
    outer loop
      vertex 190 -10.5359 16
      vertex 190.469 -10.3045 2.5
      vertex 190 -10.5359 2.5
    endloop
  endfacet
  facet normal -0.659722 0.75151 0
    outer loop
      vertex 189.565 -10.8266 2.5
      vertex 189.172 -11.1716 16
      vertex 189.565 -10.8266 16
    endloop
  endfacet
  facet normal -0.659722 0.75151 0
    outer loop
      vertex 189.172 -11.1716 16
      vertex 189.565 -10.8266 2.5
      vertex 189.172 -11.1716 2.5
    endloop
  endfacet
  facet normal 0.896443 0.443159 0
    outer loop
      vertex 195.696 -12.4693 16
      vertex 195.464 -12 2.5
      vertex 195.464 -12 16
    endloop
  endfacet
  facet normal 0.896443 0.443159 0
    outer loop
      vertex 195.464 -12 2.5
      vertex 195.696 -12.4693 16
      vertex 195.696 -12.4693 2.5
    endloop
  endfacet
  facet normal -0.980815 -0.19494 0
    outer loop
      vertex 188.136 -15.0353 2.5
      vertex 188.034 -14.5221 16
      vertex 188.034 -14.5221 2.5
    endloop
  endfacet
  facet normal -0.980815 -0.19494 0
    outer loop
      vertex 188.034 -14.5221 16
      vertex 188.136 -15.0353 2.5
      vertex 188.136 -15.0353 16
    endloop
  endfacet
  facet normal -0.195197 0.980764 0
    outer loop
      vertex 191.478 -10.0342 2.5
      vertex 190.965 -10.1363 16
      vertex 191.478 -10.0342 16
    endloop
  endfacet
  facet normal -0.195197 0.980764 0
    outer loop
      vertex 190.965 -10.1363 16
      vertex 191.478 -10.0342 2.5
      vertex 190.965 -10.1363 2.5
    endloop
  endfacet
  facet normal -0.997886 0.064984 0
    outer loop
      vertex 188 -14 2.5
      vertex 188.034 -13.4779 16
      vertex 188.034 -13.4779 2.5
    endloop
  endfacet
  facet normal -0.997886 0.064984 0
    outer loop
      vertex 188.034 -13.4779 16
      vertex 188 -14 2.5
      vertex 188 -14 16
    endloop
  endfacet
  facet normal -0.831167 -0.556022 0
    outer loop
      vertex 188.827 -16.435 2.5
      vertex 188.536 -16 16
      vertex 188.536 -16 2.5
    endloop
  endfacet
  facet normal -0.831167 -0.556022 0
    outer loop
      vertex 188.536 -16 16
      vertex 188.827 -16.435 2.5
      vertex 188.827 -16.435 16
    endloop
  endfacet
  facet normal -0.751842 0.659343 0
    outer loop
      vertex 188.827 -11.565 2.5
      vertex 189.172 -11.1716 16
      vertex 189.172 -11.1716 2.5
    endloop
  endfacet
  facet normal -0.751842 0.659343 0
    outer loop
      vertex 189.172 -11.1716 16
      vertex 188.827 -11.565 2.5
      vertex 188.827 -11.565 16
    endloop
  endfacet
  facet normal -0.947026 -0.321156 0
    outer loop
      vertex 188.304 -15.5307 2.5
      vertex 188.136 -15.0353 16
      vertex 188.136 -15.0353 2.5
    endloop
  endfacet
  facet normal -0.947026 -0.321156 0
    outer loop
      vertex 188.136 -15.0353 16
      vertex 188.304 -15.5307 2.5
      vertex 188.304 -15.5307 16
    endloop
  endfacet
  facet normal 0.751842 0.659343 0
    outer loop
      vertex 195.173 -11.565 16
      vertex 194.828 -11.1716 2.5
      vertex 194.828 -11.1716 16
    endloop
  endfacet
  facet normal 0.751842 0.659343 0
    outer loop
      vertex 194.828 -11.1716 2.5
      vertex 195.173 -11.565 16
      vertex 195.173 -11.565 2.5
    endloop
  endfacet
  facet normal 0.0653771 0.997861 -0
    outer loop
      vertex 192.522 -10.0342 2.5
      vertex 192 -10 16
      vertex 192.522 -10.0342 16
    endloop
  endfacet
  facet normal 0.0653771 0.997861 0
    outer loop
      vertex 192 -10 16
      vertex 192.522 -10.0342 2.5
      vertex 192 -10 2.5
    endloop
  endfacet
  facet normal 0 0.897238 0.441548
    outer loop
      vertex 5.5 -127.295 14.675
      vertex 0 -127.448 14.9859
      vertex 5.5 -127.448 14.9859
    endloop
  endfacet
  facet normal 0 0.897238 0.441548
    outer loop
      vertex 0 -127.448 14.9859
      vertex 5.5 -127.295 14.675
      vertex 0 -127.295 14.675
    endloop
  endfacet
  facet normal 0 0.94641 0.322967
    outer loop
      vertex 5.5 -127.448 14.9859
      vertex 0 -127.56 15.3141
      vertex 5.5 -127.56 15.3141
    endloop
  endfacet
  facet normal 0 0.94641 0.322967
    outer loop
      vertex 0 -127.56 15.3141
      vertex 5.5 -127.448 14.9859
      vertex 0 -127.448 14.9859
    endloop
  endfacet
  facet normal 0 -0.44213 0.896951
    outer loop
      vertex 0 -123.675 13.705
      vertex 5.5 -123.986 13.5517
      vertex 5.5 -123.675 13.705
    endloop
  endfacet
  facet normal 0 -0.44213 0.896951
    outer loop
      vertex 5.5 -123.986 13.5517
      vertex 0 -123.675 13.705
      vertex 0 -123.986 13.5517
    endloop
  endfacet
  facet normal 0 -0.997797 0.0663467
    outer loop
      vertex 0 -122.373 15.6541
      vertex 5.5 -122.35 16
      vertex 0 -122.35 16
    endloop
  endfacet
  facet normal 0 -0.997797 0.0663467
    outer loop
      vertex 5.5 -122.35 16
      vertex 0 -122.373 15.6541
      vertex 5.5 -122.373 15.6541
    endloop
  endfacet
  facet normal 0 -0.321592 0.946878
    outer loop
      vertex 0 -123.986 13.5517
      vertex 5.5 -124.314 13.4403
      vertex 5.5 -123.986 13.5517
    endloop
  endfacet
  facet normal 0 -0.321592 0.946878
    outer loop
      vertex 5.5 -124.314 13.4403
      vertex 0 -123.986 13.5517
      vertex 0 -124.314 13.4403
    endloop
  endfacet
  facet normal -0 0.195007 0.980802
    outer loop
      vertex 0 -125.346 13.3727
      vertex 5.5 -125.686 13.4403
      vertex 5.5 -125.346 13.3727
    endloop
  endfacet
  facet normal 0 0.195007 0.980802
    outer loop
      vertex 5.5 -125.686 13.4403
      vertex 0 -125.346 13.3727
      vertex 0 -125.686 13.4403
    endloop
  endfacet
  facet normal 0 0.752612 0.658464
    outer loop
      vertex 5.5 -126.874 14.1262
      vertex 0 -127.102 14.3868
      vertex 5.5 -127.102 14.3868
    endloop
  endfacet
  facet normal 0 0.752612 0.658464
    outer loop
      vertex 0 -127.102 14.3868
      vertex 5.5 -126.874 14.1262
      vertex 0 -126.874 14.1262
    endloop
  endfacet
  facet normal 0 -0.555899 0.83125
    outer loop
      vertex 0 -123.387 13.8976
      vertex 5.5 -123.675 13.705
      vertex 5.5 -123.387 13.8976
    endloop
  endfacet
  facet normal 0 -0.555899 0.83125
    outer loop
      vertex 5.5 -123.675 13.705
      vertex 0 -123.387 13.8976
      vertex 0 -123.675 13.705
    endloop
  endfacet
  facet normal 0 -0.195007 0.980802
    outer loop
      vertex 0 -124.314 13.4403
      vertex 5.5 -124.654 13.3727
      vertex 5.5 -124.314 13.4403
    endloop
  endfacet
  facet normal 0 -0.195007 0.980802
    outer loop
      vertex 5.5 -124.654 13.3727
      vertex 0 -124.314 13.4403
      vertex 0 -124.654 13.3727
    endloop
  endfacet
  facet normal -0 0.44213 0.896951
    outer loop
      vertex 0 -126.014 13.5517
      vertex 5.5 -126.325 13.705
      vertex 5.5 -126.014 13.5517
    endloop
  endfacet
  facet normal 0 0.44213 0.896951
    outer loop
      vertex 5.5 -126.325 13.705
      vertex 0 -126.014 13.5517
      vertex 0 -126.325 13.705
    endloop
  endfacet
  facet normal -0 0.0654662 0.997855
    outer loop
      vertex 0 -125 13.35
      vertex 5.5 -125.346 13.3727
      vertex 5.5 -125 13.35
    endloop
  endfacet
  facet normal 0 0.0654662 0.997855
    outer loop
      vertex 5.5 -125.346 13.3727
      vertex 0 -125 13.35
      vertex 0 -125.346 13.3727
    endloop
  endfacet
  facet normal 0 -0.658872 0.752255
    outer loop
      vertex 0 -123.126 14.1262
      vertex 5.5 -123.387 13.8976
      vertex 5.5 -123.126 14.1262
    endloop
  endfacet
  facet normal 0 -0.658872 0.752255
    outer loop
      vertex 5.5 -123.387 13.8976
      vertex 0 -123.126 14.1262
      vertex 0 -123.387 13.8976
    endloop
  endfacet
  facet normal 0 -0.981132 0.193341
    outer loop
      vertex 0 -122.44 15.3141
      vertex 5.5 -122.373 15.6541
      vertex 0 -122.373 15.6541
    endloop
  endfacet
  facet normal 0 -0.981132 0.193341
    outer loop
      vertex 5.5 -122.373 15.6541
      vertex 0 -122.44 15.3141
      vertex 5.5 -122.44 15.3141
    endloop
  endfacet
  facet normal 0 -0.830895 0.556429
    outer loop
      vertex 0 -122.898 14.3868
      vertex 5.5 -122.705 14.675
      vertex 0 -122.705 14.675
    endloop
  endfacet
  facet normal 0 -0.830895 0.556429
    outer loop
      vertex 5.5 -122.705 14.675
      vertex 0 -122.898 14.3868
      vertex 5.5 -122.898 14.3868
    endloop
  endfacet
  facet normal 0 -0.752612 0.658464
    outer loop
      vertex 0 -123.126 14.1262
      vertex 5.5 -122.898 14.3868
      vertex 0 -122.898 14.3868
    endloop
  endfacet
  facet normal 0 -0.752612 0.658464
    outer loop
      vertex 5.5 -122.898 14.3868
      vertex 0 -123.126 14.1262
      vertex 5.5 -123.126 14.1262
    endloop
  endfacet
  facet normal 0 0.997797 0.0663467
    outer loop
      vertex 5.5 -127.627 15.6541
      vertex 0 -127.65 16
      vertex 5.5 -127.65 16
    endloop
  endfacet
  facet normal 0 0.997797 0.0663467
    outer loop
      vertex 0 -127.65 16
      vertex 5.5 -127.627 15.6541
      vertex 0 -127.627 15.6541
    endloop
  endfacet
  facet normal 0 -0.94641 0.322967
    outer loop
      vertex 0 -122.552 14.9859
      vertex 5.5 -122.44 15.3141
      vertex 0 -122.44 15.3141
    endloop
  endfacet
  facet normal 0 -0.94641 0.322967
    outer loop
      vertex 5.5 -122.44 15.3141
      vertex 0 -122.552 14.9859
      vertex 5.5 -122.552 14.9859
    endloop
  endfacet
  facet normal -0 0.321592 0.946878
    outer loop
      vertex 0 -125.686 13.4403
      vertex 5.5 -126.014 13.5517
      vertex 5.5 -125.686 13.4403
    endloop
  endfacet
  facet normal 0 0.321592 0.946878
    outer loop
      vertex 5.5 -126.014 13.5517
      vertex 0 -125.686 13.4403
      vertex 0 -126.014 13.5517
    endloop
  endfacet
  facet normal 0 0.981132 0.193341
    outer loop
      vertex 5.5 -127.56 15.3141
      vertex 0 -127.627 15.6541
      vertex 5.5 -127.627 15.6541
    endloop
  endfacet
  facet normal 0 0.981132 0.193341
    outer loop
      vertex 0 -127.627 15.6541
      vertex 5.5 -127.56 15.3141
      vertex 0 -127.56 15.3141
    endloop
  endfacet
  facet normal 0 -0.0654662 0.997855
    outer loop
      vertex 0 -124.654 13.3727
      vertex 5.5 -125 13.35
      vertex 5.5 -124.654 13.3727
    endloop
  endfacet
  facet normal 0 -0.0654662 0.997855
    outer loop
      vertex 5.5 -125 13.35
      vertex 0 -124.654 13.3727
      vertex 0 -125 13.35
    endloop
  endfacet
  facet normal 0 -0.897238 0.441548
    outer loop
      vertex 0 -122.705 14.675
      vertex 5.5 -122.552 14.9859
      vertex 0 -122.552 14.9859
    endloop
  endfacet
  facet normal 0 -0.897238 0.441548
    outer loop
      vertex 5.5 -122.552 14.9859
      vertex 0 -122.705 14.675
      vertex 5.5 -122.705 14.675
    endloop
  endfacet
  facet normal -0 0.555899 0.83125
    outer loop
      vertex 0 -126.325 13.705
      vertex 5.5 -126.613 13.8976
      vertex 5.5 -126.325 13.705
    endloop
  endfacet
  facet normal 0 0.555899 0.83125
    outer loop
      vertex 5.5 -126.613 13.8976
      vertex 0 -126.325 13.705
      vertex 0 -126.613 13.8976
    endloop
  endfacet
  facet normal 0 0.830895 0.556429
    outer loop
      vertex 5.5 -127.102 14.3868
      vertex 0 -127.295 14.675
      vertex 5.5 -127.295 14.675
    endloop
  endfacet
  facet normal 0 0.830895 0.556429
    outer loop
      vertex 0 -127.295 14.675
      vertex 5.5 -127.102 14.3868
      vertex 0 -127.102 14.3868
    endloop
  endfacet
  facet normal -0 0.658872 0.752255
    outer loop
      vertex 0 -126.613 13.8976
      vertex 5.5 -126.874 14.1262
      vertex 5.5 -126.613 13.8976
    endloop
  endfacet
  facet normal 0 0.658872 0.752255
    outer loop
      vertex 5.5 -126.874 14.1262
      vertex 0 -126.613 13.8976
      vertex 0 -126.874 14.1262
    endloop
  endfacet
  facet normal -0.287311 -0.957837 0
    outer loop
      vertex 119.862 -86.1265 13
      vertex 122.257 -86.8449 16
      vertex 119.862 -86.1265 16
    endloop
  endfacet
  facet normal -0.287311 -0.957837 -0
    outer loop
      vertex 122.257 -86.8449 16
      vertex 119.862 -86.1265 13
      vertex 122.257 -86.8449 13
    endloop
  endfacet
  facet normal 0.287311 0.957837 -0
    outer loop
      vertex 120.533 -92.5919 13
      vertex 118.138 -91.8735 16
      vertex 120.533 -92.5919 16
    endloop
  endfacet
  facet normal 0.287311 0.957837 0
    outer loop
      vertex 118.138 -91.8735 16
      vertex 120.533 -92.5919 13
      vertex 118.138 -91.8735 13
    endloop
  endfacet
  facet normal 0 0 1
    outer loop
      vertex 119.862 -86.1265 13
      vertex 120.533 -92.5919 13
      vertex 122.257 -86.8449 13
    endloop
  endfacet
  facet normal 0 0 1
    outer loop
      vertex 120.533 -92.5919 13
      vertex 119.862 -86.1265 13
      vertex 118.138 -91.8735 13
    endloop
  endfacet
  facet normal 0.896427 -0 0.443192
    outer loop
      vertex 168.766 -2.5 14.6606
      vertex 168.969 0 14.25
      vertex 168.766 0 14.6606
    endloop
  endfacet
  facet normal 0.896427 0 0.443192
    outer loop
      vertex 168.969 0 14.25
      vertex 168.766 -2.5 14.6606
      vertex 168.969 -2.5 14.25
    endloop
  endfacet
  facet normal -0.947032 0 0.321139
    outer loop
      vertex 175.234 -2.5 14.6606
      vertex 175.381 0 15.0941
      vertex 175.234 0 14.6606
    endloop
  endfacet
  facet normal -0.947032 0 0.321139
    outer loop
      vertex 175.381 0 15.0941
      vertex 175.234 -2.5 14.6606
      vertex 175.381 -2.5 15.0941
    endloop
  endfacet
  facet normal -0.99785 0 0.0655331
    outer loop
      vertex 175.47 -2.5 15.5432
      vertex 175.5 0 16
      vertex 175.47 0 15.5432
    endloop
  endfacet
  facet normal -0.99785 0 0.0655331
    outer loop
      vertex 175.5 0 16
      vertex 175.47 -2.5 15.5432
      vertex 175.5 -2.5 16
    endloop
  endfacet
  facet normal -0.659494 0 0.75171
    outer loop
      vertex 174.131 0 13.2233
      vertex 174.475 -2.5 13.5251
      vertex 174.475 0 13.5251
    endloop
  endfacet
  facet normal -0.659494 0 0.75171
    outer loop
      vertex 174.475 -2.5 13.5251
      vertex 174.131 0 13.2233
      vertex 174.131 -2.5 13.2233
    endloop
  endfacet
  facet normal -0.831849 0 0.555003
    outer loop
      vertex 174.777 -2.5 13.8693
      vertex 175.031 0 14.25
      vertex 174.777 0 13.8693
    endloop
  endfacet
  facet normal -0.831849 0 0.555003
    outer loop
      vertex 175.031 0 14.25
      vertex 174.777 -2.5 13.8693
      vertex 175.031 -2.5 14.25
    endloop
  endfacet
  facet normal 0.947032 -0 0.321139
    outer loop
      vertex 168.619 -2.5 15.0941
      vertex 168.766 0 14.6606
      vertex 168.619 0 15.0941
    endloop
  endfacet
  facet normal 0.947032 0 0.321139
    outer loop
      vertex 168.766 0 14.6606
      vertex 168.619 -2.5 15.0941
      vertex 168.766 -2.5 14.6606
    endloop
  endfacet
  facet normal -0.896427 0 0.443192
    outer loop
      vertex 175.031 -2.5 14.25
      vertex 175.234 0 14.6606
      vertex 175.031 0 14.25
    endloop
  endfacet
  facet normal -0.896427 0 0.443192
    outer loop
      vertex 175.234 0 14.6606
      vertex 175.031 -2.5 14.25
      vertex 175.234 -2.5 14.6606
    endloop
  endfacet
  facet normal 0.99785 -0 0.0655331
    outer loop
      vertex 168.5 -2.5 16
      vertex 168.53 0 15.5432
      vertex 168.5 0 16
    endloop
  endfacet
  facet normal 0.99785 0 0.0655331
    outer loop
      vertex 168.53 0 15.5432
      vertex 168.5 -2.5 16
      vertex 168.53 -2.5 15.5432
    endloop
  endfacet
  facet normal -0.441968 0 0.897031
    outer loop
      vertex 173.339 0 12.7664
      vertex 173.75 -2.5 12.9689
      vertex 173.75 0 12.9689
    endloop
  endfacet
  facet normal -0.441968 0 0.897031
    outer loop
      vertex 173.75 -2.5 12.9689
      vertex 173.339 0 12.7664
      vertex 173.339 -2.5 12.7664
    endloop
  endfacet
  facet normal 0.441968 0 0.897031
    outer loop
      vertex 170.25 0 12.9689
      vertex 170.661 -2.5 12.7664
      vertex 170.661 0 12.7664
    endloop
  endfacet
  facet normal 0.441968 0 0.897031
    outer loop
      vertex 170.661 -2.5 12.7664
      vertex 170.25 0 12.9689
      vertex 170.25 -2.5 12.9689
    endloop
  endfacet
  facet normal -0.321668 0 0.946853
    outer loop
      vertex 172.906 0 12.6193
      vertex 173.339 -2.5 12.7664
      vertex 173.339 0 12.7664
    endloop
  endfacet
  facet normal -0.321668 0 0.946853
    outer loop
      vertex 173.339 -2.5 12.7664
      vertex 172.906 0 12.6193
      vertex 172.906 -2.5 12.6193
    endloop
  endfacet
  facet normal 0.751683 -0 0.659524
    outer loop
      vertex 169.223 -2.5 13.8693
      vertex 169.525 0 13.5251
      vertex 169.223 0 13.8693
    endloop
  endfacet
  facet normal 0.751683 0 0.659524
    outer loop
      vertex 169.525 0 13.5251
      vertex 169.223 -2.5 13.8693
      vertex 169.525 -2.5 13.5251
    endloop
  endfacet
  facet normal -0.555305 0 0.831647
    outer loop
      vertex 173.75 0 12.9689
      vertex 174.131 -2.5 13.2233
      vertex 174.131 0 13.2233
    endloop
  endfacet
  facet normal -0.555305 0 0.831647
    outer loop
      vertex 174.131 -2.5 13.2233
      vertex 173.75 0 12.9689
      vertex 173.75 -2.5 12.9689
    endloop
  endfacet
  facet normal 0.555305 0 0.831647
    outer loop
      vertex 169.869 0 13.2233
      vertex 170.25 -2.5 12.9689
      vertex 170.25 0 12.9689
    endloop
  endfacet
  facet normal 0.555305 0 0.831647
    outer loop
      vertex 170.25 -2.5 12.9689
      vertex 169.869 0 13.2233
      vertex 169.869 -2.5 13.2233
    endloop
  endfacet
  facet normal -0.751683 0 0.659524
    outer loop
      vertex 174.475 -2.5 13.5251
      vertex 174.777 0 13.8693
      vertex 174.475 0 13.5251
    endloop
  endfacet
  facet normal -0.751683 0 0.659524
    outer loop
      vertex 174.777 0 13.8693
      vertex 174.475 -2.5 13.5251
      vertex 174.777 -2.5 13.8693
    endloop
  endfacet
  facet normal -0.195276 0 0.980748
    outer loop
      vertex 172.457 0 12.5299
      vertex 172.906 -2.5 12.6193
      vertex 172.906 0 12.6193
    endloop
  endfacet
  facet normal -0.195276 0 0.980748
    outer loop
      vertex 172.906 -2.5 12.6193
      vertex 172.457 0 12.5299
      vertex 172.457 -2.5 12.5299
    endloop
  endfacet
  facet normal -0.980924 0 0.194394
    outer loop
      vertex 175.381 -2.5 15.0941
      vertex 175.47 0 15.5432
      vertex 175.381 0 15.0941
    endloop
  endfacet
  facet normal -0.980924 0 0.194394
    outer loop
      vertex 175.47 0 15.5432
      vertex 175.381 -2.5 15.0941
      vertex 175.47 -2.5 15.5432
    endloop
  endfacet
  facet normal 0.831849 -0 0.555003
    outer loop
      vertex 168.969 -2.5 14.25
      vertex 169.223 0 13.8693
      vertex 168.969 0 14.25
    endloop
  endfacet
  facet normal 0.831849 0 0.555003
    outer loop
      vertex 169.223 0 13.8693
      vertex 168.969 -2.5 14.25
      vertex 169.223 -2.5 13.8693
    endloop
  endfacet
  facet normal -0.0652871 0 0.997867
    outer loop
      vertex 172 0 12.5
      vertex 172.457 -2.5 12.5299
      vertex 172.457 0 12.5299
    endloop
  endfacet
  facet normal -0.0652871 0 0.997867
    outer loop
      vertex 172.457 -2.5 12.5299
      vertex 172 0 12.5
      vertex 172 -2.5 12.5
    endloop
  endfacet
  facet normal 0.980924 -0 0.194394
    outer loop
      vertex 168.53 -2.5 15.5432
      vertex 168.619 0 15.0941
      vertex 168.53 0 15.5432
    endloop
  endfacet
  facet normal 0.980924 0 0.194394
    outer loop
      vertex 168.619 0 15.0941
      vertex 168.53 -2.5 15.5432
      vertex 168.619 -2.5 15.0941
    endloop
  endfacet
  facet normal 0.0652871 0 0.997867
    outer loop
      vertex 171.543 0 12.5299
      vertex 172 -2.5 12.5
      vertex 172 0 12.5
    endloop
  endfacet
  facet normal 0.0652871 0 0.997867
    outer loop
      vertex 172 -2.5 12.5
      vertex 171.543 0 12.5299
      vertex 171.543 -2.5 12.5299
    endloop
  endfacet
  facet normal 0.321668 0 0.946853
    outer loop
      vertex 170.661 0 12.7664
      vertex 171.094 -2.5 12.6193
      vertex 171.094 0 12.6193
    endloop
  endfacet
  facet normal 0.321668 0 0.946853
    outer loop
      vertex 171.094 -2.5 12.6193
      vertex 170.661 0 12.7664
      vertex 170.661 -2.5 12.7664
    endloop
  endfacet
  facet normal 0.195276 0 0.980748
    outer loop
      vertex 171.094 0 12.6193
      vertex 171.543 -2.5 12.5299
      vertex 171.543 0 12.5299
    endloop
  endfacet
  facet normal 0.195276 0 0.980748
    outer loop
      vertex 171.543 -2.5 12.5299
      vertex 171.094 0 12.6193
      vertex 171.094 -2.5 12.6193
    endloop
  endfacet
  facet normal 0.659494 0 0.75171
    outer loop
      vertex 169.525 0 13.5251
      vertex 169.869 -2.5 13.2233
      vertex 169.869 0 13.2233
    endloop
  endfacet
  facet normal 0.659494 0 0.75171
    outer loop
      vertex 169.869 -2.5 13.2233
      vertex 169.525 0 13.5251
      vertex 169.525 -2.5 13.5251
    endloop
  endfacet
  facet normal -0 0 1
    outer loop
      vertex 175.5 0 16
      vertex 201.002 -2.5 16
      vertex 201.601 0 16
    endloop
  endfacet
  facet normal 0 0 1
    outer loop
      vertex 201.002 -2.5 16
      vertex 175.5 0 16
      vertex 175.5 -2.5 16
    endloop
  endfacet
  facet normal 0 0 1
    outer loop
      vertex 201.002 -2.5 16
      vertex 203.602 -1.99998 16
      vertex 203.584 -1.73894 16
    endloop
  endfacet
  facet normal 0 0 1
    outer loop
      vertex 201.002 -2.5 16
      vertex 203.584 -1.73894 16
      vertex 203.533 -1.48239 16
    endloop
  endfacet
  facet normal 0 0 1
    outer loop
      vertex 201.002 -2.5 16
      vertex 203.533 -1.48239 16
      vertex 203.449 -1.2346 16
    endloop
  endfacet
  facet normal 0 0 1
    outer loop
      vertex 201.002 -2.5 16
      vertex 203.449 -1.2346 16
      vertex 203.334 -1.00002 16
    endloop
  endfacet
  facet normal 0 0 1
    outer loop
      vertex 201.002 -2.5 16
      vertex 203.334 -1.00002 16
      vertex 203.188 -0.782455 16
    endloop
  endfacet
  facet normal 0 0 1
    outer loop
      vertex 201.002 -2.5 16
      vertex 203.188 -0.782455 16
      vertex 203.016 -0.585785 16
    endloop
  endfacet
  facet normal 0 0 1
    outer loop
      vertex 201.002 -2.5 16
      vertex 203.016 -0.585785 16
      vertex 202.819 -0.413315 16
    endloop
  endfacet
  facet normal 0 0 1
    outer loop
      vertex 201.002 -2.5 16
      vertex 202.819 -0.413315 16
      vertex 202.602 -0.267929 16
    endloop
  endfacet
  facet normal 0 0 1
    outer loop
      vertex 201.002 -2.5 16
      vertex 202.602 -0.267929 16
      vertex 202.367 -0.152252 16
    endloop
  endfacet
  facet normal 0 0 1
    outer loop
      vertex 201.002 -2.5 16
      vertex 202.367 -0.152252 16
      vertex 202.119 -0.0681458 16
    endloop
  endfacet
  facet normal 0 0 1
    outer loop
      vertex 201.002 -2.5 16
      vertex 202.119 -0.0681458 16
      vertex 201.863 -0.0171051 16
    endloop
  endfacet
  facet normal 0 0 1
    outer loop
      vertex 201.002 -2.5 16
      vertex 201.863 -0.0171051 16
      vertex 201.601 0 16
    endloop
  endfacet
  facet normal 0 0 1
    outer loop
      vertex 203.602 -1.99998 16
      vertex 201.002 -2.5 16
      vertex 203.569 -2.3595 16
    endloop
  endfacet
  facet normal -0 0 1
    outer loop
      vertex 201.002 -2.5 16
      vertex 185.189 -102.968 16
      vertex 203.569 -2.3595 16
    endloop
  endfacet
  facet normal 0 0 1
    outer loop
      vertex 182.715 -102.599 16
      vertex 185.158 -103.228 16
      vertex 185.189 -102.968 16
    endloop
  endfacet
  facet normal -0 0 1
    outer loop
      vertex 182.715 -102.599 16
      vertex 185.189 -102.968 16
      vertex 201.002 -2.5 16
    endloop
  endfacet
  facet normal 0 0 1
    outer loop
      vertex 185.158 -103.228 16
      vertex 182.715 -102.599 16
      vertex 182.656 -103.103 16
    endloop
  endfacet
  facet normal 0 0 1
    outer loop
      vertex 185.158 -103.228 16
      vertex 183.147 -105.383 16
      vertex 183.466 -105.916 16
    endloop
  endfacet
  facet normal 0 0 1
    outer loop
      vertex 185.158 -103.228 16
      vertex 183.466 -105.916 16
      vertex 183.894 -106.43 16
    endloop
  endfacet
  facet normal 0 0 1
    outer loop
      vertex 185.158 -103.228 16
      vertex 182.913 -104.842 16
      vertex 183.147 -105.383 16
    endloop
  endfacet
  facet normal 0 0 1
    outer loop
      vertex 185.158 -103.228 16
      vertex 182.751 -104.276 16
      vertex 182.913 -104.842 16
    endloop
  endfacet
  facet normal 0 0 1
    outer loop
      vertex 185.158 -103.228 16
      vertex 182.665 -103.693 16
      vertex 182.751 -104.276 16
    endloop
  endfacet
  facet normal 0 0 1
    outer loop
      vertex 185.158 -103.228 16
      vertex 182.656 -103.103 16
      vertex 182.665 -103.693 16
    endloop
  endfacet
  facet normal 0 0 1
    outer loop
      vertex 185.699 -108.235 16
      vertex 188.359 -108.188 16
      vertex 188.342 -107.927 16
    endloop
  endfacet
  facet normal 0 0 1
    outer loop
      vertex 185.699 -108.235 16
      vertex 188.342 -107.927 16
      vertex 188.291 -107.67 16
    endloop
  endfacet
  facet normal 0 0 1
    outer loop
      vertex 188.359 -108.188 16
      vertex 185.699 -108.235 16
      vertex 188.342 -108.449 16
    endloop
  endfacet
  facet normal 0 0 1
    outer loop
      vertex 185.699 -108.235 16
      vertex 188.291 -107.67 16
      vertex 188.207 -107.422 16
    endloop
  endfacet
  facet normal 0 0 1
    outer loop
      vertex 188.342 -108.449 16
      vertex 185.699 -108.235 16
      vertex 188.291 -108.705 16
    endloop
  endfacet
  facet normal 0 0 1
    outer loop
      vertex 185.699 -108.235 16
      vertex 188.207 -107.422 16
      vertex 188.091 -107.188 16
    endloop
  endfacet
  facet normal 0 0 1
    outer loop
      vertex 188.291 -108.705 16
      vertex 185.699 -108.235 16
      vertex 188.207 -108.953 16
    endloop
  endfacet
  facet normal 0 0 1
    outer loop
      vertex 188.207 -108.953 16
      vertex 185.699 -108.235 16
      vertex 188.091 -109.188 16
    endloop
  endfacet
  facet normal 0 0 1
    outer loop
      vertex 185.699 -108.235 16
      vertex 188.091 -107.188 16
      vertex 187.946 -106.97 16
    endloop
  endfacet
  facet normal 0 0 1
    outer loop
      vertex 185.699 -108.235 16
      vertex 187.946 -106.97 16
      vertex 187.773 -106.773 16
    endloop
  endfacet
  facet normal 0 0 1
    outer loop
      vertex 188.091 -109.188 16
      vertex 185.699 -108.235 16
      vertex 187.959 -109.388 16
    endloop
  endfacet
  facet normal 0 0 1
    outer loop
      vertex 187.959 -109.388 16
      vertex 185.699 -108.235 16
      vertex 186.4 -111.467 16
    endloop
  endfacet
  facet normal -0 0 1
    outer loop
      vertex 184.351 -110.032 16
      vertex 186.4 -111.467 16
      vertex 185.699 -108.235 16
    endloop
  endfacet
  facet normal 0 0 1
    outer loop
      vertex 186.4 -111.467 16
      vertex 184.351 -110.032 16
      vertex 186.257 -111.686 16
    endloop
  endfacet
  facet normal -0 0 1
    outer loop
      vertex 183.5 -136.5 16
      vertex 186 -137 16
      vertex 186 -112.667 16
    endloop
  endfacet
  facet normal 0 0 1
    outer loop
      vertex 186 -137 16
      vertex 183.5 -136.5 16
      vertex 185.983 -137.261 16
    endloop
  endfacet
  facet normal 0 0 1
    outer loop
      vertex 185.983 -137.261 16
      vertex 183.5 -136.5 16
      vertex 185.932 -137.518 16
    endloop
  endfacet
  facet normal 0 0 1
    outer loop
      vertex 185.699 -108.235 16
      vertex 187.773 -106.773 16
      vertex 185.742 -104.742 16
    endloop
  endfacet
  facet normal -0 0 1
    outer loop
      vertex 184.074 -110.457 16
      vertex 186.257 -111.686 16
      vertex 184.351 -110.032 16
    endloop
  endfacet
  facet normal 0 0 1
    outer loop
      vertex 186.257 -111.686 16
      vertex 184.074 -110.457 16
      vertex 186.144 -111.922 16
    endloop
  endfacet
  facet normal -0 0 1
    outer loop
      vertex 183.819 -110.988 16
      vertex 186.144 -111.922 16
      vertex 184.074 -110.457 16
    endloop
  endfacet
  facet normal 0 0 1
    outer loop
      vertex 186.144 -111.922 16
      vertex 183.819 -110.988 16
      vertex 186.063 -112.17 16
    endloop
  endfacet
  facet normal 0 0 1
    outer loop
      vertex 183.5 -136.5 16
      vertex 186 -112.667 16
      vertex 183.5 -112.592 16
    endloop
  endfacet
  facet normal 0 0 1
    outer loop
      vertex 183.894 -106.43 16
      vertex 185.742 -104.742 16
      vertex 185.511 -104.465 16
    endloop
  endfacet
  facet normal 0 0 1
    outer loop
      vertex 183.894 -106.43 16
      vertex 185.511 -104.465 16
      vertex 185.376 -104.24 16
    endloop
  endfacet
  facet normal 0 0 1
    outer loop
      vertex 183.894 -106.43 16
      vertex 185.376 -104.24 16
      vertex 185.272 -104 16
    endloop
  endfacet
  facet normal 0 0 1
    outer loop
      vertex 183.894 -106.43 16
      vertex 185.272 -104 16
      vertex 185.201 -103.748 16
    endloop
  endfacet
  facet normal 0 0 1
    outer loop
      vertex 183.894 -106.43 16
      vertex 185.201 -103.748 16
      vertex 185.163 -103.49 16
    endloop
  endfacet
  facet normal 0 0 1
    outer loop
      vertex 185.742 -104.742 16
      vertex 183.894 -106.43 16
      vertex 185.699 -108.235 16
    endloop
  endfacet
  facet normal 0 0 1
    outer loop
      vertex 183.894 -106.43 16
      vertex 185.163 -103.49 16
      vertex 185.158 -103.228 16
    endloop
  endfacet
  facet normal 0 0 1
    outer loop
      vertex 185.932 -137.518 16
      vertex 183.5 -136.5 16
      vertex 185.848 -137.765 16
    endloop
  endfacet
  facet normal 0 0 1
    outer loop
      vertex 185.848 -137.765 16
      vertex 183.5 -136.5 16
      vertex 185.732 -138 16
    endloop
  endfacet
  facet normal 0 0 1
    outer loop
      vertex 185.732 -138 16
      vertex 183.5 -136.5 16
      vertex 185.587 -138.218 16
    endloop
  endfacet
  facet normal 0 0 1
    outer loop
      vertex 185.587 -138.218 16
      vertex 183.5 -136.5 16
      vertex 185.414 -138.414 16
    endloop
  endfacet
  facet normal 0 0 1
    outer loop
      vertex 185.414 -138.414 16
      vertex 183.5 -136.5 16
      vertex 185.218 -138.587 16
    endloop
  endfacet
  facet normal 0 0 1
    outer loop
      vertex 185.218 -138.587 16
      vertex 183.5 -136.5 16
      vertex 185 -138.732 16
    endloop
  endfacet
  facet normal -0 0 1
    outer loop
      vertex 183.636 -111.549 16
      vertex 186.063 -112.17 16
      vertex 183.819 -110.988 16
    endloop
  endfacet
  facet normal 0 0 1
    outer loop
      vertex 185 -138.732 16
      vertex 183.5 -136.5 16
      vertex 184.765 -138.848 16
    endloop
  endfacet
  facet normal 0 0 1
    outer loop
      vertex 186.063 -112.17 16
      vertex 183.636 -111.549 16
      vertex 186.014 -112.427 16
    endloop
  endfacet
  facet normal 0 0 1
    outer loop
      vertex 184.765 -138.848 16
      vertex 183.5 -136.5 16
      vertex 184.518 -138.932 16
    endloop
  endfacet
  facet normal -0 0 1
    outer loop
      vertex 183.528 -112.121 16
      vertex 186.014 -112.427 16
      vertex 183.636 -111.549 16
    endloop
  endfacet
  facet normal 0 0 1
    outer loop
      vertex 183.5 -112.592 16
      vertex 186.014 -112.427 16
      vertex 183.528 -112.121 16
    endloop
  endfacet
  facet normal 0 0 1
    outer loop
      vertex 186.014 -112.427 16
      vertex 183.5 -112.592 16
      vertex 186 -112.667 16
    endloop
  endfacet
  facet normal 0 0 1
    outer loop
      vertex 184.518 -138.932 16
      vertex 183.5 -136.5 16
      vertex 184.261 -138.983 16
    endloop
  endfacet
  facet normal 0 0 1
    outer loop
      vertex 184.261 -138.983 16
      vertex 183.5 -136.5 16
      vertex 184 -139 16
    endloop
  endfacet
  facet normal -0 0 1
    outer loop
      vertex 2.5 -136.5 16
      vertex 184 -139 16
      vertex 183.5 -136.5 16
    endloop
  endfacet
  facet normal 0 0 1
    outer loop
      vertex 184 -139 16
      vertex 2.5 -136.5 16
      vertex 2.00008 -139 16
    endloop
  endfacet
  facet normal 0 0 1
    outer loop
      vertex 5.5 -127.65 16
      vertex 2.5 -129.65 16
      vertex 5.5 -129.65 16
    endloop
  endfacet
  facet normal 0 0 1
    outer loop
      vertex 0 -137 16
      vertex 2.5 -136.5 16
      vertex 2.5 -129.65 16
    endloop
  endfacet
  facet normal 0 -0 1
    outer loop
      vertex 0.0171051 -137.261 16
      vertex 2.5 -136.5 16
      vertex 0 -137 16
    endloop
  endfacet
  facet normal 0 0 1
    outer loop
      vertex 2.5 -136.5 16
      vertex 1.73894 -138.983 16
      vertex 2.00008 -139 16
    endloop
  endfacet
  facet normal 0 0 1
    outer loop
      vertex 2.5 -136.5 16
      vertex 1.48239 -138.932 16
      vertex 1.73894 -138.983 16
    endloop
  endfacet
  facet normal 0 0 1
    outer loop
      vertex 2.5 -136.5 16
      vertex 1.2346 -138.848 16
      vertex 1.48239 -138.932 16
    endloop
  endfacet
  facet normal 0 0 1
    outer loop
      vertex 2.5 -136.5 16
      vertex 1.00002 -138.732 16
      vertex 1.2346 -138.848 16
    endloop
  endfacet
  facet normal 0 0 1
    outer loop
      vertex 2.5 -136.5 16
      vertex 0.782455 -138.587 16
      vertex 1.00002 -138.732 16
    endloop
  endfacet
  facet normal 0 0 1
    outer loop
      vertex 2.5 -136.5 16
      vertex 0.585785 -138.414 16
      vertex 0.782455 -138.587 16
    endloop
  endfacet
  facet normal 0 0 1
    outer loop
      vertex 2.5 -136.5 16
      vertex 0.413315 -138.218 16
      vertex 0.585785 -138.414 16
    endloop
  endfacet
  facet normal 0 0 1
    outer loop
      vertex 2.5 -136.5 16
      vertex 0.267929 -138 16
      vertex 0.413315 -138.218 16
    endloop
  endfacet
  facet normal 0 0 1
    outer loop
      vertex 2.5 -136.5 16
      vertex 0.152252 -137.765 16
      vertex 0.267929 -138 16
    endloop
  endfacet
  facet normal 0 0 1
    outer loop
      vertex 2.5 -136.5 16
      vertex 0.0681458 -137.518 16
      vertex 0.152252 -137.765 16
    endloop
  endfacet
  facet normal -0 0 1
    outer loop
      vertex 0 -127.65 16
      vertex 2.5 -129.65 16
      vertex 5.5 -127.65 16
    endloop
  endfacet
  facet normal 0 0 1
    outer loop
      vertex 0 -137 16
      vertex 2.5 -129.65 16
      vertex 0 -127.65 16
    endloop
  endfacet
  facet normal 0 0 1
    outer loop
      vertex 2.5 -136.5 16
      vertex 0.0171051 -137.261 16
      vertex 0.0681458 -137.518 16
    endloop
  endfacet
  facet normal 0 0 1
    outer loop
      vertex 123.426 -81.2814 16
      vertex 120.942 -81.6084 16
      vertex 120.968 -82 16
    endloop
  endfacet
  facet normal 0 0 1
    outer loop
      vertex 120.171 -74 16
      vertex 121.172 -74.2679 16
      vertex 120.937 -74.1523 16
    endloop
  endfacet
  facet normal 0 0 1
    outer loop
      vertex 122.57 -79 16
      vertex 120.866 -81.2235 16
      vertex 120.942 -81.6084 16
    endloop
  endfacet
  facet normal 0 0 1
    outer loop
      vertex 122.57 -79 16
      vertex 120.74 -80.8519 16
      vertex 120.866 -81.2235 16
    endloop
  endfacet
  facet normal 0 0 1
    outer loop
      vertex 120.171 -74 16
      vertex 120.937 -74.1523 16
      vertex 120.689 -74.0681 16
    endloop
  endfacet
  facet normal 0 0 1
    outer loop
      vertex 122.57 -79 16
      vertex 120.566 -80.5 16
      vertex 120.74 -80.8519 16
    endloop
  endfacet
  facet normal 0 0 1
    outer loop
      vertex 120.171 -74 16
      vertex 120.689 -74.0681 16
      vertex 120.433 -74.0171 16
    endloop
  endfacet
  facet normal 0 0 1
    outer loop
      vertex 122.57 -79 16
      vertex 120.348 -80.1737 16
      vertex 120.566 -80.5 16
    endloop
  endfacet
  facet normal 0 0 1
    outer loop
      vertex 121.172 -74.2679 16
      vertex 120.171 -74 16
      vertex 119.116 -79.2284 16
    endloop
  endfacet
  facet normal 0 0 1
    outer loop
      vertex 122.57 -79 16
      vertex 120.089 -79.8787 16
      vertex 120.348 -80.1737 16
    endloop
  endfacet
  facet normal 0 0 1
    outer loop
      vertex 122.57 -79 16
      vertex 119.794 -79.6199 16
      vertex 120.089 -79.8787 16
    endloop
  endfacet
  facet normal 0 0 1
    outer loop
      vertex 122.57 -79 16
      vertex 119.468 -79.4019 16
      vertex 119.794 -79.6199 16
    endloop
  endfacet
  facet normal 0 0 1
    outer loop
      vertex 121.172 -74.2679 16
      vertex 119.116 -79.2284 16
      vertex 119.468 -79.4019 16
    endloop
  endfacet
  facet normal 0 0 1
    outer loop
      vertex 120.171 -74 16
      vertex 118.744 -79.1022 16
      vertex 119.116 -79.2284 16
    endloop
  endfacet
  facet normal 0 0 1
    outer loop
      vertex 120.171 -74 16
      vertex 118.359 -79.0257 16
      vertex 118.744 -79.1022 16
    endloop
  endfacet
  facet normal 0 0 1
    outer loop
      vertex 120.171 -74 16
      vertex 117.968 -79 16
      vertex 118.359 -79.0257 16
    endloop
  endfacet
  facet normal 0 0 1
    outer loop
      vertex 120.171 -74 16
      vertex 85 -79 16
      vertex 117.968 -79 16
    endloop
  endfacet
  facet normal -0 0 1
    outer loop
      vertex 75.4417 -74 16
      vertex 85 -79 16
      vertex 120.171 -74 16
    endloop
  endfacet
  facet normal 0 0 1
    outer loop
      vertex 79.5 -96.0818 16
      vertex 82 -96 16
      vertex 82 -82 16
    endloop
  endfacet
  facet normal 0 -0 1
    outer loop
      vertex 79.5417 -96.7186 16
      vertex 82 -96 16
      vertex 79.5 -96.0818 16
    endloop
  endfacet
  facet normal 0 0 1
    outer loop
      vertex 82 -96 16
      vertex 81.1071 -99.8929 16
      vertex 81.6485 -100.368 16
    endloop
  endfacet
  facet normal -0 0 1
    outer loop
      vertex 79.5 -81.9182 16
      vertex 82 -82 16
      vertex 82.0257 -81.6084 16
    endloop
  endfacet
  facet normal 0 0 1
    outer loop
      vertex 82.2284 -80.8519 16
      vertex 79.9137 -79.8932 16
      vertex 82.1022 -81.2235 16
    endloop
  endfacet
  facet normal -0 0 1
    outer loop
      vertex 79.9137 -79.8932 16
      vertex 82.2284 -80.8519 16
      vertex 80.2322 -79.2473 16
    endloop
  endfacet
  facet normal 0 0 1
    outer loop
      vertex 82.4019 -80.5 16
      vertex 80.2322 -79.2473 16
      vertex 82.2284 -80.8519 16
    endloop
  endfacet
  facet normal -0 0 1
    outer loop
      vertex 80.2322 -79.2473 16
      vertex 82.4019 -80.5 16
      vertex 80.3975 -79 16
    endloop
  endfacet
  facet normal 0 0 1
    outer loop
      vertex 82.6199 -80.1737 16
      vertex 80.3975 -79 16
      vertex 82.4019 -80.5 16
    endloop
  endfacet
  facet normal 0 0 1
    outer loop
      vertex 82.8787 -79.8787 16
      vertex 80.3975 -79 16
      vertex 82.6199 -80.1737 16
    endloop
  endfacet
  facet normal 0 0 1
    outer loop
      vertex 83.1737 -79.6199 16
      vertex 80.3975 -79 16
      vertex 82.8787 -79.8787 16
    endloop
  endfacet
  facet normal 0 0 1
    outer loop
      vertex 83.5 -79.4019 16
      vertex 80.3975 -79 16
      vertex 83.1737 -79.6199 16
    endloop
  endfacet
  facet normal 0 0 1
    outer loop
      vertex 83.8519 -79.2284 16
      vertex 80.3975 -79 16
      vertex 83.5 -79.4019 16
    endloop
  endfacet
  facet normal 0 0 1
    outer loop
      vertex 84.2235 -79.1022 16
      vertex 80.3975 -79 16
      vertex 83.8519 -79.2284 16
    endloop
  endfacet
  facet normal 0 0 1
    outer loop
      vertex 75.4417 -74 16
      vertex 84.2235 -79.1022 16
      vertex 84.6084 -79.0257 16
    endloop
  endfacet
  facet normal 0 0 1
    outer loop
      vertex 85 -79 16
      vertex 75.4417 -74 16
      vertex 84.6084 -79.0257 16
    endloop
  endfacet
  facet normal 0 0 1
    outer loop
      vertex 84.2235 -79.1022 16
      vertex 75.4417 -74 16
      vertex 80.3975 -79 16
    endloop
  endfacet
  facet normal 0 0 1
    outer loop
      vertex 73.5442 -75.3674 16
      vertex 75.4417 -74 16
      vertex 75.2997 -74.005 16
    endloop
  endfacet
  facet normal 0 0 1
    outer loop
      vertex 73.5442 -75.3674 16
      vertex 75.2997 -74.005 16
      vertex 75.0406 -74.0406 16
    endloop
  endfacet
  facet normal 0 0 1
    outer loop
      vertex 75.4417 -74 16
      vertex 74.9686 -79 16
      vertex 80.3975 -79 16
    endloop
  endfacet
  facet normal 0 0 1
    outer loop
      vertex 73.5442 -75.3674 16
      vertex 75.0406 -74.0406 16
      vertex 74.7883 -74.1097 16
    endloop
  endfacet
  facet normal 0 0 1
    outer loop
      vertex 73.5442 -75.3674 16
      vertex 74.7883 -74.1097 16
      vertex 74.5471 -74.2112 16
    endloop
  endfacet
  facet normal 0 0 1
    outer loop
      vertex 73.5442 -75.3674 16
      vertex 74.5471 -74.2112 16
      vertex 74.3212 -74.3432 16
    endloop
  endfacet
  facet normal 0 0 1
    outer loop
      vertex 73.5442 -75.3674 16
      vertex 74.3212 -74.3432 16
      vertex 74.1146 -74.5036 16
    endloop
  endfacet
  facet normal 0 0 1
    outer loop
      vertex 73.5442 -75.3674 16
      vertex 74.1146 -74.5036 16
      vertex 73.9306 -74.6896 16
    endloop
  endfacet
  facet normal 0 0 1
    outer loop
      vertex 73.5442 -75.3674 16
      vertex 73.9306 -74.6896 16
      vertex 73.7725 -74.8981 16
    endloop
  endfacet
  facet normal 0 0 1
    outer loop
      vertex 73.5442 -75.3674 16
      vertex 73.7725 -74.8981 16
      vertex 73.643 -75.1253 16
    endloop
  endfacet
  facet normal 0 0 1
    outer loop
      vertex 75.4417 -74 16
      vertex 73.5442 -75.3674 16
      vertex 74.9686 -79 16
    endloop
  endfacet
  facet normal 0 0 1
    outer loop
      vertex 70.0625 -85.8124 16
      vertex 74.9686 -79 16
      vertex 73.5442 -75.3674 16
    endloop
  endfacet
  facet normal 0 0 1
    outer loop
      vertex 74.9686 -79 16
      vertex 70.0625 -85.8124 16
      vertex 72.4551 -86.5404 16
    endloop
  endfacet
  facet normal -0 0 1
    outer loop
      vertex 70.0248 -85.9396 16
      vertex 72.4551 -86.5404 16
      vertex 70.0625 -85.8124 16
    endloop
  endfacet
  facet normal -0 0 1
    outer loop
      vertex 69.9754 -86.1965 16
      vertex 72.4551 -86.5404 16
      vertex 70.0248 -85.9396 16
    endloop
  endfacet
  facet normal 0 0 1
    outer loop
      vertex 68.219 -100.248 16
      vertex 72.446 -86.5878 16
      vertex 69.9754 -86.1965 16
    endloop
  endfacet
  facet normal 0 0 1
    outer loop
      vertex 72.446 -86.5878 16
      vertex 68.219 -100.248 16
      vertex 70.689 -100.643 16
    endloop
  endfacet
  facet normal -0 0 1
    outer loop
      vertex 68.1663 -100.518 16
      vertex 70.689 -100.643 16
      vertex 68.219 -100.248 16
    endloop
  endfacet
  facet normal 0 0 1
    outer loop
      vertex 72.4551 -86.5404 16
      vertex 69.9754 -86.1965 16
      vertex 72.446 -86.5878 16
    endloop
  endfacet
  facet normal 0 0 1
    outer loop
      vertex 70.689 -100.643 16
      vertex 68.1663 -100.518 16
      vertex 70.5876 -101.162 16
    endloop
  endfacet
  facet normal 0 0 1
    outer loop
      vertex 70.5876 -101.162 16
      vertex 68.1663 -100.518 16
      vertex 70.3969 -101.724 16
    endloop
  endfacet
  facet normal -0 0 1
    outer loop
      vertex 68.0822 -100.765 16
      vertex 70.3969 -101.724 16
      vertex 68.1663 -100.518 16
    endloop
  endfacet
  facet normal 0 0 1
    outer loop
      vertex 70.3969 -101.724 16
      vertex 68.0822 -100.765 16
      vertex 70.1362 -102.253 16
    endloop
  endfacet
  facet normal -0 0 1
    outer loop
      vertex 67.9665 -101 16
      vertex 70.1362 -102.253 16
      vertex 68.0822 -100.765 16
    endloop
  endfacet
  facet normal 0 0 1
    outer loop
      vertex 70.1362 -102.253 16
      vertex 67.9665 -101 16
      vertex 69.8088 -102.743 16
    endloop
  endfacet
  facet normal -0 0 1
    outer loop
      vertex 67.8211 -101.218 16
      vertex 69.8088 -102.743 16
      vertex 67.9665 -101 16
    endloop
  endfacet
  facet normal 0 0 1
    outer loop
      vertex 69.8088 -102.743 16
      vertex 67.8211 -101.218 16
      vertex 69.4202 -103.186 16
    endloop
  endfacet
  facet normal -0 0 1
    outer loop
      vertex 67.6487 -101.414 16
      vertex 69.4202 -103.186 16
      vertex 67.8211 -101.218 16
    endloop
  endfacet
  facet normal 0 0 1
    outer loop
      vertex 69.4202 -103.186 16
      vertex 67.6487 -101.414 16
      vertex 68.9771 -103.574 16
    endloop
  endfacet
  facet normal -0 0 1
    outer loop
      vertex 67.452 -101.587 16
      vertex 68.9771 -103.574 16
      vertex 67.6487 -101.414 16
    endloop
  endfacet
  facet normal 0 0 1
    outer loop
      vertex 68.9771 -103.574 16
      vertex 67.452 -101.587 16
      vertex 68.4871 -103.902 16
    endloop
  endfacet
  facet normal -0 0 1
    outer loop
      vertex 67.2344 -101.732 16
      vertex 68.4871 -103.902 16
      vertex 67.452 -101.587 16
    endloop
  endfacet
  facet normal 0 0 1
    outer loop
      vertex 68.4871 -103.902 16
      vertex 67.2344 -101.732 16
      vertex 67.9586 -104.162 16
    endloop
  endfacet
  facet normal -0 0 1
    outer loop
      vertex 66.9998 -101.848 16
      vertex 67.9586 -104.162 16
      vertex 67.2344 -101.732 16
    endloop
  endfacet
  facet normal 0 0 1
    outer loop
      vertex 67.9586 -104.162 16
      vertex 66.9998 -101.848 16
      vertex 67.4005 -104.352 16
    endloop
  endfacet
  facet normal -0 0 1
    outer loop
      vertex 66.7521 -101.932 16
      vertex 67.4005 -104.352 16
      vertex 66.9998 -101.848 16
    endloop
  endfacet
  facet normal 0 0 1
    outer loop
      vertex 67.4005 -104.352 16
      vertex 66.7521 -101.932 16
      vertex 66.8225 -104.467 16
    endloop
  endfacet
  facet normal -0 0 1
    outer loop
      vertex 66.4955 -101.983 16
      vertex 66.8225 -104.467 16
      vertex 66.7521 -101.932 16
    endloop
  endfacet
  facet normal 0 0 1
    outer loop
      vertex 66.4955 -101.983 16
      vertex 66.3163 -104.5 16
      vertex 66.8225 -104.467 16
    endloop
  endfacet
  facet normal -0 0 1
    outer loop
      vertex 66.2344 -102 16
      vertex 66.3163 -104.5 16
      vertex 66.4955 -101.983 16
    endloop
  endfacet
  facet normal 0 0 1
    outer loop
      vertex 66.2344 -102 16
      vertex 4.25 -104.5 16
      vertex 66.3163 -104.5 16
    endloop
  endfacet
  facet normal -0 0 1
    outer loop
      vertex 3.99988 -102 16
      vertex 4.25 -104.5 16
      vertex 66.2344 -102 16
    endloop
  endfacet
  facet normal -0 0 1
    outer loop
      vertex 3.71722 -102.02 16
      vertex 4.25 -104.5 16
      vertex 3.99988 -102 16
    endloop
  endfacet
  facet normal -0 0 1
    outer loop
      vertex 3.46109 -102.074 16
      vertex 4.25 -104.5 16
      vertex 3.71722 -102.02 16
    endloop
  endfacet
  facet normal -0 0 1
    outer loop
      vertex 3.21443 -102.161 16
      vertex 4.25 -104.5 16
      vertex 3.46109 -102.074 16
    endloop
  endfacet
  facet normal -0 0 1
    outer loop
      vertex 2.98096 -102.279 16
      vertex 4.25 -104.5 16
      vertex 3.21443 -102.161 16
    endloop
  endfacet
  facet normal -0 0 1
    outer loop
      vertex 2.76517 -102.427 16
      vertex 4.25 -104.5 16
      vertex 2.98096 -102.279 16
    endloop
  endfacet
  facet normal -0 0 1
    outer loop
      vertex 2.57031 -102.601 16
      vertex 4.25 -104.5 16
      vertex 2.76517 -102.427 16
    endloop
  endfacet
  facet normal -0 0 1
    outer loop
      vertex 2.39993 -102.8 16
      vertex 4.25 -104.5 16
      vertex 2.57031 -102.601 16
    endloop
  endfacet
  facet normal 0 0 1
    outer loop
      vertex 4.25 -104.5 16
      vertex 0.40007 -105.467 16
      vertex 2.5 -106.833 16
    endloop
  endfacet
  facet normal 0 0 1
    outer loop
      vertex 0.40007 -105.467 16
      vertex 4.25 -104.5 16
      vertex 2.39993 -102.8 16
    endloop
  endfacet
  facet normal 0 0 1
    outer loop
      vertex 120.968 -82 16
      vertex 123.473 -82 16
      vertex 123.426 -81.2814 16
    endloop
  endfacet
  facet normal 0 0 1
    outer loop
      vertex 120.942 -81.6084 16
      vertex 123.426 -81.2814 16
      vertex 123.286 -80.5751 16
    endloop
  endfacet
  facet normal 0 0 1
    outer loop
      vertex 123.473 -82 16
      vertex 120.968 -82 16
      vertex 123.425 -82.7372 16
    endloop
  endfacet
  facet normal 0 0 1
    outer loop
      vertex 120.942 -81.6084 16
      vertex 123.286 -80.5751 16
      vertex 123.054 -79.8932 16
    endloop
  endfacet
  facet normal 0 0 1
    outer loop
      vertex 120.942 -81.6084 16
      vertex 123.054 -79.8932 16
      vertex 122.736 -79.2473 16
    endloop
  endfacet
  facet normal 0 0 1
    outer loop
      vertex 120.942 -81.6084 16
      vertex 122.736 -79.2473 16
      vertex 122.57 -79 16
    endloop
  endfacet
  facet normal -0 0 1
    outer loop
      vertex 120.942 -82.3916 16
      vertex 123.425 -82.7372 16
      vertex 120.968 -82 16
    endloop
  endfacet
  facet normal -0 0 1
    outer loop
      vertex 116.641 -96.862 16
      vertex 119.012 -97.6588 16
      vertex 120.533 -92.5919 16
    endloop
  endfacet
  facet normal -0 0 1
    outer loop
      vertex 116.504 -97.2297 16
      vertex 119.012 -97.6588 16
      vertex 116.641 -96.862 16
    endloop
  endfacet
  facet normal 0 0 1
    outer loop
      vertex 116.641 -96.862 16
      vertex 120.533 -92.5919 16
      vertex 118.138 -91.8735 16
    endloop
  endfacet
  facet normal 0 0 1
    outer loop
      vertex 119.012 -97.6588 16
      vertex 116.504 -97.2297 16
      vertex 118.79 -98.2567 16
    endloop
  endfacet
  facet normal 0 0 1
    outer loop
      vertex 118.79 -98.2567 16
      vertex 116.504 -97.2297 16
      vertex 118.452 -98.8929 16
    endloop
  endfacet
  facet normal -0 0 1
    outer loop
      vertex 116.32 -97.5764 16
      vertex 118.452 -98.8929 16
      vertex 116.504 -97.2297 16
    endloop
  endfacet
  facet normal 0 0 1
    outer loop
      vertex 118.452 -98.8929 16
      vertex 116.32 -97.5764 16
      vertex 118.034 -99.4795 16
    endloop
  endfacet
  facet normal -0 0 1
    outer loop
      vertex 116.093 -97.8961 16
      vertex 118.034 -99.4795 16
      vertex 116.32 -97.5764 16
    endloop
  endfacet
  facet normal 0 0 1
    outer loop
      vertex 118.034 -99.4795 16
      vertex 116.093 -97.8961 16
      vertex 117.544 -100.007 16
    endloop
  endfacet
  facet normal -0 0 1
    outer loop
      vertex 115.825 -98.1833 16
      vertex 117.544 -100.007 16
      vertex 116.093 -97.8961 16
    endloop
  endfacet
  facet normal 0 0 1
    outer loop
      vertex 117.544 -100.007 16
      vertex 115.825 -98.1833 16
      vertex 116.988 -100.465 16
    endloop
  endfacet
  facet normal -0 0 1
    outer loop
      vertex 115.523 -98.4332 16
      vertex 116.988 -100.465 16
      vertex 115.825 -98.1833 16
    endloop
  endfacet
  facet normal 0 0 1
    outer loop
      vertex 116.988 -100.465 16
      vertex 115.523 -98.4332 16
      vertex 116.378 -100.847 16
    endloop
  endfacet
  facet normal -0 0 1
    outer loop
      vertex 115.19 -98.6414 16
      vertex 116.378 -100.847 16
      vertex 115.523 -98.4332 16
    endloop
  endfacet
  facet normal 0 0 1
    outer loop
      vertex 116.378 -100.847 16
      vertex 115.19 -98.6414 16
      vertex 115.723 -101.147 16
    endloop
  endfacet
  facet normal -0 0 1
    outer loop
      vertex 114.833 -98.8045 16
      vertex 115.723 -101.147 16
      vertex 115.19 -98.6414 16
    endloop
  endfacet
  facet normal 0 0 1
    outer loop
      vertex 115.723 -101.147 16
      vertex 114.833 -98.8045 16
      vertex 115.035 -101.358 16
    endloop
  endfacet
  facet normal -0 0 1
    outer loop
      vertex 114.458 -98.9195 16
      vertex 115.035 -101.358 16
      vertex 114.833 -98.8045 16
    endloop
  endfacet
  facet normal 0 0 1
    outer loop
      vertex 114.458 -98.9195 16
      vertex 114.343 -101.474 16
      vertex 115.035 -101.358 16
    endloop
  endfacet
  facet normal -0 0 1
    outer loop
      vertex 114.071 -98.9846 16
      vertex 114.343 -101.474 16
      vertex 114.458 -98.9195 16
    endloop
  endfacet
  facet normal 0 0 1
    outer loop
      vertex 114.071 -98.9846 16
      vertex 113.831 -101.5 16
      vertex 114.343 -101.474 16
    endloop
  endfacet
  facet normal -0 0 1
    outer loop
      vertex 113.768 -99 16
      vertex 113.831 -101.5 16
      vertex 114.071 -98.9846 16
    endloop
  endfacet
  facet normal -0 0 1
    outer loop
      vertex 85 -99 16
      vertex 113.831 -101.5 16
      vertex 113.768 -99 16
    endloop
  endfacet
  facet normal 0 0 1
    outer loop
      vertex 85 -99 16
      vertex 84.9182 -101.5 16
      vertex 113.831 -101.5 16
    endloop
  endfacet
  facet normal 0 0 1
    outer loop
      vertex 84.6084 -98.9743 16
      vertex 84.9182 -101.5 16
      vertex 85 -99 16
    endloop
  endfacet
  facet normal 0 0 1
    outer loop
      vertex 84.6084 -98.9743 16
      vertex 84.2814 -101.458 16
      vertex 84.9182 -101.5 16
    endloop
  endfacet
  facet normal 0 0 1
    outer loop
      vertex 84.2235 -98.8978 16
      vertex 84.2814 -101.458 16
      vertex 84.6084 -98.9743 16
    endloop
  endfacet
  facet normal 0 0 1
    outer loop
      vertex 83.5751 -101.318 16
      vertex 84.2235 -98.8978 16
      vertex 83.8519 -98.7716 16
    endloop
  endfacet
  facet normal 0 0 1
    outer loop
      vertex 84.2235 -98.8978 16
      vertex 83.5751 -101.318 16
      vertex 84.2814 -101.458 16
    endloop
  endfacet
  facet normal 0 0 1
    outer loop
      vertex 82.8932 -101.086 16
      vertex 83.8519 -98.7716 16
      vertex 83.5 -98.5981 16
    endloop
  endfacet
  facet normal 0 0 1
    outer loop
      vertex 82.2473 -100.768 16
      vertex 83.5 -98.5981 16
      vertex 83.1737 -98.3801 16
    endloop
  endfacet
  facet normal 0 0 1
    outer loop
      vertex 83.8519 -98.7716 16
      vertex 82.8932 -101.086 16
      vertex 83.5751 -101.318 16
    endloop
  endfacet
  facet normal 0 0 1
    outer loop
      vertex 81.6485 -100.368 16
      vertex 83.1737 -98.3801 16
      vertex 82.8787 -98.1213 16
    endloop
  endfacet
  facet normal 0 0 1
    outer loop
      vertex 81.6485 -100.368 16
      vertex 82.8787 -98.1213 16
      vertex 82.6199 -97.8263 16
    endloop
  endfacet
  facet normal 0 0 1
    outer loop
      vertex 81.6485 -100.368 16
      vertex 82.6199 -97.8263 16
      vertex 82.4019 -97.5 16
    endloop
  endfacet
  facet normal 0 0 1
    outer loop
      vertex 83.5 -98.5981 16
      vertex 82.2473 -100.768 16
      vertex 82.8932 -101.086 16
    endloop
  endfacet
  facet normal 0 0 1
    outer loop
      vertex 81.6485 -100.368 16
      vertex 82.4019 -97.5 16
      vertex 82.2284 -97.1481 16
    endloop
  endfacet
  facet normal 0 0 1
    outer loop
      vertex 81.6485 -100.368 16
      vertex 82.2284 -97.1481 16
      vertex 82.1022 -96.7765 16
    endloop
  endfacet
  facet normal 0 0 1
    outer loop
      vertex 81.6485 -100.368 16
      vertex 82.1022 -96.7765 16
      vertex 82.0257 -96.3916 16
    endloop
  endfacet
  facet normal 0 0 1
    outer loop
      vertex 81.6485 -100.368 16
      vertex 82.0257 -96.3916 16
      vertex 82 -96 16
    endloop
  endfacet
  facet normal 0 0 1
    outer loop
      vertex 83.1737 -98.3801 16
      vertex 81.6485 -100.368 16
      vertex 82.2473 -100.768 16
    endloop
  endfacet
  facet normal -0 0 1
    outer loop
      vertex 79.6822 -80.5751 16
      vertex 82.1022 -81.2235 16
      vertex 79.9137 -79.8932 16
    endloop
  endfacet
  facet normal 0 0 1
    outer loop
      vertex 82 -82 16
      vertex 79.5 -81.9182 16
      vertex 79.5 -96.0818 16
    endloop
  endfacet
  facet normal 0 0 1
    outer loop
      vertex 82.1022 -81.2235 16
      vertex 79.6822 -80.5751 16
      vertex 82.0257 -81.6084 16
    endloop
  endfacet
  facet normal 0 0 1
    outer loop
      vertex 82 -96 16
      vertex 80.6323 -99.3515 16
      vertex 81.1071 -99.8929 16
    endloop
  endfacet
  facet normal -0 0 1
    outer loop
      vertex 79.5417 -81.2814 16
      vertex 82.0257 -81.6084 16
      vertex 79.6822 -80.5751 16
    endloop
  endfacet
  facet normal 0 0 1
    outer loop
      vertex 82 -96 16
      vertex 80.2322 -98.7527 16
      vertex 80.6323 -99.3515 16
    endloop
  endfacet
  facet normal 0 0 1
    outer loop
      vertex 82.0257 -81.6084 16
      vertex 79.5417 -81.2814 16
      vertex 79.5 -81.9182 16
    endloop
  endfacet
  facet normal 0 0 1
    outer loop
      vertex 82 -96 16
      vertex 79.9137 -98.1068 16
      vertex 80.2322 -98.7527 16
    endloop
  endfacet
  facet normal 0 0 1
    outer loop
      vertex 82 -96 16
      vertex 79.6822 -97.4249 16
      vertex 79.9137 -98.1068 16
    endloop
  endfacet
  facet normal 0 0 1
    outer loop
      vertex 82 -96 16
      vertex 79.5417 -96.7186 16
      vertex 79.6822 -97.4249 16
    endloop
  endfacet
  facet normal 0 0 1
    outer loop
      vertex 168.5 0 16
      vertex 149.869 -2.5 16
      vertex 168.5 -2.5 16
    endloop
  endfacet
  facet normal -0 0 1
    outer loop
      vertex 149.495 0 16
      vertex 149.869 -2.5 16
      vertex 168.5 0 16
    endloop
  endfacet
  facet normal -0 0 1
    outer loop
      vertex 149.284 -0.0112152 16
      vertex 149.869 -2.5 16
      vertex 149.495 0 16
    endloop
  endfacet
  facet normal -0 0 1
    outer loop
      vertex 149.026 -0.0558167 16
      vertex 149.869 -2.5 16
      vertex 149.284 -0.0112152 16
    endloop
  endfacet
  facet normal -0 0 1
    outer loop
      vertex 148.776 -0.133743 16
      vertex 149.869 -2.5 16
      vertex 149.026 -0.0558167 16
    endloop
  endfacet
  facet normal -0 0 1
    outer loop
      vertex 148.539 -0.243561 16
      vertex 149.869 -2.5 16
      vertex 148.776 -0.133743 16
    endloop
  endfacet
  facet normal -0 0 1
    outer loop
      vertex 148.318 -0.383377 16
      vertex 149.869 -2.5 16
      vertex 148.539 -0.243561 16
    endloop
  endfacet
  facet normal -0 0 1
    outer loop
      vertex 148.117 -0.55098 16
      vertex 149.869 -2.5 16
      vertex 148.318 -0.383377 16
    endloop
  endfacet
  facet normal -0 0 1
    outer loop
      vertex 147.94 -0.743256 16
      vertex 149.869 -2.5 16
      vertex 148.117 -0.55098 16
    endloop
  endfacet
  facet normal -0 0 1
    outer loop
      vertex 147.789 -0.957108 16
      vertex 149.869 -2.5 16
      vertex 147.94 -0.743256 16
    endloop
  endfacet
  facet normal -0 0 1
    outer loop
      vertex 147.667 -1.18878 16
      vertex 149.869 -2.5 16
      vertex 147.789 -0.957108 16
    endloop
  endfacet
  facet normal -0 0 1
    outer loop
      vertex 147.577 -1.43439 16
      vertex 149.869 -2.5 16
      vertex 147.667 -1.18878 16
    endloop
  endfacet
  facet normal 0 0 1
    outer loop
      vertex 125.952 -74.771 16
      vertex 149.869 -2.5 16
      vertex 147.577 -1.43439 16
    endloop
  endfacet
  facet normal 0 0 1
    outer loop
      vertex 149.869 -2.5 16
      vertex 125.952 -74.771 16
      vertex 128.331 -75.5416 16
    endloop
  endfacet
  facet normal -0 0 1
    outer loop
      vertex 125.882 -74.9707 16
      vertex 128.331 -75.5416 16
      vertex 125.952 -74.771 16
    endloop
  endfacet
  facet normal 0 0 1
    outer loop
      vertex 128.331 -75.5416 16
      vertex 125.882 -74.9707 16
      vertex 128.189 -75.9435 16
    endloop
  endfacet
  facet normal 0 0 1
    outer loop
      vertex 128.189 -75.9435 16
      vertex 125.882 -74.9707 16
      vertex 127.936 -76.4581 16
    endloop
  endfacet
  facet normal -0 0 1
    outer loop
      vertex 125.766 -75.2054 16
      vertex 127.936 -76.4581 16
      vertex 125.882 -74.9707 16
    endloop
  endfacet
  facet normal 0 0 1
    outer loop
      vertex 127.936 -76.4581 16
      vertex 125.766 -75.2054 16
      vertex 127.608 -76.9481 16
    endloop
  endfacet
  facet normal -0 0 1
    outer loop
      vertex 125.62 -75.4229 16
      vertex 127.608 -76.9481 16
      vertex 125.766 -75.2054 16
    endloop
  endfacet
  facet normal 0 0 1
    outer loop
      vertex 127.608 -76.9481 16
      vertex 125.62 -75.4229 16
      vertex 127.22 -77.3912 16
    endloop
  endfacet
  facet normal -0 0 1
    outer loop
      vertex 125.448 -75.6196 16
      vertex 127.22 -77.3912 16
      vertex 125.62 -75.4229 16
    endloop
  endfacet
  facet normal 0 0 1
    outer loop
      vertex 127.22 -77.3912 16
      vertex 125.448 -75.6196 16
      vertex 126.777 -77.7797 16
    endloop
  endfacet
  facet normal -0 0 1
    outer loop
      vertex 125.251 -75.7921 16
      vertex 126.777 -77.7797 16
      vertex 125.448 -75.6196 16
    endloop
  endfacet
  facet normal 0 0 1
    outer loop
      vertex 126.777 -77.7797 16
      vertex 125.251 -75.7921 16
      vertex 126.286 -78.1071 16
    endloop
  endfacet
  facet normal -0 0 1
    outer loop
      vertex 125.034 -75.9374 16
      vertex 126.286 -78.1071 16
      vertex 125.251 -75.7921 16
    endloop
  endfacet
  facet normal 0 0 1
    outer loop
      vertex 126.286 -78.1071 16
      vertex 125.034 -75.9374 16
      vertex 125.758 -78.3678 16
    endloop
  endfacet
  facet normal -0 0 1
    outer loop
      vertex 124.799 -76.0531 16
      vertex 125.758 -78.3678 16
      vertex 125.034 -75.9374 16
    endloop
  endfacet
  facet normal 0 0 1
    outer loop
      vertex 125.758 -78.3678 16
      vertex 124.799 -76.0531 16
      vertex 125.467 -78.4667 16
    endloop
  endfacet
  facet normal -0 0 1
    outer loop
      vertex 124.551 -76.1372 16
      vertex 125.467 -78.4667 16
      vertex 124.799 -76.0531 16
    endloop
  endfacet
  facet normal -0 0 1
    outer loop
      vertex 124.295 -76.1883 16
      vertex 125.467 -78.4667 16
      vertex 124.551 -76.1372 16
    endloop
  endfacet
  facet normal -0 0 1
    outer loop
      vertex 124.034 -76.2054 16
      vertex 125.467 -78.4667 16
      vertex 124.295 -76.1883 16
    endloop
  endfacet
  facet normal 0 0 1
    outer loop
      vertex 122.57 -79 16
      vertex 125.467 -78.4667 16
      vertex 124.034 -76.2054 16
    endloop
  endfacet
  facet normal 0 0 1
    outer loop
      vertex 122.57 -79 16
      vertex 124.034 -76.2054 16
      vertex 123.773 -76.1883 16
    endloop
  endfacet
  facet normal 0 0 1
    outer loop
      vertex 122.57 -79 16
      vertex 123.773 -76.1883 16
      vertex 123.516 -76.1372 16
    endloop
  endfacet
  facet normal 0 0 1
    outer loop
      vertex 122.57 -79 16
      vertex 123.516 -76.1372 16
      vertex 123.268 -76.0531 16
    endloop
  endfacet
  facet normal 0 0 1
    outer loop
      vertex 122.57 -79 16
      vertex 123.268 -76.0531 16
      vertex 123.034 -75.9374 16
    endloop
  endfacet
  facet normal 0 0 1
    outer loop
      vertex 122.57 -79 16
      vertex 123.034 -75.9374 16
      vertex 122.816 -75.7921 16
    endloop
  endfacet
  facet normal 0 0 1
    outer loop
      vertex 122.57 -79 16
      vertex 122.816 -75.7921 16
      vertex 122.62 -75.6196 16
    endloop
  endfacet
  facet normal 0 0 1
    outer loop
      vertex 125.467 -78.4667 16
      vertex 122.57 -79 16
      vertex 125.5 -79 16
    endloop
  endfacet
  facet normal 0 0 1
    outer loop
      vertex 119.468 -79.4019 16
      vertex 122.62 -75.6196 16
      vertex 121.586 -74.5858 16
    endloop
  endfacet
  facet normal 0 0 1
    outer loop
      vertex 119.468 -79.4019 16
      vertex 121.586 -74.5858 16
      vertex 121.172 -74.2679 16
    endloop
  endfacet
  facet normal 0 0 1
    outer loop
      vertex 121.172 -74.2679 16
      vertex 121.586 -74.5858 16
      vertex 121.389 -74.4133 16
    endloop
  endfacet
  facet normal 0 0 1
    outer loop
      vertex 122.62 -75.6196 16
      vertex 119.468 -79.4019 16
      vertex 122.57 -79 16
    endloop
  endfacet
  facet normal 0 0 1
    outer loop
      vertex 123.425 -82.7372 16
      vertex 120.942 -82.3916 16
      vertex 123.265 -83.4843 16
    endloop
  endfacet
  facet normal -0 0 1
    outer loop
      vertex 120.841 -82.862 16
      vertex 123.265 -83.4843 16
      vertex 120.942 -82.3916 16
    endloop
  endfacet
  facet normal 0 0 1
    outer loop
      vertex 123.265 -83.4843 16
      vertex 120.841 -82.862 16
      vertex 122.257 -86.8449 16
    endloop
  endfacet
  facet normal 0 0 1
    outer loop
      vertex 122.257 -86.8449 16
      vertex 120.841 -82.862 16
      vertex 119.862 -86.1265 16
    endloop
  endfacet
  facet normal -0 0 1
    outer loop
      vertex 2.5 -120.35 16
      vertex 5.5 -122.35 16
      vertex 5.5 -120.35 16
    endloop
  endfacet
  facet normal -0 0 1
    outer loop
      vertex 0.267944 -105.667 16
      vertex 2.5 -106.833 16
      vertex 0.40007 -105.467 16
    endloop
  endfacet
  facet normal -0 0 1
    outer loop
      vertex 0.152267 -105.901 16
      vertex 2.5 -106.833 16
      vertex 0.267944 -105.667 16
    endloop
  endfacet
  facet normal -0 0 1
    outer loop
      vertex 0.0681458 -106.149 16
      vertex 2.5 -106.833 16
      vertex 0.152267 -105.901 16
    endloop
  endfacet
  facet normal -0 0 1
    outer loop
      vertex 0.0171051 -106.406 16
      vertex 2.5 -106.833 16
      vertex 0.0681458 -106.149 16
    endloop
  endfacet
  facet normal 0 0 1
    outer loop
      vertex 2.5 -106.833 16
      vertex 0.0171051 -106.406 16
      vertex 0 -106.667 16
    endloop
  endfacet
  facet normal 0 0 1
    outer loop
      vertex 2.5 -106.833 16
      vertex 0 -106.667 16
      vertex 2.5 -120.35 16
    endloop
  endfacet
  facet normal 0 0 1
    outer loop
      vertex 2.5 -120.35 16
      vertex 0 -122.35 16
      vertex 5.5 -122.35 16
    endloop
  endfacet
  facet normal 0 0 1
    outer loop
      vertex 0 -122.35 16
      vertex 2.5 -120.35 16
      vertex 0 -106.667 16
    endloop
  endfacet
  facet normal 0 0 1
    outer loop
      vertex 25.7 -110 16
      vertex 28 -110 16
      vertex 27.9658 -109.478 16
    endloop
  endfacet
  facet normal 0 0 1
    outer loop
      vertex 25.6855 -109.778 16
      vertex 27.9658 -109.478 16
      vertex 27.8637 -108.965 16
    endloop
  endfacet
  facet normal 0 0 1
    outer loop
      vertex 28 -110 16
      vertex 25.7 -110 16
      vertex 27.9658 -110.522 16
    endloop
  endfacet
  facet normal 0 0 1
    outer loop
      vertex 25.6421 -109.56 16
      vertex 27.8637 -108.965 16
      vertex 27.6955 -108.469 16
    endloop
  endfacet
  facet normal -0 0 1
    outer loop
      vertex 25.6855 -110.222 16
      vertex 27.9658 -110.522 16
      vertex 25.7 -110 16
    endloop
  endfacet
  facet normal 0 0 1
    outer loop
      vertex 25.5706 -109.349 16
      vertex 27.6955 -108.469 16
      vertex 27.4641 -108 16
    endloop
  endfacet
  facet normal 0 0 1
    outer loop
      vertex 27.9658 -110.522 16
      vertex 25.6855 -110.222 16
      vertex 27.8637 -111.035 16
    endloop
  endfacet
  facet normal 0 0 1
    outer loop
      vertex 25.4722 -109.15 16
      vertex 27.4641 -108 16
      vertex 27.1734 -107.565 16
    endloop
  endfacet
  facet normal -0 0 1
    outer loop
      vertex 25.6421 -110.44 16
      vertex 27.8637 -111.035 16
      vertex 25.6855 -110.222 16
    endloop
  endfacet
  facet normal 0 0 1
    outer loop
      vertex 25.3487 -108.965 16
      vertex 27.1734 -107.565 16
      vertex 26.8284 -107.172 16
    endloop
  endfacet
  facet normal 0 0 1
    outer loop
      vertex 27.8637 -111.035 16
      vertex 25.6421 -110.44 16
      vertex 27.6955 -111.531 16
    endloop
  endfacet
  facet normal 0 0 1
    outer loop
      vertex 25.2021 -108.798 16
      vertex 26.8284 -107.172 16
      vertex 26.435 -106.827 16
    endloop
  endfacet
  facet normal -0 0 1
    outer loop
      vertex 25.5706 -110.651 16
      vertex 27.6955 -111.531 16
      vertex 25.6421 -110.44 16
    endloop
  endfacet
  facet normal 0 0 1
    outer loop
      vertex 25.0349 -108.651 16
      vertex 26.435 -106.827 16
      vertex 26 -106.536 16
    endloop
  endfacet
  facet normal 0 0 1
    outer loop
      vertex 27.6955 -111.531 16
      vertex 25.5706 -110.651 16
      vertex 27.4641 -112 16
    endloop
  endfacet
  facet normal -0 0 1
    outer loop
      vertex 25.4722 -110.85 16
      vertex 27.4641 -112 16
      vertex 25.5706 -110.651 16
    endloop
  endfacet
  facet normal 0 0 1
    outer loop
      vertex 27.9658 -109.478 16
      vertex 25.6855 -109.778 16
      vertex 25.7 -110 16
    endloop
  endfacet
  facet normal 0 0 1
    outer loop
      vertex 27.8637 -108.965 16
      vertex 25.6421 -109.56 16
      vertex 25.6855 -109.778 16
    endloop
  endfacet
  facet normal 0 0 1
    outer loop
      vertex 27.6955 -108.469 16
      vertex 25.5706 -109.349 16
      vertex 25.6421 -109.56 16
    endloop
  endfacet
  facet normal 0 0 1
    outer loop
      vertex 24.85 -108.528 16
      vertex 26 -106.536 16
      vertex 25.5307 -106.304 16
    endloop
  endfacet
  facet normal 0 0 1
    outer loop
      vertex 27.4641 -108 16
      vertex 25.4722 -109.15 16
      vertex 25.5706 -109.349 16
    endloop
  endfacet
  facet normal 0 0 1
    outer loop
      vertex 27.1734 -107.565 16
      vertex 25.3487 -108.965 16
      vertex 25.4722 -109.15 16
    endloop
  endfacet
  facet normal 0 0 1
    outer loop
      vertex 26.8284 -107.172 16
      vertex 25.2021 -108.798 16
      vertex 25.3487 -108.965 16
    endloop
  endfacet
  facet normal 0 0 1
    outer loop
      vertex 24.6506 -108.429 16
      vertex 25.5307 -106.304 16
      vertex 25.0353 -106.136 16
    endloop
  endfacet
  facet normal 0 0 1
    outer loop
      vertex 26.435 -106.827 16
      vertex 25.0349 -108.651 16
      vertex 25.2021 -108.798 16
    endloop
  endfacet
  facet normal 0 0 1
    outer loop
      vertex 26 -106.536 16
      vertex 24.85 -108.528 16
      vertex 25.0349 -108.651 16
    endloop
  endfacet
  facet normal 0 0 1
    outer loop
      vertex 25.5307 -106.304 16
      vertex 24.6506 -108.429 16
      vertex 24.85 -108.528 16
    endloop
  endfacet
  facet normal 0 0 1
    outer loop
      vertex 24.44 -108.358 16
      vertex 25.0353 -106.136 16
      vertex 24.5221 -106.034 16
    endloop
  endfacet
  facet normal 0 0 1
    outer loop
      vertex 25.0353 -106.136 16
      vertex 24.44 -108.358 16
      vertex 24.6506 -108.429 16
    endloop
  endfacet
  facet normal 0 0 1
    outer loop
      vertex 24.5221 -106.034 16
      vertex 24.2219 -108.315 16
      vertex 24.44 -108.358 16
    endloop
  endfacet
  facet normal 0 0 1
    outer loop
      vertex 24 -106 16
      vertex 24.2219 -108.315 16
      vertex 24.5221 -106.034 16
    endloop
  endfacet
  facet normal 0 0 1
    outer loop
      vertex 24 -106 16
      vertex 24 -108.3 16
      vertex 24.2219 -108.315 16
    endloop
  endfacet
  facet normal 0 0 1
    outer loop
      vertex 24 -106 16
      vertex 23.7781 -108.315 16
      vertex 24 -108.3 16
    endloop
  endfacet
  facet normal -0 0 1
    outer loop
      vertex 23.4779 -106.034 16
      vertex 23.7781 -108.315 16
      vertex 24 -106 16
    endloop
  endfacet
  facet normal 0 0 1
    outer loop
      vertex 23.7781 -108.315 16
      vertex 23.4779 -106.034 16
      vertex 23.56 -108.358 16
    endloop
  endfacet
  facet normal -0 0 1
    outer loop
      vertex 22.9647 -106.136 16
      vertex 23.56 -108.358 16
      vertex 23.4779 -106.034 16
    endloop
  endfacet
  facet normal 0 0 1
    outer loop
      vertex 23.56 -108.358 16
      vertex 22.9647 -106.136 16
      vertex 23.3494 -108.429 16
    endloop
  endfacet
  facet normal -0 0 1
    outer loop
      vertex 22.4693 -106.304 16
      vertex 23.3494 -108.429 16
      vertex 22.9647 -106.136 16
    endloop
  endfacet
  facet normal 0 0 1
    outer loop
      vertex 23.3494 -108.429 16
      vertex 22.4693 -106.304 16
      vertex 23.15 -108.528 16
    endloop
  endfacet
  facet normal -0 0 1
    outer loop
      vertex 22 -106.536 16
      vertex 23.15 -108.528 16
      vertex 22.4693 -106.304 16
    endloop
  endfacet
  facet normal 0 0 1
    outer loop
      vertex 23.15 -108.528 16
      vertex 22 -106.536 16
      vertex 22.9651 -108.651 16
    endloop
  endfacet
  facet normal -0 0 1
    outer loop
      vertex 21.565 -106.827 16
      vertex 22.9651 -108.651 16
      vertex 22 -106.536 16
    endloop
  endfacet
  facet normal 0 0 1
    outer loop
      vertex 22.9651 -108.651 16
      vertex 21.565 -106.827 16
      vertex 22.7979 -108.798 16
    endloop
  endfacet
  facet normal -0 0 1
    outer loop
      vertex 21.1716 -107.172 16
      vertex 22.7979 -108.798 16
      vertex 21.565 -106.827 16
    endloop
  endfacet
  facet normal 0 0 1
    outer loop
      vertex 22.7979 -108.798 16
      vertex 21.1716 -107.172 16
      vertex 22.6513 -108.965 16
    endloop
  endfacet
  facet normal -0 0 1
    outer loop
      vertex 20.8266 -107.565 16
      vertex 22.6513 -108.965 16
      vertex 21.1716 -107.172 16
    endloop
  endfacet
  facet normal 0 0 1
    outer loop
      vertex 22.6513 -108.965 16
      vertex 20.8266 -107.565 16
      vertex 22.5278 -109.15 16
    endloop
  endfacet
  facet normal -0 0 1
    outer loop
      vertex 20.5359 -108 16
      vertex 22.5278 -109.15 16
      vertex 20.8266 -107.565 16
    endloop
  endfacet
  facet normal 0 0 1
    outer loop
      vertex 27.4641 -112 16
      vertex 25.4722 -110.85 16
      vertex 27.1734 -112.435 16
    endloop
  endfacet
  facet normal -0 0 1
    outer loop
      vertex 25.3487 -111.035 16
      vertex 27.1734 -112.435 16
      vertex 25.4722 -110.85 16
    endloop
  endfacet
  facet normal 0 0 1
    outer loop
      vertex 27.1734 -112.435 16
      vertex 25.3487 -111.035 16
      vertex 26.8284 -112.828 16
    endloop
  endfacet
  facet normal -0 0 1
    outer loop
      vertex 25.2021 -111.202 16
      vertex 26.8284 -112.828 16
      vertex 25.3487 -111.035 16
    endloop
  endfacet
  facet normal 0 0 1
    outer loop
      vertex 26.8284 -112.828 16
      vertex 25.2021 -111.202 16
      vertex 26.435 -113.173 16
    endloop
  endfacet
  facet normal -0 0 1
    outer loop
      vertex 25.0349 -111.349 16
      vertex 26.435 -113.173 16
      vertex 25.2021 -111.202 16
    endloop
  endfacet
  facet normal 0 0 1
    outer loop
      vertex 26.435 -113.173 16
      vertex 25.0349 -111.349 16
      vertex 26 -113.464 16
    endloop
  endfacet
  facet normal -0 0 1
    outer loop
      vertex 24.85 -111.472 16
      vertex 26 -113.464 16
      vertex 25.0349 -111.349 16
    endloop
  endfacet
  facet normal 0 0 1
    outer loop
      vertex 26 -113.464 16
      vertex 24.85 -111.472 16
      vertex 25.5307 -113.696 16
    endloop
  endfacet
  facet normal -0 0 1
    outer loop
      vertex 24.6506 -111.571 16
      vertex 25.5307 -113.696 16
      vertex 24.85 -111.472 16
    endloop
  endfacet
  facet normal 0 0 1
    outer loop
      vertex 25.5307 -113.696 16
      vertex 24.6506 -111.571 16
      vertex 25.0353 -113.864 16
    endloop
  endfacet
  facet normal -0 0 1
    outer loop
      vertex 24.44 -111.642 16
      vertex 25.0353 -113.864 16
      vertex 24.6506 -111.571 16
    endloop
  endfacet
  facet normal 0 0 1
    outer loop
      vertex 25.0353 -113.864 16
      vertex 24.44 -111.642 16
      vertex 24.5221 -113.966 16
    endloop
  endfacet
  facet normal -0 0 1
    outer loop
      vertex 24.2219 -111.685 16
      vertex 24.5221 -113.966 16
      vertex 24.44 -111.642 16
    endloop
  endfacet
  facet normal -0 0 1
    outer loop
      vertex 24 -111.7 16
      vertex 24.5221 -113.966 16
      vertex 24.2219 -111.685 16
    endloop
  endfacet
  facet normal 0 0 1
    outer loop
      vertex 24 -111.7 16
      vertex 24 -114 16
      vertex 24.5221 -113.966 16
    endloop
  endfacet
  facet normal 0 0 1
    outer loop
      vertex 23.7781 -111.685 16
      vertex 24 -114 16
      vertex 24 -111.7 16
    endloop
  endfacet
  facet normal 0 0 1
    outer loop
      vertex 23.4779 -113.966 16
      vertex 23.7781 -111.685 16
      vertex 23.56 -111.642 16
    endloop
  endfacet
  facet normal 0 0 1
    outer loop
      vertex 23.7781 -111.685 16
      vertex 23.4779 -113.966 16
      vertex 24 -114 16
    endloop
  endfacet
  facet normal 0 0 1
    outer loop
      vertex 22.9647 -113.864 16
      vertex 23.56 -111.642 16
      vertex 23.3494 -111.571 16
    endloop
  endfacet
  facet normal 0 0 1
    outer loop
      vertex 22.4693 -113.696 16
      vertex 23.3494 -111.571 16
      vertex 23.15 -111.472 16
    endloop
  endfacet
  facet normal 0 0 1
    outer loop
      vertex 22 -113.464 16
      vertex 23.15 -111.472 16
      vertex 22.9651 -111.349 16
    endloop
  endfacet
  facet normal 0 0 1
    outer loop
      vertex 23.56 -111.642 16
      vertex 22.9647 -113.864 16
      vertex 23.4779 -113.966 16
    endloop
  endfacet
  facet normal 0 0 1
    outer loop
      vertex 21.565 -113.173 16
      vertex 22.9651 -111.349 16
      vertex 22.7979 -111.202 16
    endloop
  endfacet
  facet normal 0 0 1
    outer loop
      vertex 21.1716 -112.828 16
      vertex 22.7979 -111.202 16
      vertex 22.6513 -111.035 16
    endloop
  endfacet
  facet normal 0 0 1
    outer loop
      vertex 20.8266 -112.435 16
      vertex 22.6513 -111.035 16
      vertex 22.5278 -110.85 16
    endloop
  endfacet
  facet normal 0 0 1
    outer loop
      vertex 23.3494 -111.571 16
      vertex 22.4693 -113.696 16
      vertex 22.9647 -113.864 16
    endloop
  endfacet
  facet normal 0 0 1
    outer loop
      vertex 20.5359 -112 16
      vertex 22.5278 -110.85 16
      vertex 22.4294 -110.651 16
    endloop
  endfacet
  facet normal 0 0 1
    outer loop
      vertex 20.3045 -111.531 16
      vertex 22.4294 -110.651 16
      vertex 22.3579 -110.44 16
    endloop
  endfacet
  facet normal 0 0 1
    outer loop
      vertex 20.1363 -111.035 16
      vertex 22.3579 -110.44 16
      vertex 22.3145 -110.222 16
    endloop
  endfacet
  facet normal 0 0 1
    outer loop
      vertex 20.0342 -110.522 16
      vertex 22.3145 -110.222 16
      vertex 22.3 -110 16
    endloop
  endfacet
  facet normal 0 0 1
    outer loop
      vertex 22.5278 -109.15 16
      vertex 20.5359 -108 16
      vertex 22.4294 -109.349 16
    endloop
  endfacet
  facet normal 0 0 1
    outer loop
      vertex 23.15 -111.472 16
      vertex 22 -113.464 16
      vertex 22.4693 -113.696 16
    endloop
  endfacet
  facet normal -0 0 1
    outer loop
      vertex 20.3045 -108.469 16
      vertex 22.4294 -109.349 16
      vertex 20.5359 -108 16
    endloop
  endfacet
  facet normal 0 0 1
    outer loop
      vertex 22.9651 -111.349 16
      vertex 21.565 -113.173 16
      vertex 22 -113.464 16
    endloop
  endfacet
  facet normal 0 0 1
    outer loop
      vertex 22.4294 -109.349 16
      vertex 20.3045 -108.469 16
      vertex 22.3579 -109.56 16
    endloop
  endfacet
  facet normal 0 0 1
    outer loop
      vertex 22.7979 -111.202 16
      vertex 21.1716 -112.828 16
      vertex 21.565 -113.173 16
    endloop
  endfacet
  facet normal -0 0 1
    outer loop
      vertex 20.1363 -108.965 16
      vertex 22.3579 -109.56 16
      vertex 20.3045 -108.469 16
    endloop
  endfacet
  facet normal 0 0 1
    outer loop
      vertex 22.6513 -111.035 16
      vertex 20.8266 -112.435 16
      vertex 21.1716 -112.828 16
    endloop
  endfacet
  facet normal 0 0 1
    outer loop
      vertex 22.3579 -109.56 16
      vertex 20.1363 -108.965 16
      vertex 22.3145 -109.778 16
    endloop
  endfacet
  facet normal 0 0 1
    outer loop
      vertex 22.5278 -110.85 16
      vertex 20.5359 -112 16
      vertex 20.8266 -112.435 16
    endloop
  endfacet
  facet normal -0 0 1
    outer loop
      vertex 20.0342 -109.478 16
      vertex 22.3145 -109.778 16
      vertex 20.1363 -108.965 16
    endloop
  endfacet
  facet normal 0 0 1
    outer loop
      vertex 22.4294 -110.651 16
      vertex 20.3045 -111.531 16
      vertex 20.5359 -112 16
    endloop
  endfacet
  facet normal 0 0 1
    outer loop
      vertex 22.3145 -109.778 16
      vertex 20.0342 -109.478 16
      vertex 22.3 -110 16
    endloop
  endfacet
  facet normal 0 0 1
    outer loop
      vertex 22.3579 -110.44 16
      vertex 20.1363 -111.035 16
      vertex 20.3045 -111.531 16
    endloop
  endfacet
  facet normal 0 0 1
    outer loop
      vertex 20 -110 16
      vertex 22.3 -110 16
      vertex 20.0342 -109.478 16
    endloop
  endfacet
  facet normal 0 0 1
    outer loop
      vertex 22.3145 -110.222 16
      vertex 20.0342 -110.522 16
      vertex 20.1363 -111.035 16
    endloop
  endfacet
  facet normal 0 0 1
    outer loop
      vertex 22.3 -110 16
      vertex 20 -110 16
      vertex 20.0342 -110.522 16
    endloop
  endfacet
  facet normal 0 0 1
    outer loop
      vertex 111.7 -110 16
      vertex 114 -110 16
      vertex 113.966 -109.478 16
    endloop
  endfacet
  facet normal 0 0 1
    outer loop
      vertex 111.685 -109.778 16
      vertex 113.966 -109.478 16
      vertex 113.864 -108.965 16
    endloop
  endfacet
  facet normal 0 0 1
    outer loop
      vertex 114 -110 16
      vertex 111.7 -110 16
      vertex 113.966 -110.522 16
    endloop
  endfacet
  facet normal 0 0 1
    outer loop
      vertex 111.642 -109.56 16
      vertex 113.864 -108.965 16
      vertex 113.696 -108.469 16
    endloop
  endfacet
  facet normal -0 0 1
    outer loop
      vertex 111.685 -110.222 16
      vertex 113.966 -110.522 16
      vertex 111.7 -110 16
    endloop
  endfacet
  facet normal 0 0 1
    outer loop
      vertex 111.571 -109.349 16
      vertex 113.696 -108.469 16
      vertex 113.464 -108 16
    endloop
  endfacet
  facet normal 0 0 1
    outer loop
      vertex 113.966 -110.522 16
      vertex 111.685 -110.222 16
      vertex 113.864 -111.035 16
    endloop
  endfacet
  facet normal 0 0 1
    outer loop
      vertex 111.472 -109.15 16
      vertex 113.464 -108 16
      vertex 113.173 -107.565 16
    endloop
  endfacet
  facet normal -0 0 1
    outer loop
      vertex 111.642 -110.44 16
      vertex 113.864 -111.035 16
      vertex 111.685 -110.222 16
    endloop
  endfacet
  facet normal 0 0 1
    outer loop
      vertex 111.349 -108.965 16
      vertex 113.173 -107.565 16
      vertex 112.828 -107.172 16
    endloop
  endfacet
  facet normal 0 0 1
    outer loop
      vertex 113.864 -111.035 16
      vertex 111.642 -110.44 16
      vertex 113.696 -111.531 16
    endloop
  endfacet
  facet normal 0 0 1
    outer loop
      vertex 111.202 -108.798 16
      vertex 112.828 -107.172 16
      vertex 112.435 -106.827 16
    endloop
  endfacet
  facet normal -0 0 1
    outer loop
      vertex 111.571 -110.651 16
      vertex 113.696 -111.531 16
      vertex 111.642 -110.44 16
    endloop
  endfacet
  facet normal 0 0 1
    outer loop
      vertex 111.035 -108.651 16
      vertex 112.435 -106.827 16
      vertex 112 -106.536 16
    endloop
  endfacet
  facet normal 0 0 1
    outer loop
      vertex 113.696 -111.531 16
      vertex 111.571 -110.651 16
      vertex 113.464 -112 16
    endloop
  endfacet
  facet normal -0 0 1
    outer loop
      vertex 111.472 -110.85 16
      vertex 113.464 -112 16
      vertex 111.571 -110.651 16
    endloop
  endfacet
  facet normal 0 0 1
    outer loop
      vertex 113.966 -109.478 16
      vertex 111.685 -109.778 16
      vertex 111.7 -110 16
    endloop
  endfacet
  facet normal 0 0 1
    outer loop
      vertex 113.864 -108.965 16
      vertex 111.642 -109.56 16
      vertex 111.685 -109.778 16
    endloop
  endfacet
  facet normal 0 0 1
    outer loop
      vertex 113.696 -108.469 16
      vertex 111.571 -109.349 16
      vertex 111.642 -109.56 16
    endloop
  endfacet
  facet normal 0 0 1
    outer loop
      vertex 110.85 -108.528 16
      vertex 112 -106.536 16
      vertex 111.531 -106.304 16
    endloop
  endfacet
  facet normal 0 0 1
    outer loop
      vertex 113.464 -108 16
      vertex 111.472 -109.15 16
      vertex 111.571 -109.349 16
    endloop
  endfacet
  facet normal 0 0 1
    outer loop
      vertex 113.173 -107.565 16
      vertex 111.349 -108.965 16
      vertex 111.472 -109.15 16
    endloop
  endfacet
  facet normal 0 0 1
    outer loop
      vertex 112.828 -107.172 16
      vertex 111.202 -108.798 16
      vertex 111.349 -108.965 16
    endloop
  endfacet
  facet normal 0 0 1
    outer loop
      vertex 110.651 -108.429 16
      vertex 111.531 -106.304 16
      vertex 111.035 -106.136 16
    endloop
  endfacet
  facet normal 0 0 1
    outer loop
      vertex 112.435 -106.827 16
      vertex 111.035 -108.651 16
      vertex 111.202 -108.798 16
    endloop
  endfacet
  facet normal 0 0 1
    outer loop
      vertex 112 -106.536 16
      vertex 110.85 -108.528 16
      vertex 111.035 -108.651 16
    endloop
  endfacet
  facet normal 0 0 1
    outer loop
      vertex 111.531 -106.304 16
      vertex 110.651 -108.429 16
      vertex 110.85 -108.528 16
    endloop
  endfacet
  facet normal 0 0 1
    outer loop
      vertex 110.44 -108.358 16
      vertex 111.035 -106.136 16
      vertex 110.522 -106.034 16
    endloop
  endfacet
  facet normal 0 0 1
    outer loop
      vertex 111.035 -106.136 16
      vertex 110.44 -108.358 16
      vertex 110.651 -108.429 16
    endloop
  endfacet
  facet normal 0 0 1
    outer loop
      vertex 110.522 -106.034 16
      vertex 110.222 -108.315 16
      vertex 110.44 -108.358 16
    endloop
  endfacet
  facet normal 0 0 1
    outer loop
      vertex 110 -106 16
      vertex 110.222 -108.315 16
      vertex 110.522 -106.034 16
    endloop
  endfacet
  facet normal 0 0 1
    outer loop
      vertex 110 -106 16
      vertex 110 -108.3 16
      vertex 110.222 -108.315 16
    endloop
  endfacet
  facet normal 0 0 1
    outer loop
      vertex 110 -106 16
      vertex 109.778 -108.315 16
      vertex 110 -108.3 16
    endloop
  endfacet
  facet normal -0 0 1
    outer loop
      vertex 109.478 -106.034 16
      vertex 109.778 -108.315 16
      vertex 110 -106 16
    endloop
  endfacet
  facet normal 0 0 1
    outer loop
      vertex 109.778 -108.315 16
      vertex 109.478 -106.034 16
      vertex 109.56 -108.358 16
    endloop
  endfacet
  facet normal -0 0 1
    outer loop
      vertex 108.965 -106.136 16
      vertex 109.56 -108.358 16
      vertex 109.478 -106.034 16
    endloop
  endfacet
  facet normal 0 0 1
    outer loop
      vertex 109.56 -108.358 16
      vertex 108.965 -106.136 16
      vertex 109.349 -108.429 16
    endloop
  endfacet
  facet normal -0 0 1
    outer loop
      vertex 108.469 -106.304 16
      vertex 109.349 -108.429 16
      vertex 108.965 -106.136 16
    endloop
  endfacet
  facet normal 0 0 1
    outer loop
      vertex 109.349 -108.429 16
      vertex 108.469 -106.304 16
      vertex 109.15 -108.528 16
    endloop
  endfacet
  facet normal -0 0 1
    outer loop
      vertex 108 -106.536 16
      vertex 109.15 -108.528 16
      vertex 108.469 -106.304 16
    endloop
  endfacet
  facet normal 0 0 1
    outer loop
      vertex 109.15 -108.528 16
      vertex 108 -106.536 16
      vertex 108.965 -108.651 16
    endloop
  endfacet
  facet normal -0 0 1
    outer loop
      vertex 107.565 -106.827 16
      vertex 108.965 -108.651 16
      vertex 108 -106.536 16
    endloop
  endfacet
  facet normal 0 0 1
    outer loop
      vertex 108.965 -108.651 16
      vertex 107.565 -106.827 16
      vertex 108.798 -108.798 16
    endloop
  endfacet
  facet normal -0 0 1
    outer loop
      vertex 107.172 -107.172 16
      vertex 108.798 -108.798 16
      vertex 107.565 -106.827 16
    endloop
  endfacet
  facet normal 0 0 1
    outer loop
      vertex 108.798 -108.798 16
      vertex 107.172 -107.172 16
      vertex 108.651 -108.965 16
    endloop
  endfacet
  facet normal -0 0 1
    outer loop
      vertex 106.827 -107.565 16
      vertex 108.651 -108.965 16
      vertex 107.172 -107.172 16
    endloop
  endfacet
  facet normal 0 0 1
    outer loop
      vertex 108.651 -108.965 16
      vertex 106.827 -107.565 16
      vertex 108.528 -109.15 16
    endloop
  endfacet
  facet normal -0 0 1
    outer loop
      vertex 106.536 -108 16
      vertex 108.528 -109.15 16
      vertex 106.827 -107.565 16
    endloop
  endfacet
  facet normal 0 0 1
    outer loop
      vertex 113.464 -112 16
      vertex 111.472 -110.85 16
      vertex 113.173 -112.435 16
    endloop
  endfacet
  facet normal -0 0 1
    outer loop
      vertex 111.349 -111.035 16
      vertex 113.173 -112.435 16
      vertex 111.472 -110.85 16
    endloop
  endfacet
  facet normal 0 0 1
    outer loop
      vertex 113.173 -112.435 16
      vertex 111.349 -111.035 16
      vertex 112.828 -112.828 16
    endloop
  endfacet
  facet normal -0 0 1
    outer loop
      vertex 111.202 -111.202 16
      vertex 112.828 -112.828 16
      vertex 111.349 -111.035 16
    endloop
  endfacet
  facet normal 0 0 1
    outer loop
      vertex 112.828 -112.828 16
      vertex 111.202 -111.202 16
      vertex 112.435 -113.173 16
    endloop
  endfacet
  facet normal -0 0 1
    outer loop
      vertex 111.035 -111.349 16
      vertex 112.435 -113.173 16
      vertex 111.202 -111.202 16
    endloop
  endfacet
  facet normal 0 0 1
    outer loop
      vertex 112.435 -113.173 16
      vertex 111.035 -111.349 16
      vertex 112 -113.464 16
    endloop
  endfacet
  facet normal -0 0 1
    outer loop
      vertex 110.85 -111.472 16
      vertex 112 -113.464 16
      vertex 111.035 -111.349 16
    endloop
  endfacet
  facet normal 0 0 1
    outer loop
      vertex 112 -113.464 16
      vertex 110.85 -111.472 16
      vertex 111.531 -113.696 16
    endloop
  endfacet
  facet normal -0 0 1
    outer loop
      vertex 110.651 -111.571 16
      vertex 111.531 -113.696 16
      vertex 110.85 -111.472 16
    endloop
  endfacet
  facet normal 0 0 1
    outer loop
      vertex 111.531 -113.696 16
      vertex 110.651 -111.571 16
      vertex 111.035 -113.864 16
    endloop
  endfacet
  facet normal -0 0 1
    outer loop
      vertex 110.44 -111.642 16
      vertex 111.035 -113.864 16
      vertex 110.651 -111.571 16
    endloop
  endfacet
  facet normal 0 0 1
    outer loop
      vertex 111.035 -113.864 16
      vertex 110.44 -111.642 16
      vertex 110.522 -113.966 16
    endloop
  endfacet
  facet normal -0 0 1
    outer loop
      vertex 110.222 -111.685 16
      vertex 110.522 -113.966 16
      vertex 110.44 -111.642 16
    endloop
  endfacet
  facet normal -0 0 1
    outer loop
      vertex 110 -111.7 16
      vertex 110.522 -113.966 16
      vertex 110.222 -111.685 16
    endloop
  endfacet
  facet normal 0 0 1
    outer loop
      vertex 110 -111.7 16
      vertex 110 -114 16
      vertex 110.522 -113.966 16
    endloop
  endfacet
  facet normal 0 0 1
    outer loop
      vertex 109.778 -111.685 16
      vertex 110 -114 16
      vertex 110 -111.7 16
    endloop
  endfacet
  facet normal 0 0 1
    outer loop
      vertex 109.478 -113.966 16
      vertex 109.778 -111.685 16
      vertex 109.56 -111.642 16
    endloop
  endfacet
  facet normal 0 0 1
    outer loop
      vertex 109.778 -111.685 16
      vertex 109.478 -113.966 16
      vertex 110 -114 16
    endloop
  endfacet
  facet normal 0 0 1
    outer loop
      vertex 108.965 -113.864 16
      vertex 109.56 -111.642 16
      vertex 109.349 -111.571 16
    endloop
  endfacet
  facet normal 0 0 1
    outer loop
      vertex 108.469 -113.696 16
      vertex 109.349 -111.571 16
      vertex 109.15 -111.472 16
    endloop
  endfacet
  facet normal 0 0 1
    outer loop
      vertex 108 -113.464 16
      vertex 109.15 -111.472 16
      vertex 108.965 -111.349 16
    endloop
  endfacet
  facet normal 0 0 1
    outer loop
      vertex 109.56 -111.642 16
      vertex 108.965 -113.864 16
      vertex 109.478 -113.966 16
    endloop
  endfacet
  facet normal 0 0 1
    outer loop
      vertex 107.565 -113.173 16
      vertex 108.965 -111.349 16
      vertex 108.798 -111.202 16
    endloop
  endfacet
  facet normal 0 0 1
    outer loop
      vertex 107.172 -112.828 16
      vertex 108.798 -111.202 16
      vertex 108.651 -111.035 16
    endloop
  endfacet
  facet normal 0 0 1
    outer loop
      vertex 106.827 -112.435 16
      vertex 108.651 -111.035 16
      vertex 108.528 -110.85 16
    endloop
  endfacet
  facet normal 0 0 1
    outer loop
      vertex 109.349 -111.571 16
      vertex 108.469 -113.696 16
      vertex 108.965 -113.864 16
    endloop
  endfacet
  facet normal 0 0 1
    outer loop
      vertex 106.536 -112 16
      vertex 108.528 -110.85 16
      vertex 108.429 -110.651 16
    endloop
  endfacet
  facet normal 0 0 1
    outer loop
      vertex 106.304 -111.531 16
      vertex 108.429 -110.651 16
      vertex 108.358 -110.44 16
    endloop
  endfacet
  facet normal 0 0 1
    outer loop
      vertex 106.136 -111.035 16
      vertex 108.358 -110.44 16
      vertex 108.315 -110.222 16
    endloop
  endfacet
  facet normal 0 0 1
    outer loop
      vertex 106.034 -110.522 16
      vertex 108.315 -110.222 16
      vertex 108.3 -110 16
    endloop
  endfacet
  facet normal 0 0 1
    outer loop
      vertex 108.528 -109.15 16
      vertex 106.536 -108 16
      vertex 108.429 -109.349 16
    endloop
  endfacet
  facet normal 0 0 1
    outer loop
      vertex 109.15 -111.472 16
      vertex 108 -113.464 16
      vertex 108.469 -113.696 16
    endloop
  endfacet
  facet normal -0 0 1
    outer loop
      vertex 106.304 -108.469 16
      vertex 108.429 -109.349 16
      vertex 106.536 -108 16
    endloop
  endfacet
  facet normal 0 0 1
    outer loop
      vertex 108.965 -111.349 16
      vertex 107.565 -113.173 16
      vertex 108 -113.464 16
    endloop
  endfacet
  facet normal 0 0 1
    outer loop
      vertex 108.429 -109.349 16
      vertex 106.304 -108.469 16
      vertex 108.358 -109.56 16
    endloop
  endfacet
  facet normal 0 0 1
    outer loop
      vertex 108.798 -111.202 16
      vertex 107.172 -112.828 16
      vertex 107.565 -113.173 16
    endloop
  endfacet
  facet normal -0 0 1
    outer loop
      vertex 106.136 -108.965 16
      vertex 108.358 -109.56 16
      vertex 106.304 -108.469 16
    endloop
  endfacet
  facet normal 0 0 1
    outer loop
      vertex 108.651 -111.035 16
      vertex 106.827 -112.435 16
      vertex 107.172 -112.828 16
    endloop
  endfacet
  facet normal 0 0 1
    outer loop
      vertex 108.358 -109.56 16
      vertex 106.136 -108.965 16
      vertex 108.315 -109.778 16
    endloop
  endfacet
  facet normal 0 0 1
    outer loop
      vertex 108.528 -110.85 16
      vertex 106.536 -112 16
      vertex 106.827 -112.435 16
    endloop
  endfacet
  facet normal -0 0 1
    outer loop
      vertex 106.034 -109.478 16
      vertex 108.315 -109.778 16
      vertex 106.136 -108.965 16
    endloop
  endfacet
  facet normal 0 0 1
    outer loop
      vertex 108.429 -110.651 16
      vertex 106.304 -111.531 16
      vertex 106.536 -112 16
    endloop
  endfacet
  facet normal 0 0 1
    outer loop
      vertex 108.315 -109.778 16
      vertex 106.034 -109.478 16
      vertex 108.3 -110 16
    endloop
  endfacet
  facet normal 0 0 1
    outer loop
      vertex 108.358 -110.44 16
      vertex 106.136 -111.035 16
      vertex 106.304 -111.531 16
    endloop
  endfacet
  facet normal 0 0 1
    outer loop
      vertex 106 -110 16
      vertex 108.3 -110 16
      vertex 106.034 -109.478 16
    endloop
  endfacet
  facet normal 0 0 1
    outer loop
      vertex 108.315 -110.222 16
      vertex 106.034 -110.522 16
      vertex 106.136 -111.035 16
    endloop
  endfacet
  facet normal 0 0 1
    outer loop
      vertex 108.3 -110 16
      vertex 106 -110 16
      vertex 106.034 -110.522 16
    endloop
  endfacet
  facet normal 0 0 1
    outer loop
      vertex 151.7 -100 16
      vertex 154 -100 16
      vertex 153.966 -99.4779 16
    endloop
  endfacet
  facet normal 0 0 1
    outer loop
      vertex 151.685 -99.7781 16
      vertex 153.966 -99.4779 16
      vertex 153.864 -98.9647 16
    endloop
  endfacet
  facet normal 0 0 1
    outer loop
      vertex 154 -100 16
      vertex 151.7 -100 16
      vertex 153.966 -100.522 16
    endloop
  endfacet
  facet normal 0 0 1
    outer loop
      vertex 151.642 -99.56 16
      vertex 153.864 -98.9647 16
      vertex 153.696 -98.4693 16
    endloop
  endfacet
  facet normal -0 0 1
    outer loop
      vertex 151.685 -100.222 16
      vertex 153.966 -100.522 16
      vertex 151.7 -100 16
    endloop
  endfacet
  facet normal 0 0 1
    outer loop
      vertex 151.571 -99.3494 16
      vertex 153.696 -98.4693 16
      vertex 153.464 -98 16
    endloop
  endfacet
  facet normal 0 0 1
    outer loop
      vertex 153.966 -100.522 16
      vertex 151.685 -100.222 16
      vertex 153.864 -101.035 16
    endloop
  endfacet
  facet normal 0 0 1
    outer loop
      vertex 151.472 -99.15 16
      vertex 153.464 -98 16
      vertex 153.173 -97.565 16
    endloop
  endfacet
  facet normal -0 0 1
    outer loop
      vertex 151.642 -100.44 16
      vertex 153.864 -101.035 16
      vertex 151.685 -100.222 16
    endloop
  endfacet
  facet normal 0 0 1
    outer loop
      vertex 151.349 -98.9651 16
      vertex 153.173 -97.565 16
      vertex 152.828 -97.1716 16
    endloop
  endfacet
  facet normal 0 0 1
    outer loop
      vertex 153.864 -101.035 16
      vertex 151.642 -100.44 16
      vertex 153.696 -101.531 16
    endloop
  endfacet
  facet normal 0 0 1
    outer loop
      vertex 151.202 -98.7979 16
      vertex 152.828 -97.1716 16
      vertex 152.435 -96.8266 16
    endloop
  endfacet
  facet normal -0 0 1
    outer loop
      vertex 151.571 -100.651 16
      vertex 153.696 -101.531 16
      vertex 151.642 -100.44 16
    endloop
  endfacet
  facet normal 0 0 1
    outer loop
      vertex 151.035 -98.6513 16
      vertex 152.435 -96.8266 16
      vertex 152 -96.5359 16
    endloop
  endfacet
  facet normal 0 0 1
    outer loop
      vertex 153.696 -101.531 16
      vertex 151.571 -100.651 16
      vertex 153.464 -102 16
    endloop
  endfacet
  facet normal -0 0 1
    outer loop
      vertex 151.472 -100.85 16
      vertex 153.464 -102 16
      vertex 151.571 -100.651 16
    endloop
  endfacet
  facet normal 0 0 1
    outer loop
      vertex 153.966 -99.4779 16
      vertex 151.685 -99.7781 16
      vertex 151.7 -100 16
    endloop
  endfacet
  facet normal 0 0 1
    outer loop
      vertex 153.864 -98.9647 16
      vertex 151.642 -99.56 16
      vertex 151.685 -99.7781 16
    endloop
  endfacet
  facet normal 0 0 1
    outer loop
      vertex 153.696 -98.4693 16
      vertex 151.571 -99.3494 16
      vertex 151.642 -99.56 16
    endloop
  endfacet
  facet normal 0 0 1
    outer loop
      vertex 150.85 -98.5278 16
      vertex 152 -96.5359 16
      vertex 151.531 -96.3045 16
    endloop
  endfacet
  facet normal 0 0 1
    outer loop
      vertex 153.464 -98 16
      vertex 151.472 -99.15 16
      vertex 151.571 -99.3494 16
    endloop
  endfacet
  facet normal 0 0 1
    outer loop
      vertex 153.173 -97.565 16
      vertex 151.349 -98.9651 16
      vertex 151.472 -99.15 16
    endloop
  endfacet
  facet normal 0 0 1
    outer loop
      vertex 152.828 -97.1716 16
      vertex 151.202 -98.7979 16
      vertex 151.349 -98.9651 16
    endloop
  endfacet
  facet normal 0 0 1
    outer loop
      vertex 150.651 -98.4294 16
      vertex 151.531 -96.3045 16
      vertex 151.035 -96.1363 16
    endloop
  endfacet
  facet normal 0 0 1
    outer loop
      vertex 152.435 -96.8266 16
      vertex 151.035 -98.6513 16
      vertex 151.202 -98.7979 16
    endloop
  endfacet
  facet normal 0 0 1
    outer loop
      vertex 152 -96.5359 16
      vertex 150.85 -98.5278 16
      vertex 151.035 -98.6513 16
    endloop
  endfacet
  facet normal 0 0 1
    outer loop
      vertex 151.531 -96.3045 16
      vertex 150.651 -98.4294 16
      vertex 150.85 -98.5278 16
    endloop
  endfacet
  facet normal 0 0 1
    outer loop
      vertex 150.44 -98.3579 16
      vertex 151.035 -96.1363 16
      vertex 150.522 -96.0342 16
    endloop
  endfacet
  facet normal 0 0 1
    outer loop
      vertex 151.035 -96.1363 16
      vertex 150.44 -98.3579 16
      vertex 150.651 -98.4294 16
    endloop
  endfacet
  facet normal 0 0 1
    outer loop
      vertex 150.522 -96.0342 16
      vertex 150.222 -98.3145 16
      vertex 150.44 -98.3579 16
    endloop
  endfacet
  facet normal 0 0 1
    outer loop
      vertex 150 -96 16
      vertex 150.222 -98.3145 16
      vertex 150.522 -96.0342 16
    endloop
  endfacet
  facet normal 0 0 1
    outer loop
      vertex 150 -96 16
      vertex 150 -98.3 16
      vertex 150.222 -98.3145 16
    endloop
  endfacet
  facet normal 0 0 1
    outer loop
      vertex 150 -96 16
      vertex 149.778 -98.3145 16
      vertex 150 -98.3 16
    endloop
  endfacet
  facet normal -0 0 1
    outer loop
      vertex 149.478 -96.0342 16
      vertex 149.778 -98.3145 16
      vertex 150 -96 16
    endloop
  endfacet
  facet normal 0 0 1
    outer loop
      vertex 149.778 -98.3145 16
      vertex 149.478 -96.0342 16
      vertex 149.56 -98.3579 16
    endloop
  endfacet
  facet normal -0 0 1
    outer loop
      vertex 148.965 -96.1363 16
      vertex 149.56 -98.3579 16
      vertex 149.478 -96.0342 16
    endloop
  endfacet
  facet normal 0 0 1
    outer loop
      vertex 149.56 -98.3579 16
      vertex 148.965 -96.1363 16
      vertex 149.349 -98.4294 16
    endloop
  endfacet
  facet normal -0 0 1
    outer loop
      vertex 148.469 -96.3045 16
      vertex 149.349 -98.4294 16
      vertex 148.965 -96.1363 16
    endloop
  endfacet
  facet normal 0 0 1
    outer loop
      vertex 149.349 -98.4294 16
      vertex 148.469 -96.3045 16
      vertex 149.15 -98.5278 16
    endloop
  endfacet
  facet normal -0 0 1
    outer loop
      vertex 148 -96.5359 16
      vertex 149.15 -98.5278 16
      vertex 148.469 -96.3045 16
    endloop
  endfacet
  facet normal 0 0 1
    outer loop
      vertex 149.15 -98.5278 16
      vertex 148 -96.5359 16
      vertex 148.965 -98.6513 16
    endloop
  endfacet
  facet normal -0 0 1
    outer loop
      vertex 147.565 -96.8266 16
      vertex 148.965 -98.6513 16
      vertex 148 -96.5359 16
    endloop
  endfacet
  facet normal 0 0 1
    outer loop
      vertex 148.965 -98.6513 16
      vertex 147.565 -96.8266 16
      vertex 148.798 -98.7979 16
    endloop
  endfacet
  facet normal -0 0 1
    outer loop
      vertex 147.172 -97.1716 16
      vertex 148.798 -98.7979 16
      vertex 147.565 -96.8266 16
    endloop
  endfacet
  facet normal 0 0 1
    outer loop
      vertex 148.798 -98.7979 16
      vertex 147.172 -97.1716 16
      vertex 148.651 -98.9651 16
    endloop
  endfacet
  facet normal -0 0 1
    outer loop
      vertex 146.827 -97.565 16
      vertex 148.651 -98.9651 16
      vertex 147.172 -97.1716 16
    endloop
  endfacet
  facet normal 0 0 1
    outer loop
      vertex 148.651 -98.9651 16
      vertex 146.827 -97.565 16
      vertex 148.528 -99.15 16
    endloop
  endfacet
  facet normal -0 0 1
    outer loop
      vertex 146.536 -98 16
      vertex 148.528 -99.15 16
      vertex 146.827 -97.565 16
    endloop
  endfacet
  facet normal 0 0 1
    outer loop
      vertex 153.464 -102 16
      vertex 151.472 -100.85 16
      vertex 153.173 -102.435 16
    endloop
  endfacet
  facet normal -0 0 1
    outer loop
      vertex 151.349 -101.035 16
      vertex 153.173 -102.435 16
      vertex 151.472 -100.85 16
    endloop
  endfacet
  facet normal 0 0 1
    outer loop
      vertex 153.173 -102.435 16
      vertex 151.349 -101.035 16
      vertex 152.828 -102.828 16
    endloop
  endfacet
  facet normal -0 0 1
    outer loop
      vertex 151.202 -101.202 16
      vertex 152.828 -102.828 16
      vertex 151.349 -101.035 16
    endloop
  endfacet
  facet normal 0 0 1
    outer loop
      vertex 152.828 -102.828 16
      vertex 151.202 -101.202 16
      vertex 152.435 -103.173 16
    endloop
  endfacet
  facet normal -0 0 1
    outer loop
      vertex 151.035 -101.349 16
      vertex 152.435 -103.173 16
      vertex 151.202 -101.202 16
    endloop
  endfacet
  facet normal 0 0 1
    outer loop
      vertex 152.435 -103.173 16
      vertex 151.035 -101.349 16
      vertex 152 -103.464 16
    endloop
  endfacet
  facet normal -0 0 1
    outer loop
      vertex 150.85 -101.472 16
      vertex 152 -103.464 16
      vertex 151.035 -101.349 16
    endloop
  endfacet
  facet normal 0 0 1
    outer loop
      vertex 152 -103.464 16
      vertex 150.85 -101.472 16
      vertex 151.531 -103.696 16
    endloop
  endfacet
  facet normal -0 0 1
    outer loop
      vertex 150.651 -101.571 16
      vertex 151.531 -103.696 16
      vertex 150.85 -101.472 16
    endloop
  endfacet
  facet normal 0 0 1
    outer loop
      vertex 151.531 -103.696 16
      vertex 150.651 -101.571 16
      vertex 151.035 -103.864 16
    endloop
  endfacet
  facet normal -0 0 1
    outer loop
      vertex 150.44 -101.642 16
      vertex 151.035 -103.864 16
      vertex 150.651 -101.571 16
    endloop
  endfacet
  facet normal 0 0 1
    outer loop
      vertex 151.035 -103.864 16
      vertex 150.44 -101.642 16
      vertex 150.522 -103.966 16
    endloop
  endfacet
  facet normal -0 0 1
    outer loop
      vertex 150.222 -101.685 16
      vertex 150.522 -103.966 16
      vertex 150.44 -101.642 16
    endloop
  endfacet
  facet normal -0 0 1
    outer loop
      vertex 150 -101.7 16
      vertex 150.522 -103.966 16
      vertex 150.222 -101.685 16
    endloop
  endfacet
  facet normal 0 0 1
    outer loop
      vertex 150 -101.7 16
      vertex 150 -104 16
      vertex 150.522 -103.966 16
    endloop
  endfacet
  facet normal 0 0 1
    outer loop
      vertex 149.778 -101.685 16
      vertex 150 -104 16
      vertex 150 -101.7 16
    endloop
  endfacet
  facet normal 0 0 1
    outer loop
      vertex 149.478 -103.966 16
      vertex 149.778 -101.685 16
      vertex 149.56 -101.642 16
    endloop
  endfacet
  facet normal 0 0 1
    outer loop
      vertex 149.778 -101.685 16
      vertex 149.478 -103.966 16
      vertex 150 -104 16
    endloop
  endfacet
  facet normal 0 0 1
    outer loop
      vertex 148.965 -103.864 16
      vertex 149.56 -101.642 16
      vertex 149.349 -101.571 16
    endloop
  endfacet
  facet normal 0 0 1
    outer loop
      vertex 148.469 -103.696 16
      vertex 149.349 -101.571 16
      vertex 149.15 -101.472 16
    endloop
  endfacet
  facet normal 0 0 1
    outer loop
      vertex 148 -103.464 16
      vertex 149.15 -101.472 16
      vertex 148.965 -101.349 16
    endloop
  endfacet
  facet normal 0 0 1
    outer loop
      vertex 149.56 -101.642 16
      vertex 148.965 -103.864 16
      vertex 149.478 -103.966 16
    endloop
  endfacet
  facet normal 0 0 1
    outer loop
      vertex 147.565 -103.173 16
      vertex 148.965 -101.349 16
      vertex 148.798 -101.202 16
    endloop
  endfacet
  facet normal 0 0 1
    outer loop
      vertex 147.172 -102.828 16
      vertex 148.798 -101.202 16
      vertex 148.651 -101.035 16
    endloop
  endfacet
  facet normal 0 0 1
    outer loop
      vertex 146.827 -102.435 16
      vertex 148.651 -101.035 16
      vertex 148.528 -100.85 16
    endloop
  endfacet
  facet normal 0 0 1
    outer loop
      vertex 149.349 -101.571 16
      vertex 148.469 -103.696 16
      vertex 148.965 -103.864 16
    endloop
  endfacet
  facet normal 0 0 1
    outer loop
      vertex 146.536 -102 16
      vertex 148.528 -100.85 16
      vertex 148.429 -100.651 16
    endloop
  endfacet
  facet normal 0 0 1
    outer loop
      vertex 146.304 -101.531 16
      vertex 148.429 -100.651 16
      vertex 148.358 -100.44 16
    endloop
  endfacet
  facet normal 0 0 1
    outer loop
      vertex 146.136 -101.035 16
      vertex 148.358 -100.44 16
      vertex 148.315 -100.222 16
    endloop
  endfacet
  facet normal 0 0 1
    outer loop
      vertex 146.034 -100.522 16
      vertex 148.315 -100.222 16
      vertex 148.3 -100 16
    endloop
  endfacet
  facet normal 0 0 1
    outer loop
      vertex 148.528 -99.15 16
      vertex 146.536 -98 16
      vertex 148.429 -99.3494 16
    endloop
  endfacet
  facet normal 0 0 1
    outer loop
      vertex 149.15 -101.472 16
      vertex 148 -103.464 16
      vertex 148.469 -103.696 16
    endloop
  endfacet
  facet normal -0 0 1
    outer loop
      vertex 146.304 -98.4693 16
      vertex 148.429 -99.3494 16
      vertex 146.536 -98 16
    endloop
  endfacet
  facet normal 0 0 1
    outer loop
      vertex 148.965 -101.349 16
      vertex 147.565 -103.173 16
      vertex 148 -103.464 16
    endloop
  endfacet
  facet normal 0 0 1
    outer loop
      vertex 148.429 -99.3494 16
      vertex 146.304 -98.4693 16
      vertex 148.358 -99.56 16
    endloop
  endfacet
  facet normal 0 0 1
    outer loop
      vertex 148.798 -101.202 16
      vertex 147.172 -102.828 16
      vertex 147.565 -103.173 16
    endloop
  endfacet
  facet normal -0 0 1
    outer loop
      vertex 146.136 -98.9647 16
      vertex 148.358 -99.56 16
      vertex 146.304 -98.4693 16
    endloop
  endfacet
  facet normal 0 0 1
    outer loop
      vertex 148.651 -101.035 16
      vertex 146.827 -102.435 16
      vertex 147.172 -102.828 16
    endloop
  endfacet
  facet normal 0 0 1
    outer loop
      vertex 148.358 -99.56 16
      vertex 146.136 -98.9647 16
      vertex 148.315 -99.7781 16
    endloop
  endfacet
  facet normal 0 0 1
    outer loop
      vertex 148.528 -100.85 16
      vertex 146.536 -102 16
      vertex 146.827 -102.435 16
    endloop
  endfacet
  facet normal -0 0 1
    outer loop
      vertex 146.034 -99.4779 16
      vertex 148.315 -99.7781 16
      vertex 146.136 -98.9647 16
    endloop
  endfacet
  facet normal 0 0 1
    outer loop
      vertex 148.429 -100.651 16
      vertex 146.304 -101.531 16
      vertex 146.536 -102 16
    endloop
  endfacet
  facet normal 0 0 1
    outer loop
      vertex 148.315 -99.7781 16
      vertex 146.034 -99.4779 16
      vertex 148.3 -100 16
    endloop
  endfacet
  facet normal 0 0 1
    outer loop
      vertex 148.358 -100.44 16
      vertex 146.136 -101.035 16
      vertex 146.304 -101.531 16
    endloop
  endfacet
  facet normal 0 0 1
    outer loop
      vertex 146 -100 16
      vertex 148.3 -100 16
      vertex 146.034 -99.4779 16
    endloop
  endfacet
  facet normal 0 0 1
    outer loop
      vertex 148.315 -100.222 16
      vertex 146.034 -100.522 16
      vertex 146.136 -101.035 16
    endloop
  endfacet
  facet normal 0 0 1
    outer loop
      vertex 148.3 -100 16
      vertex 146 -100 16
      vertex 146.034 -100.522 16
    endloop
  endfacet
  facet normal 0 0 1
    outer loop
      vertex 193.7 -14 16
      vertex 196 -14 16
      vertex 195.966 -13.4779 16
    endloop
  endfacet
  facet normal 0 0 1
    outer loop
      vertex 193.685 -13.7781 16
      vertex 195.966 -13.4779 16
      vertex 195.864 -12.9647 16
    endloop
  endfacet
  facet normal 0 0 1
    outer loop
      vertex 196 -14 16
      vertex 193.7 -14 16
      vertex 195.966 -14.5221 16
    endloop
  endfacet
  facet normal 0 0 1
    outer loop
      vertex 193.642 -13.56 16
      vertex 195.864 -12.9647 16
      vertex 195.696 -12.4693 16
    endloop
  endfacet
  facet normal -0 0 1
    outer loop
      vertex 193.685 -14.2219 16
      vertex 195.966 -14.5221 16
      vertex 193.7 -14 16
    endloop
  endfacet
  facet normal 0 0 1
    outer loop
      vertex 193.571 -13.3494 16
      vertex 195.696 -12.4693 16
      vertex 195.464 -12 16
    endloop
  endfacet
  facet normal 0 0 1
    outer loop
      vertex 195.966 -14.5221 16
      vertex 193.685 -14.2219 16
      vertex 195.864 -15.0353 16
    endloop
  endfacet
  facet normal 0 0 1
    outer loop
      vertex 193.472 -13.15 16
      vertex 195.464 -12 16
      vertex 195.173 -11.565 16
    endloop
  endfacet
  facet normal -0 0 1
    outer loop
      vertex 193.642 -14.44 16
      vertex 195.864 -15.0353 16
      vertex 193.685 -14.2219 16
    endloop
  endfacet
  facet normal 0 0 1
    outer loop
      vertex 193.349 -12.9651 16
      vertex 195.173 -11.565 16
      vertex 194.828 -11.1716 16
    endloop
  endfacet
  facet normal 0 0 1
    outer loop
      vertex 195.864 -15.0353 16
      vertex 193.642 -14.44 16
      vertex 195.696 -15.5307 16
    endloop
  endfacet
  facet normal 0 0 1
    outer loop
      vertex 193.202 -12.7979 16
      vertex 194.828 -11.1716 16
      vertex 194.435 -10.8266 16
    endloop
  endfacet
  facet normal -0 0 1
    outer loop
      vertex 193.571 -14.6506 16
      vertex 195.696 -15.5307 16
      vertex 193.642 -14.44 16
    endloop
  endfacet
  facet normal 0 0 1
    outer loop
      vertex 193.035 -12.6513 16
      vertex 194.435 -10.8266 16
      vertex 194 -10.5359 16
    endloop
  endfacet
  facet normal 0 0 1
    outer loop
      vertex 195.696 -15.5307 16
      vertex 193.571 -14.6506 16
      vertex 195.464 -16 16
    endloop
  endfacet
  facet normal -0 0 1
    outer loop
      vertex 193.472 -14.85 16
      vertex 195.464 -16 16
      vertex 193.571 -14.6506 16
    endloop
  endfacet
  facet normal 0 0 1
    outer loop
      vertex 195.966 -13.4779 16
      vertex 193.685 -13.7781 16
      vertex 193.7 -14 16
    endloop
  endfacet
  facet normal 0 0 1
    outer loop
      vertex 195.864 -12.9647 16
      vertex 193.642 -13.56 16
      vertex 193.685 -13.7781 16
    endloop
  endfacet
  facet normal 0 0 1
    outer loop
      vertex 195.696 -12.4693 16
      vertex 193.571 -13.3494 16
      vertex 193.642 -13.56 16
    endloop
  endfacet
  facet normal 0 0 1
    outer loop
      vertex 192.85 -12.5278 16
      vertex 194 -10.5359 16
      vertex 193.531 -10.3045 16
    endloop
  endfacet
  facet normal 0 0 1
    outer loop
      vertex 195.464 -12 16
      vertex 193.472 -13.15 16
      vertex 193.571 -13.3494 16
    endloop
  endfacet
  facet normal 0 0 1
    outer loop
      vertex 195.173 -11.565 16
      vertex 193.349 -12.9651 16
      vertex 193.472 -13.15 16
    endloop
  endfacet
  facet normal 0 0 1
    outer loop
      vertex 194.828 -11.1716 16
      vertex 193.202 -12.7979 16
      vertex 193.349 -12.9651 16
    endloop
  endfacet
  facet normal 0 0 1
    outer loop
      vertex 192.651 -12.4294 16
      vertex 193.531 -10.3045 16
      vertex 193.035 -10.1363 16
    endloop
  endfacet
  facet normal 0 0 1
    outer loop
      vertex 194.435 -10.8266 16
      vertex 193.035 -12.6513 16
      vertex 193.202 -12.7979 16
    endloop
  endfacet
  facet normal 0 0 1
    outer loop
      vertex 194 -10.5359 16
      vertex 192.85 -12.5278 16
      vertex 193.035 -12.6513 16
    endloop
  endfacet
  facet normal 0 0 1
    outer loop
      vertex 193.531 -10.3045 16
      vertex 192.651 -12.4294 16
      vertex 192.85 -12.5278 16
    endloop
  endfacet
  facet normal 0 0 1
    outer loop
      vertex 192.44 -12.3579 16
      vertex 193.035 -10.1363 16
      vertex 192.522 -10.0342 16
    endloop
  endfacet
  facet normal 0 0 1
    outer loop
      vertex 193.035 -10.1363 16
      vertex 192.44 -12.3579 16
      vertex 192.651 -12.4294 16
    endloop
  endfacet
  facet normal 0 0 1
    outer loop
      vertex 192.522 -10.0342 16
      vertex 192.222 -12.3145 16
      vertex 192.44 -12.3579 16
    endloop
  endfacet
  facet normal 0 0 1
    outer loop
      vertex 192 -10 16
      vertex 192.222 -12.3145 16
      vertex 192.522 -10.0342 16
    endloop
  endfacet
  facet normal 0 0 1
    outer loop
      vertex 192 -10 16
      vertex 192 -12.3 16
      vertex 192.222 -12.3145 16
    endloop
  endfacet
  facet normal 0 0 1
    outer loop
      vertex 192 -10 16
      vertex 191.778 -12.3145 16
      vertex 192 -12.3 16
    endloop
  endfacet
  facet normal -0 0 1
    outer loop
      vertex 191.478 -10.0342 16
      vertex 191.778 -12.3145 16
      vertex 192 -10 16
    endloop
  endfacet
  facet normal 0 0 1
    outer loop
      vertex 191.778 -12.3145 16
      vertex 191.478 -10.0342 16
      vertex 191.56 -12.3579 16
    endloop
  endfacet
  facet normal -0 0 1
    outer loop
      vertex 190.965 -10.1363 16
      vertex 191.56 -12.3579 16
      vertex 191.478 -10.0342 16
    endloop
  endfacet
  facet normal 0 0 1
    outer loop
      vertex 191.56 -12.3579 16
      vertex 190.965 -10.1363 16
      vertex 191.349 -12.4294 16
    endloop
  endfacet
  facet normal -0 0 1
    outer loop
      vertex 190.469 -10.3045 16
      vertex 191.349 -12.4294 16
      vertex 190.965 -10.1363 16
    endloop
  endfacet
  facet normal 0 0 1
    outer loop
      vertex 191.349 -12.4294 16
      vertex 190.469 -10.3045 16
      vertex 191.15 -12.5278 16
    endloop
  endfacet
  facet normal -0 0 1
    outer loop
      vertex 190 -10.5359 16
      vertex 191.15 -12.5278 16
      vertex 190.469 -10.3045 16
    endloop
  endfacet
  facet normal 0 0 1
    outer loop
      vertex 191.15 -12.5278 16
      vertex 190 -10.5359 16
      vertex 190.965 -12.6513 16
    endloop
  endfacet
  facet normal -0 0 1
    outer loop
      vertex 189.565 -10.8266 16
      vertex 190.965 -12.6513 16
      vertex 190 -10.5359 16
    endloop
  endfacet
  facet normal 0 0 1
    outer loop
      vertex 190.965 -12.6513 16
      vertex 189.565 -10.8266 16
      vertex 190.798 -12.7979 16
    endloop
  endfacet
  facet normal -0 0 1
    outer loop
      vertex 189.172 -11.1716 16
      vertex 190.798 -12.7979 16
      vertex 189.565 -10.8266 16
    endloop
  endfacet
  facet normal 0 0 1
    outer loop
      vertex 190.798 -12.7979 16
      vertex 189.172 -11.1716 16
      vertex 190.651 -12.9651 16
    endloop
  endfacet
  facet normal -0 0 1
    outer loop
      vertex 188.827 -11.565 16
      vertex 190.651 -12.9651 16
      vertex 189.172 -11.1716 16
    endloop
  endfacet
  facet normal 0 0 1
    outer loop
      vertex 190.651 -12.9651 16
      vertex 188.827 -11.565 16
      vertex 190.528 -13.15 16
    endloop
  endfacet
  facet normal -0 0 1
    outer loop
      vertex 188.536 -12 16
      vertex 190.528 -13.15 16
      vertex 188.827 -11.565 16
    endloop
  endfacet
  facet normal 0 0 1
    outer loop
      vertex 195.464 -16 16
      vertex 193.472 -14.85 16
      vertex 195.173 -16.435 16
    endloop
  endfacet
  facet normal -0 0 1
    outer loop
      vertex 193.349 -15.0349 16
      vertex 195.173 -16.435 16
      vertex 193.472 -14.85 16
    endloop
  endfacet
  facet normal 0 0 1
    outer loop
      vertex 195.173 -16.435 16
      vertex 193.349 -15.0349 16
      vertex 194.828 -16.8284 16
    endloop
  endfacet
  facet normal -0 0 1
    outer loop
      vertex 193.202 -15.2021 16
      vertex 194.828 -16.8284 16
      vertex 193.349 -15.0349 16
    endloop
  endfacet
  facet normal 0 0 1
    outer loop
      vertex 194.828 -16.8284 16
      vertex 193.202 -15.2021 16
      vertex 194.435 -17.1734 16
    endloop
  endfacet
  facet normal -0 0 1
    outer loop
      vertex 193.035 -15.3487 16
      vertex 194.435 -17.1734 16
      vertex 193.202 -15.2021 16
    endloop
  endfacet
  facet normal 0 0 1
    outer loop
      vertex 194.435 -17.1734 16
      vertex 193.035 -15.3487 16
      vertex 194 -17.4641 16
    endloop
  endfacet
  facet normal -0 0 1
    outer loop
      vertex 192.85 -15.4722 16
      vertex 194 -17.4641 16
      vertex 193.035 -15.3487 16
    endloop
  endfacet
  facet normal 0 0 1
    outer loop
      vertex 194 -17.4641 16
      vertex 192.85 -15.4722 16
      vertex 193.531 -17.6955 16
    endloop
  endfacet
  facet normal -0 0 1
    outer loop
      vertex 192.651 -15.5706 16
      vertex 193.531 -17.6955 16
      vertex 192.85 -15.4722 16
    endloop
  endfacet
  facet normal 0 0 1
    outer loop
      vertex 193.531 -17.6955 16
      vertex 192.651 -15.5706 16
      vertex 193.035 -17.8637 16
    endloop
  endfacet
  facet normal -0 0 1
    outer loop
      vertex 192.44 -15.6421 16
      vertex 193.035 -17.8637 16
      vertex 192.651 -15.5706 16
    endloop
  endfacet
  facet normal 0 0 1
    outer loop
      vertex 193.035 -17.8637 16
      vertex 192.44 -15.6421 16
      vertex 192.522 -17.9658 16
    endloop
  endfacet
  facet normal -0 0 1
    outer loop
      vertex 192.222 -15.6855 16
      vertex 192.522 -17.9658 16
      vertex 192.44 -15.6421 16
    endloop
  endfacet
  facet normal -0 0 1
    outer loop
      vertex 192 -15.7 16
      vertex 192.522 -17.9658 16
      vertex 192.222 -15.6855 16
    endloop
  endfacet
  facet normal 0 0 1
    outer loop
      vertex 192 -15.7 16
      vertex 192 -18 16
      vertex 192.522 -17.9658 16
    endloop
  endfacet
  facet normal 0 0 1
    outer loop
      vertex 191.778 -15.6855 16
      vertex 192 -18 16
      vertex 192 -15.7 16
    endloop
  endfacet
  facet normal 0 0 1
    outer loop
      vertex 191.478 -17.9658 16
      vertex 191.778 -15.6855 16
      vertex 191.56 -15.6421 16
    endloop
  endfacet
  facet normal 0 0 1
    outer loop
      vertex 191.778 -15.6855 16
      vertex 191.478 -17.9658 16
      vertex 192 -18 16
    endloop
  endfacet
  facet normal 0 0 1
    outer loop
      vertex 190.965 -17.8637 16
      vertex 191.56 -15.6421 16
      vertex 191.349 -15.5706 16
    endloop
  endfacet
  facet normal 0 0 1
    outer loop
      vertex 190.469 -17.6955 16
      vertex 191.349 -15.5706 16
      vertex 191.15 -15.4722 16
    endloop
  endfacet
  facet normal 0 0 1
    outer loop
      vertex 190 -17.4641 16
      vertex 191.15 -15.4722 16
      vertex 190.965 -15.3487 16
    endloop
  endfacet
  facet normal 0 0 1
    outer loop
      vertex 191.56 -15.6421 16
      vertex 190.965 -17.8637 16
      vertex 191.478 -17.9658 16
    endloop
  endfacet
  facet normal 0 0 1
    outer loop
      vertex 189.565 -17.1734 16
      vertex 190.965 -15.3487 16
      vertex 190.798 -15.2021 16
    endloop
  endfacet
  facet normal 0 0 1
    outer loop
      vertex 189.172 -16.8284 16
      vertex 190.798 -15.2021 16
      vertex 190.651 -15.0349 16
    endloop
  endfacet
  facet normal 0 0 1
    outer loop
      vertex 188.827 -16.435 16
      vertex 190.651 -15.0349 16
      vertex 190.528 -14.85 16
    endloop
  endfacet
  facet normal 0 0 1
    outer loop
      vertex 191.349 -15.5706 16
      vertex 190.469 -17.6955 16
      vertex 190.965 -17.8637 16
    endloop
  endfacet
  facet normal 0 0 1
    outer loop
      vertex 188.536 -16 16
      vertex 190.528 -14.85 16
      vertex 190.429 -14.6506 16
    endloop
  endfacet
  facet normal 0 0 1
    outer loop
      vertex 188.304 -15.5307 16
      vertex 190.429 -14.6506 16
      vertex 190.358 -14.44 16
    endloop
  endfacet
  facet normal 0 0 1
    outer loop
      vertex 188.136 -15.0353 16
      vertex 190.358 -14.44 16
      vertex 190.315 -14.2219 16
    endloop
  endfacet
  facet normal 0 0 1
    outer loop
      vertex 188.034 -14.5221 16
      vertex 190.315 -14.2219 16
      vertex 190.3 -14 16
    endloop
  endfacet
  facet normal 0 0 1
    outer loop
      vertex 190.528 -13.15 16
      vertex 188.536 -12 16
      vertex 190.429 -13.3494 16
    endloop
  endfacet
  facet normal 0 0 1
    outer loop
      vertex 191.15 -15.4722 16
      vertex 190 -17.4641 16
      vertex 190.469 -17.6955 16
    endloop
  endfacet
  facet normal -0 0 1
    outer loop
      vertex 188.304 -12.4693 16
      vertex 190.429 -13.3494 16
      vertex 188.536 -12 16
    endloop
  endfacet
  facet normal 0 0 1
    outer loop
      vertex 190.965 -15.3487 16
      vertex 189.565 -17.1734 16
      vertex 190 -17.4641 16
    endloop
  endfacet
  facet normal 0 0 1
    outer loop
      vertex 190.429 -13.3494 16
      vertex 188.304 -12.4693 16
      vertex 190.358 -13.56 16
    endloop
  endfacet
  facet normal 0 0 1
    outer loop
      vertex 190.798 -15.2021 16
      vertex 189.172 -16.8284 16
      vertex 189.565 -17.1734 16
    endloop
  endfacet
  facet normal -0 0 1
    outer loop
      vertex 188.136 -12.9647 16
      vertex 190.358 -13.56 16
      vertex 188.304 -12.4693 16
    endloop
  endfacet
  facet normal 0 0 1
    outer loop
      vertex 190.651 -15.0349 16
      vertex 188.827 -16.435 16
      vertex 189.172 -16.8284 16
    endloop
  endfacet
  facet normal 0 0 1
    outer loop
      vertex 190.358 -13.56 16
      vertex 188.136 -12.9647 16
      vertex 190.315 -13.7781 16
    endloop
  endfacet
  facet normal 0 0 1
    outer loop
      vertex 190.528 -14.85 16
      vertex 188.536 -16 16
      vertex 188.827 -16.435 16
    endloop
  endfacet
  facet normal -0 0 1
    outer loop
      vertex 188.034 -13.4779 16
      vertex 190.315 -13.7781 16
      vertex 188.136 -12.9647 16
    endloop
  endfacet
  facet normal 0 0 1
    outer loop
      vertex 190.429 -14.6506 16
      vertex 188.304 -15.5307 16
      vertex 188.536 -16 16
    endloop
  endfacet
  facet normal 0 0 1
    outer loop
      vertex 190.315 -13.7781 16
      vertex 188.034 -13.4779 16
      vertex 190.3 -14 16
    endloop
  endfacet
  facet normal 0 0 1
    outer loop
      vertex 190.358 -14.44 16
      vertex 188.136 -15.0353 16
      vertex 188.304 -15.5307 16
    endloop
  endfacet
  facet normal 0 0 1
    outer loop
      vertex 188 -14 16
      vertex 190.3 -14 16
      vertex 188.034 -13.4779 16
    endloop
  endfacet
  facet normal 0 0 1
    outer loop
      vertex 190.315 -14.2219 16
      vertex 188.034 -14.5221 16
      vertex 188.136 -15.0353 16
    endloop
  endfacet
  facet normal 0 0 1
    outer loop
      vertex 190.3 -14 16
      vertex 188 -14 16
      vertex 188.034 -14.5221 16
    endloop
  endfacet
  facet normal -0.980753 0.195251 0
    outer loop
      vertex 25.6421 -110.44 3
      vertex 25.6855 -110.222 16
      vertex 25.6855 -110.222 3
    endloop
  endfacet
  facet normal -0.980753 0.195251 0
    outer loop
      vertex 25.6855 -110.222 16
      vertex 25.6421 -110.44 3
      vertex 25.6421 -110.44 16
    endloop
  endfacet
  facet normal -0.997874 0.0651764 0
    outer loop
      vertex 25.6855 -110.222 3
      vertex 25.7 -110 16
      vertex 25.7 -110 3
    endloop
  endfacet
  facet normal -0.997874 0.0651764 0
    outer loop
      vertex 25.7 -110 16
      vertex 25.6855 -110.222 3
      vertex 25.6855 -110.222 16
    endloop
  endfacet
  facet normal -0.0674441 -0.997723 0
    outer loop
      vertex 24 -108.3 3
      vertex 24.2219 -108.315 16
      vertex 24 -108.3 16
    endloop
  endfacet
  facet normal -0.0674441 -0.997723 -0
    outer loop
      vertex 24.2219 -108.315 16
      vertex 24 -108.3 3
      vertex 24.2219 -108.315 3
    endloop
  endfacet
  facet normal 0.660284 0.751016 -0
    outer loop
      vertex 22.9651 -111.349 3
      vertex 22.7979 -111.202 16
      vertex 22.9651 -111.349 16
    endloop
  endfacet
  facet normal 0.660284 0.751016 0
    outer loop
      vertex 22.7979 -111.202 16
      vertex 22.9651 -111.349 3
      vertex 22.7979 -111.202 3
    endloop
  endfacet
  facet normal 0.831704 -0.555219 0
    outer loop
      vertex 22.5278 -109.15 16
      vertex 22.6513 -108.965 3
      vertex 22.6513 -108.965 16
    endloop
  endfacet
  facet normal 0.831704 -0.555219 0
    outer loop
      vertex 22.6513 -108.965 3
      vertex 22.5278 -109.15 16
      vertex 22.5278 -109.15 3
    endloop
  endfacet
  facet normal 0.193434 -0.981113 0
    outer loop
      vertex 23.56 -108.358 3
      vertex 23.7781 -108.315 16
      vertex 23.56 -108.358 16
    endloop
  endfacet
  facet normal 0.193434 -0.981113 0
    outer loop
      vertex 23.7781 -108.315 16
      vertex 23.56 -108.358 3
      vertex 23.7781 -108.315 3
    endloop
  endfacet
  facet normal -0.660284 0.751016 0
    outer loop
      vertex 25.2021 -111.202 3
      vertex 25.0349 -111.349 16
      vertex 25.2021 -111.202 16
    endloop
  endfacet
  facet normal -0.660284 0.751016 0
    outer loop
      vertex 25.0349 -111.349 16
      vertex 25.2021 -111.202 3
      vertex 25.0349 -111.349 3
    endloop
  endfacet
  facet normal -0.947101 -0.320937 0
    outer loop
      vertex 25.6421 -109.56 3
      vertex 25.5706 -109.349 16
      vertex 25.5706 -109.349 3
    endloop
  endfacet
  facet normal -0.947101 -0.320937 0
    outer loop
      vertex 25.5706 -109.349 16
      vertex 25.6421 -109.56 3
      vertex 25.6421 -109.56 16
    endloop
  endfacet
  facet normal -0.751516 -0.659714 0
    outer loop
      vertex 25.3487 -108.965 3
      vertex 25.2021 -108.798 16
      vertex 25.2021 -108.798 3
    endloop
  endfacet
  facet normal -0.751516 -0.659714 0
    outer loop
      vertex 25.2021 -108.798 16
      vertex 25.3487 -108.965 3
      vertex 25.3487 -108.965 16
    endloop
  endfacet
  facet normal -0.751516 0.659714 0
    outer loop
      vertex 25.2021 -111.202 3
      vertex 25.3487 -111.035 16
      vertex 25.3487 -111.035 3
    endloop
  endfacet
  facet normal -0.751516 0.659714 0
    outer loop
      vertex 25.3487 -111.035 16
      vertex 25.2021 -111.202 3
      vertex 25.2021 -111.202 16
    endloop
  endfacet
  facet normal 0.947101 -0.320937 0
    outer loop
      vertex 22.3579 -109.56 16
      vertex 22.4294 -109.349 3
      vertex 22.4294 -109.349 16
    endloop
  endfacet
  facet normal 0.947101 -0.320937 0
    outer loop
      vertex 22.4294 -109.349 3
      vertex 22.3579 -109.56 16
      vertex 22.3579 -109.56 3
    endloop
  endfacet
  facet normal -0.319466 -0.947598 0
    outer loop
      vertex 24.44 -108.358 3
      vertex 24.6506 -108.429 16
      vertex 24.44 -108.358 16
    endloop
  endfacet
  facet normal -0.319466 -0.947598 -0
    outer loop
      vertex 24.6506 -108.429 16
      vertex 24.44 -108.358 3
      vertex 24.6506 -108.429 3
    endloop
  endfacet
  facet normal 0.0674441 -0.997723 0
    outer loop
      vertex 23.7781 -108.315 3
      vertex 24 -108.3 16
      vertex 23.7781 -108.315 16
    endloop
  endfacet
  facet normal 0.0674441 -0.997723 0
    outer loop
      vertex 24 -108.3 16
      vertex 23.7781 -108.315 3
      vertex 24 -108.3 3
    endloop
  endfacet
  facet normal 0.319466 0.947598 -0
    outer loop
      vertex 23.56 -111.642 3
      vertex 23.3494 -111.571 16
      vertex 23.56 -111.642 16
    endloop
  endfacet
  facet normal 0.319466 0.947598 0
    outer loop
      vertex 23.3494 -111.571 16
      vertex 23.56 -111.642 3
      vertex 23.3494 -111.571 3
    endloop
  endfacet
  facet normal -0.947101 0.320937 0
    outer loop
      vertex 25.5706 -110.651 3
      vertex 25.6421 -110.44 16
      vertex 25.6421 -110.44 3
    endloop
  endfacet
  facet normal -0.947101 0.320937 0
    outer loop
      vertex 25.6421 -110.44 16
      vertex 25.5706 -110.651 3
      vertex 25.5706 -110.651 16
    endloop
  endfacet
  facet normal 0.751516 0.659714 0
    outer loop
      vertex 22.7979 -111.202 16
      vertex 22.6513 -111.035 3
      vertex 22.6513 -111.035 16
    endloop
  endfacet
  facet normal 0.751516 0.659714 0
    outer loop
      vertex 22.6513 -111.035 3
      vertex 22.7979 -111.202 16
      vertex 22.7979 -111.202 3
    endloop
  endfacet
  facet normal 0.444696 -0.895681 0
    outer loop
      vertex 23.15 -108.528 3
      vertex 23.3494 -108.429 16
      vertex 23.15 -108.528 16
    endloop
  endfacet
  facet normal 0.444696 -0.895681 0
    outer loop
      vertex 23.3494 -108.429 16
      vertex 23.15 -108.528 3
      vertex 23.3494 -108.429 3
    endloop
  endfacet
  facet normal 0.0674441 0.997723 -0
    outer loop
      vertex 24 -111.7 3
      vertex 23.7781 -111.685 16
      vertex 24 -111.7 16
    endloop
  endfacet
  facet normal 0.0674441 0.997723 0
    outer loop
      vertex 23.7781 -111.685 16
      vertex 24 -111.7 3
      vertex 23.7781 -111.685 3
    endloop
  endfacet
  facet normal -0.8964 -0.443245 0
    outer loop
      vertex 25.5706 -109.349 3
      vertex 25.4722 -109.15 16
      vertex 25.4722 -109.15 3
    endloop
  endfacet
  facet normal -0.8964 -0.443245 0
    outer loop
      vertex 25.4722 -109.15 16
      vertex 25.5706 -109.349 3
      vertex 25.5706 -109.349 16
    endloop
  endfacet
  facet normal -0.553869 -0.832604 0
    outer loop
      vertex 24.85 -108.528 3
      vertex 25.0349 -108.651 16
      vertex 24.85 -108.528 16
    endloop
  endfacet
  facet normal -0.553869 -0.832604 -0
    outer loop
      vertex 25.0349 -108.651 16
      vertex 24.85 -108.528 3
      vertex 25.0349 -108.651 3
    endloop
  endfacet
  facet normal 0.980753 -0.195251 0
    outer loop
      vertex 22.3145 -109.778 16
      vertex 22.3579 -109.56 3
      vertex 22.3579 -109.56 16
    endloop
  endfacet
  facet normal 0.980753 -0.195251 0
    outer loop
      vertex 22.3579 -109.56 3
      vertex 22.3145 -109.778 16
      vertex 22.3145 -109.778 3
    endloop
  endfacet
  facet normal -0.193434 0.981113 0
    outer loop
      vertex 24.44 -111.642 3
      vertex 24.2219 -111.685 16
      vertex 24.44 -111.642 16
    endloop
  endfacet
  facet normal -0.193434 0.981113 0
    outer loop
      vertex 24.2219 -111.685 16
      vertex 24.44 -111.642 3
      vertex 24.2219 -111.685 3
    endloop
  endfacet
  facet normal -0.831704 0.555219 0
    outer loop
      vertex 25.3487 -111.035 3
      vertex 25.4722 -110.85 16
      vertex 25.4722 -110.85 3
    endloop
  endfacet
  facet normal -0.831704 0.555219 0
    outer loop
      vertex 25.4722 -110.85 16
      vertex 25.3487 -111.035 3
      vertex 25.3487 -111.035 16
    endloop
  endfacet
  facet normal -0.997874 -0.0651764 0
    outer loop
      vertex 25.7 -110 3
      vertex 25.6855 -109.778 16
      vertex 25.6855 -109.778 3
    endloop
  endfacet
  facet normal -0.997874 -0.0651764 0
    outer loop
      vertex 25.6855 -109.778 16
      vertex 25.7 -110 3
      vertex 25.7 -110 16
    endloop
  endfacet
  facet normal -0.319466 0.947598 0
    outer loop
      vertex 24.6506 -111.571 3
      vertex 24.44 -111.642 16
      vertex 24.6506 -111.571 16
    endloop
  endfacet
  facet normal -0.319466 0.947598 0
    outer loop
      vertex 24.44 -111.642 16
      vertex 24.6506 -111.571 3
      vertex 24.44 -111.642 3
    endloop
  endfacet
  facet normal -0.553869 0.832604 0
    outer loop
      vertex 25.0349 -111.349 3
      vertex 24.85 -111.472 16
      vertex 25.0349 -111.349 16
    endloop
  endfacet
  facet normal -0.553869 0.832604 0
    outer loop
      vertex 24.85 -111.472 16
      vertex 25.0349 -111.349 3
      vertex 24.85 -111.472 3
    endloop
  endfacet
  facet normal 0.193434 0.981113 -0
    outer loop
      vertex 23.7781 -111.685 3
      vertex 23.56 -111.642 16
      vertex 23.7781 -111.685 16
    endloop
  endfacet
  facet normal 0.193434 0.981113 0
    outer loop
      vertex 23.56 -111.642 16
      vertex 23.7781 -111.685 3
      vertex 23.56 -111.642 3
    endloop
  endfacet
  facet normal -0.660284 -0.751016 0
    outer loop
      vertex 25.0349 -108.651 3
      vertex 25.2021 -108.798 16
      vertex 25.0349 -108.651 16
    endloop
  endfacet
  facet normal -0.660284 -0.751016 -0
    outer loop
      vertex 25.2021 -108.798 16
      vertex 25.0349 -108.651 3
      vertex 25.2021 -108.798 3
    endloop
  endfacet
  facet normal 0.8964 0.443245 0
    outer loop
      vertex 22.5278 -110.85 16
      vertex 22.4294 -110.651 3
      vertex 22.4294 -110.651 16
    endloop
  endfacet
  facet normal 0.8964 0.443245 0
    outer loop
      vertex 22.4294 -110.651 3
      vertex 22.5278 -110.85 16
      vertex 22.5278 -110.85 3
    endloop
  endfacet
  facet normal -0.980753 -0.195251 0
    outer loop
      vertex 25.6855 -109.778 3
      vertex 25.6421 -109.56 16
      vertex 25.6421 -109.56 3
    endloop
  endfacet
  facet normal -0.980753 -0.195251 0
    outer loop
      vertex 25.6421 -109.56 16
      vertex 25.6855 -109.778 3
      vertex 25.6855 -109.778 16
    endloop
  endfacet
  facet normal -0.193434 -0.981113 0
    outer loop
      vertex 24.2219 -108.315 3
      vertex 24.44 -108.358 16
      vertex 24.2219 -108.315 16
    endloop
  endfacet
  facet normal -0.193434 -0.981113 -0
    outer loop
      vertex 24.44 -108.358 16
      vertex 24.2219 -108.315 3
      vertex 24.44 -108.358 3
    endloop
  endfacet
  facet normal 0.660284 -0.751016 0
    outer loop
      vertex 22.7979 -108.798 3
      vertex 22.9651 -108.651 16
      vertex 22.7979 -108.798 16
    endloop
  endfacet
  facet normal 0.660284 -0.751016 0
    outer loop
      vertex 22.9651 -108.651 16
      vertex 22.7979 -108.798 3
      vertex 22.9651 -108.651 3
    endloop
  endfacet
  facet normal 0.751516 -0.659714 0
    outer loop
      vertex 22.6513 -108.965 16
      vertex 22.7979 -108.798 3
      vertex 22.7979 -108.798 16
    endloop
  endfacet
  facet normal 0.751516 -0.659714 0
    outer loop
      vertex 22.7979 -108.798 3
      vertex 22.6513 -108.965 16
      vertex 22.6513 -108.965 3
    endloop
  endfacet
  facet normal -0.0674441 0.997723 0
    outer loop
      vertex 24.2219 -111.685 3
      vertex 24 -111.7 16
      vertex 24.2219 -111.685 16
    endloop
  endfacet
  facet normal -0.0674441 0.997723 0
    outer loop
      vertex 24 -111.7 16
      vertex 24.2219 -111.685 3
      vertex 24 -111.7 3
    endloop
  endfacet
  facet normal -0.444696 0.895681 0
    outer loop
      vertex 24.85 -111.472 3
      vertex 24.6506 -111.571 16
      vertex 24.85 -111.472 16
    endloop
  endfacet
  facet normal -0.444696 0.895681 0
    outer loop
      vertex 24.6506 -111.571 16
      vertex 24.85 -111.472 3
      vertex 24.6506 -111.571 3
    endloop
  endfacet
  facet normal -0.831704 -0.555219 0
    outer loop
      vertex 25.4722 -109.15 3
      vertex 25.3487 -108.965 16
      vertex 25.3487 -108.965 3
    endloop
  endfacet
  facet normal -0.831704 -0.555219 0
    outer loop
      vertex 25.3487 -108.965 16
      vertex 25.4722 -109.15 3
      vertex 25.4722 -109.15 16
    endloop
  endfacet
  facet normal 0.997874 -0.0651764 0
    outer loop
      vertex 22.3 -110 16
      vertex 22.3145 -109.778 3
      vertex 22.3145 -109.778 16
    endloop
  endfacet
  facet normal 0.997874 -0.0651764 0
    outer loop
      vertex 22.3145 -109.778 3
      vertex 22.3 -110 16
      vertex 22.3 -110 3
    endloop
  endfacet
  facet normal -0.444696 -0.895681 0
    outer loop
      vertex 24.6506 -108.429 3
      vertex 24.85 -108.528 16
      vertex 24.6506 -108.429 16
    endloop
  endfacet
  facet normal -0.444696 -0.895681 -0
    outer loop
      vertex 24.85 -108.528 16
      vertex 24.6506 -108.429 3
      vertex 24.85 -108.528 3
    endloop
  endfacet
  facet normal 0.980753 0.195251 0
    outer loop
      vertex 22.3579 -110.44 16
      vertex 22.3145 -110.222 3
      vertex 22.3145 -110.222 16
    endloop
  endfacet
  facet normal 0.980753 0.195251 0
    outer loop
      vertex 22.3145 -110.222 3
      vertex 22.3579 -110.44 16
      vertex 22.3579 -110.44 3
    endloop
  endfacet
  facet normal 0.8964 -0.443245 0
    outer loop
      vertex 22.4294 -109.349 16
      vertex 22.5278 -109.15 3
      vertex 22.5278 -109.15 16
    endloop
  endfacet
  facet normal 0.8964 -0.443245 0
    outer loop
      vertex 22.5278 -109.15 3
      vertex 22.4294 -109.349 16
      vertex 22.4294 -109.349 3
    endloop
  endfacet
  facet normal 0.947101 0.320937 0
    outer loop
      vertex 22.4294 -110.651 16
      vertex 22.3579 -110.44 3
      vertex 22.3579 -110.44 16
    endloop
  endfacet
  facet normal 0.947101 0.320937 0
    outer loop
      vertex 22.3579 -110.44 3
      vertex 22.4294 -110.651 16
      vertex 22.4294 -110.651 3
    endloop
  endfacet
  facet normal 0.553869 0.832604 -0
    outer loop
      vertex 23.15 -111.472 3
      vertex 22.9651 -111.349 16
      vertex 23.15 -111.472 16
    endloop
  endfacet
  facet normal 0.553869 0.832604 0
    outer loop
      vertex 22.9651 -111.349 16
      vertex 23.15 -111.472 3
      vertex 22.9651 -111.349 3
    endloop
  endfacet
  facet normal -0.8964 0.443245 0
    outer loop
      vertex 25.4722 -110.85 3
      vertex 25.5706 -110.651 16
      vertex 25.5706 -110.651 3
    endloop
  endfacet
  facet normal -0.8964 0.443245 0
    outer loop
      vertex 25.5706 -110.651 16
      vertex 25.4722 -110.85 3
      vertex 25.4722 -110.85 16
    endloop
  endfacet
  facet normal 0.997874 0.0651764 0
    outer loop
      vertex 22.3145 -110.222 16
      vertex 22.3 -110 3
      vertex 22.3 -110 16
    endloop
  endfacet
  facet normal 0.997874 0.0651764 0
    outer loop
      vertex 22.3 -110 3
      vertex 22.3145 -110.222 16
      vertex 22.3145 -110.222 3
    endloop
  endfacet
  facet normal 0.319466 -0.947598 0
    outer loop
      vertex 23.3494 -108.429 3
      vertex 23.56 -108.358 16
      vertex 23.3494 -108.429 16
    endloop
  endfacet
  facet normal 0.319466 -0.947598 0
    outer loop
      vertex 23.56 -108.358 16
      vertex 23.3494 -108.429 3
      vertex 23.56 -108.358 3
    endloop
  endfacet
  facet normal 0.444696 0.895681 -0
    outer loop
      vertex 23.3494 -111.571 3
      vertex 23.15 -111.472 16
      vertex 23.3494 -111.571 16
    endloop
  endfacet
  facet normal 0.444696 0.895681 0
    outer loop
      vertex 23.15 -111.472 16
      vertex 23.3494 -111.571 3
      vertex 23.15 -111.472 3
    endloop
  endfacet
  facet normal 0.831704 0.555219 0
    outer loop
      vertex 22.6513 -111.035 16
      vertex 22.5278 -110.85 3
      vertex 22.5278 -110.85 16
    endloop
  endfacet
  facet normal 0.831704 0.555219 0
    outer loop
      vertex 22.5278 -110.85 3
      vertex 22.6513 -111.035 16
      vertex 22.6513 -111.035 3
    endloop
  endfacet
  facet normal 0.553869 -0.832604 0
    outer loop
      vertex 22.9651 -108.651 3
      vertex 23.15 -108.528 16
      vertex 22.9651 -108.651 16
    endloop
  endfacet
  facet normal 0.553869 -0.832604 0
    outer loop
      vertex 23.15 -108.528 16
      vertex 22.9651 -108.651 3
      vertex 23.15 -108.528 3
    endloop
  endfacet
  facet normal -0.44158 -0.897222 0
    outer loop
      vertex 25.1863 -107.136 0
      vertex 25.55 -107.315 3
      vertex 25.1863 -107.136 3
    endloop
  endfacet
  facet normal -0.44158 -0.897222 -0
    outer loop
      vertex 25.55 -107.315 3
      vertex 25.1863 -107.136 0
      vertex 25.55 -107.315 0
    endloop
  endfacet
  facet normal -0.980723 0.195403 0
    outer loop
      vertex 26.9944 -110.802 0
      vertex 27.0735 -110.405 3
      vertex 27.0735 -110.405 0
    endloop
  endfacet
  facet normal -0.980723 0.195403 0
    outer loop
      vertex 27.0735 -110.405 3
      vertex 26.9944 -110.802 0
      vertex 26.9944 -110.802 3
    endloop
  endfacet
  facet normal -0.997866 0.0652925 0
    outer loop
      vertex 27.0735 -110.405 0
      vertex 27.1 -110 3
      vertex 27.1 -110 0
    endloop
  endfacet
  facet normal -0.997866 0.0652925 0
    outer loop
      vertex 27.1 -110 3
      vertex 27.0735 -110.405 0
      vertex 27.0735 -110.405 3
    endloop
  endfacet
  facet normal -0.946893 0.321549 0
    outer loop
      vertex 26.864 -111.186 0
      vertex 26.9944 -110.802 3
      vertex 26.9944 -110.802 0
    endloop
  endfacet
  facet normal -0.946893 0.321549 0
    outer loop
      vertex 26.9944 -110.802 3
      vertex 26.864 -111.186 0
      vertex 26.864 -111.186 3
    endloop
  endfacet
  facet normal -0.751935 -0.659237 0
    outer loop
      vertex 26.4594 -108.113 0
      vertex 26.192 -107.808 3
      vertex 26.192 -107.808 0
    endloop
  endfacet
  facet normal -0.751935 -0.659237 0
    outer loop
      vertex 26.192 -107.808 3
      vertex 26.4594 -108.113 0
      vertex 26.4594 -108.113 3
    endloop
  endfacet
  facet normal -0.320664 0.947193 0
    outer loop
      vertex 25.1863 -112.864 0
      vertex 24.8023 -112.994 3
      vertex 25.1863 -112.864 3
    endloop
  endfacet
  facet normal -0.320664 0.947193 0
    outer loop
      vertex 24.8023 -112.994 3
      vertex 25.1863 -112.864 0
      vertex 24.8023 -112.994 0
    endloop
  endfacet
  facet normal -0.556745 0.830683 0
    outer loop
      vertex 25.8872 -112.459 0
      vertex 25.55 -112.685 3
      vertex 25.8872 -112.459 3
    endloop
  endfacet
  facet normal -0.556745 0.830683 0
    outer loop
      vertex 25.55 -112.685 3
      vertex 25.8872 -112.459 0
      vertex 25.55 -112.685 0
    endloop
  endfacet
  facet normal -0.897073 -0.441882 0
    outer loop
      vertex 26.864 -108.814 0
      vertex 26.6847 -108.45 3
      vertex 26.6847 -108.45 0
    endloop
  endfacet
  facet normal -0.897073 -0.441882 0
    outer loop
      vertex 26.6847 -108.45 3
      vertex 26.864 -108.814 0
      vertex 26.864 -108.814 3
    endloop
  endfacet
  facet normal -0.320664 -0.947193 0
    outer loop
      vertex 24.8023 -107.006 0
      vertex 25.1863 -107.136 3
      vertex 24.8023 -107.006 3
    endloop
  endfacet
  facet normal -0.320664 -0.947193 -0
    outer loop
      vertex 25.1863 -107.136 3
      vertex 24.8023 -107.006 0
      vertex 25.1863 -107.136 0
    endloop
  endfacet
  facet normal -0.897073 0.441882 0
    outer loop
      vertex 26.6847 -111.55 0
      vertex 26.864 -111.186 3
      vertex 26.864 -111.186 0
    endloop
  endfacet
  facet normal -0.897073 0.441882 0
    outer loop
      vertex 26.864 -111.186 3
      vertex 26.6847 -111.55 0
      vertex 26.6847 -111.55 3
    endloop
  endfacet
  facet normal 0.194835 0.980836 -0
    outer loop
      vertex 23.5954 -113.073 0
      vertex 23.1977 -112.994 3
      vertex 23.5954 -113.073 3
    endloop
  endfacet
  facet normal 0.194835 0.980836 0
    outer loop
      vertex 23.1977 -112.994 3
      vertex 23.5954 -113.073 0
      vertex 23.1977 -112.994 0
    endloop
  endfacet
  facet normal 0.0665845 -0.997781 0
    outer loop
      vertex 23.5954 -106.927 0
      vertex 24 -106.9 3
      vertex 23.5954 -106.927 3
    endloop
  endfacet
  facet normal 0.0665845 -0.997781 0
    outer loop
      vertex 24 -106.9 3
      vertex 23.5954 -106.927 0
      vertex 24 -106.9 0
    endloop
  endfacet
  facet normal 0.556745 0.830683 -0
    outer loop
      vertex 22.45 -112.685 0
      vertex 22.1128 -112.459 3
      vertex 22.45 -112.685 3
    endloop
  endfacet
  facet normal 0.556745 0.830683 0
    outer loop
      vertex 22.1128 -112.459 3
      vertex 22.45 -112.685 0
      vertex 22.1128 -112.459 0
    endloop
  endfacet
  facet normal 0.320664 -0.947193 0
    outer loop
      vertex 22.8137 -107.136 0
      vertex 23.1977 -107.006 3
      vertex 22.8137 -107.136 3
    endloop
  endfacet
  facet normal 0.320664 -0.947193 0
    outer loop
      vertex 23.1977 -107.006 3
      vertex 22.8137 -107.136 0
      vertex 23.1977 -107.006 0
    endloop
  endfacet
  facet normal -0.946893 -0.321549 0
    outer loop
      vertex 26.9944 -109.198 0
      vertex 26.864 -108.814 3
      vertex 26.864 -108.814 0
    endloop
  endfacet
  facet normal -0.946893 -0.321549 0
    outer loop
      vertex 26.864 -108.814 3
      vertex 26.9944 -109.198 0
      vertex 26.9944 -109.198 3
    endloop
  endfacet
  facet normal 0.831329 -0.555781 0
    outer loop
      vertex 21.3153 -108.45 3
      vertex 21.5406 -108.113 0
      vertex 21.5406 -108.113 3
    endloop
  endfacet
  facet normal 0.831329 -0.555781 0
    outer loop
      vertex 21.5406 -108.113 0
      vertex 21.3153 -108.45 3
      vertex 21.3153 -108.45 0
    endloop
  endfacet
  facet normal 0.658924 -0.75221 0
    outer loop
      vertex 21.808 -107.808 0
      vertex 22.1128 -107.541 3
      vertex 21.808 -107.808 3
    endloop
  endfacet
  facet normal 0.658924 -0.75221 0
    outer loop
      vertex 22.1128 -107.541 3
      vertex 21.808 -107.808 0
      vertex 22.1128 -107.541 0
    endloop
  endfacet
  facet normal 0.658924 0.75221 -0
    outer loop
      vertex 22.1128 -112.459 0
      vertex 21.808 -112.192 3
      vertex 22.1128 -112.459 3
    endloop
  endfacet
  facet normal 0.658924 0.75221 0
    outer loop
      vertex 21.808 -112.192 3
      vertex 22.1128 -112.459 0
      vertex 21.808 -112.192 0
    endloop
  endfacet
  facet normal 0.946893 0.321549 0
    outer loop
      vertex 21.136 -111.186 3
      vertex 21.0056 -110.802 0
      vertex 21.0056 -110.802 3
    endloop
  endfacet
  facet normal 0.946893 0.321549 0
    outer loop
      vertex 21.0056 -110.802 0
      vertex 21.136 -111.186 3
      vertex 21.136 -111.186 0
    endloop
  endfacet
  facet normal 0.44158 0.897222 -0
    outer loop
      vertex 22.8137 -112.864 0
      vertex 22.45 -112.685 3
      vertex 22.8137 -112.864 3
    endloop
  endfacet
  facet normal 0.44158 0.897222 0
    outer loop
      vertex 22.45 -112.685 3
      vertex 22.8137 -112.864 0
      vertex 22.45 -112.685 0
    endloop
  endfacet
  facet normal 0.980723 0.195403 0
    outer loop
      vertex 21.0056 -110.802 3
      vertex 20.9265 -110.405 0
      vertex 20.9265 -110.405 3
    endloop
  endfacet
  facet normal 0.980723 0.195403 0
    outer loop
      vertex 20.9265 -110.405 0
      vertex 21.0056 -110.802 3
      vertex 21.0056 -110.802 0
    endloop
  endfacet
  facet normal 0.320664 0.947193 -0
    outer loop
      vertex 23.1977 -112.994 0
      vertex 22.8137 -112.864 3
      vertex 23.1977 -112.994 3
    endloop
  endfacet
  facet normal 0.320664 0.947193 0
    outer loop
      vertex 22.8137 -112.864 3
      vertex 23.1977 -112.994 0
      vertex 22.8137 -112.864 0
    endloop
  endfacet
  facet normal -0.658924 -0.75221 0
    outer loop
      vertex 25.8872 -107.541 0
      vertex 26.192 -107.808 3
      vertex 25.8872 -107.541 3
    endloop
  endfacet
  facet normal -0.658924 -0.75221 -0
    outer loop
      vertex 26.192 -107.808 3
      vertex 25.8872 -107.541 0
      vertex 26.192 -107.808 0
    endloop
  endfacet
  facet normal -0.0665845 0.997781 0
    outer loop
      vertex 24.4046 -113.073 0
      vertex 24 -113.1 3
      vertex 24.4046 -113.073 3
    endloop
  endfacet
  facet normal -0.0665845 0.997781 0
    outer loop
      vertex 24 -113.1 3
      vertex 24.4046 -113.073 0
      vertex 24 -113.1 0
    endloop
  endfacet
  facet normal -0.831329 0.555781 0
    outer loop
      vertex 26.4594 -111.887 0
      vertex 26.6847 -111.55 3
      vertex 26.6847 -111.55 0
    endloop
  endfacet
  facet normal -0.831329 0.555781 0
    outer loop
      vertex 26.6847 -111.55 3
      vertex 26.4594 -111.887 0
      vertex 26.4594 -111.887 3
    endloop
  endfacet
  facet normal -0.194835 -0.980836 0
    outer loop
      vertex 24.4046 -106.927 0
      vertex 24.8023 -107.006 3
      vertex 24.4046 -106.927 3
    endloop
  endfacet
  facet normal -0.194835 -0.980836 -0
    outer loop
      vertex 24.8023 -107.006 3
      vertex 24.4046 -106.927 0
      vertex 24.8023 -107.006 0
    endloop
  endfacet
  facet normal 0.980723 -0.195403 0
    outer loop
      vertex 20.9265 -109.595 3
      vertex 21.0056 -109.198 0
      vertex 21.0056 -109.198 3
    endloop
  endfacet
  facet normal 0.980723 -0.195403 0
    outer loop
      vertex 21.0056 -109.198 0
      vertex 20.9265 -109.595 3
      vertex 20.9265 -109.595 0
    endloop
  endfacet
  facet normal 0.751935 0.659237 0
    outer loop
      vertex 21.808 -112.192 3
      vertex 21.5406 -111.887 0
      vertex 21.5406 -111.887 3
    endloop
  endfacet
  facet normal 0.751935 0.659237 0
    outer loop
      vertex 21.5406 -111.887 0
      vertex 21.808 -112.192 3
      vertex 21.808 -112.192 0
    endloop
  endfacet
  facet normal -0.658924 0.75221 0
    outer loop
      vertex 26.192 -112.192 0
      vertex 25.8872 -112.459 3
      vertex 26.192 -112.192 3
    endloop
  endfacet
  facet normal -0.658924 0.75221 0
    outer loop
      vertex 25.8872 -112.459 3
      vertex 26.192 -112.192 0
      vertex 25.8872 -112.459 0
    endloop
  endfacet
  facet normal -0.997866 -0.0652925 0
    outer loop
      vertex 27.1 -110 0
      vertex 27.0735 -109.595 3
      vertex 27.0735 -109.595 0
    endloop
  endfacet
  facet normal -0.997866 -0.0652925 0
    outer loop
      vertex 27.0735 -109.595 3
      vertex 27.1 -110 0
      vertex 27.1 -110 3
    endloop
  endfacet
  facet normal -0.980723 -0.195403 0
    outer loop
      vertex 27.0735 -109.595 0
      vertex 26.9944 -109.198 3
      vertex 26.9944 -109.198 0
    endloop
  endfacet
  facet normal -0.980723 -0.195403 0
    outer loop
      vertex 26.9944 -109.198 3
      vertex 27.0735 -109.595 0
      vertex 27.0735 -109.595 3
    endloop
  endfacet
  facet normal -0.556745 -0.830683 0
    outer loop
      vertex 25.55 -107.315 0
      vertex 25.8872 -107.541 3
      vertex 25.55 -107.315 3
    endloop
  endfacet
  facet normal -0.556745 -0.830683 -0
    outer loop
      vertex 25.8872 -107.541 3
      vertex 25.55 -107.315 0
      vertex 25.8872 -107.541 0
    endloop
  endfacet
  facet normal -0.194835 0.980836 0
    outer loop
      vertex 24.8023 -112.994 0
      vertex 24.4046 -113.073 3
      vertex 24.8023 -112.994 3
    endloop
  endfacet
  facet normal -0.194835 0.980836 0
    outer loop
      vertex 24.4046 -113.073 3
      vertex 24.8023 -112.994 0
      vertex 24.4046 -113.073 0
    endloop
  endfacet
  facet normal -0.751935 0.659237 0
    outer loop
      vertex 26.192 -112.192 0
      vertex 26.4594 -111.887 3
      vertex 26.4594 -111.887 0
    endloop
  endfacet
  facet normal -0.751935 0.659237 0
    outer loop
      vertex 26.4594 -111.887 3
      vertex 26.192 -112.192 0
      vertex 26.192 -112.192 3
    endloop
  endfacet
  facet normal -0.44158 0.897222 0
    outer loop
      vertex 25.55 -112.685 0
      vertex 25.1863 -112.864 3
      vertex 25.55 -112.685 3
    endloop
  endfacet
  facet normal -0.44158 0.897222 0
    outer loop
      vertex 25.1863 -112.864 3
      vertex 25.55 -112.685 0
      vertex 25.1863 -112.864 0
    endloop
  endfacet
  facet normal 0.997866 -0.0652925 0
    outer loop
      vertex 20.9 -110 3
      vertex 20.9265 -109.595 0
      vertex 20.9265 -109.595 3
    endloop
  endfacet
  facet normal 0.997866 -0.0652925 0
    outer loop
      vertex 20.9265 -109.595 0
      vertex 20.9 -110 3
      vertex 20.9 -110 0
    endloop
  endfacet
  facet normal -0.831329 -0.555781 0
    outer loop
      vertex 26.6847 -108.45 0
      vertex 26.4594 -108.113 3
      vertex 26.4594 -108.113 0
    endloop
  endfacet
  facet normal -0.831329 -0.555781 0
    outer loop
      vertex 26.4594 -108.113 3
      vertex 26.6847 -108.45 0
      vertex 26.6847 -108.45 3
    endloop
  endfacet
  facet normal 0.751935 -0.659237 0
    outer loop
      vertex 21.5406 -108.113 3
      vertex 21.808 -107.808 0
      vertex 21.808 -107.808 3
    endloop
  endfacet
  facet normal 0.751935 -0.659237 0
    outer loop
      vertex 21.808 -107.808 0
      vertex 21.5406 -108.113 3
      vertex 21.5406 -108.113 0
    endloop
  endfacet
  facet normal 0.997866 0.0652925 0
    outer loop
      vertex 20.9265 -110.405 3
      vertex 20.9 -110 0
      vertex 20.9 -110 3
    endloop
  endfacet
  facet normal 0.997866 0.0652925 0
    outer loop
      vertex 20.9 -110 0
      vertex 20.9265 -110.405 3
      vertex 20.9265 -110.405 0
    endloop
  endfacet
  facet normal 0.44158 -0.897222 0
    outer loop
      vertex 22.45 -107.315 0
      vertex 22.8137 -107.136 3
      vertex 22.45 -107.315 3
    endloop
  endfacet
  facet normal 0.44158 -0.897222 0
    outer loop
      vertex 22.8137 -107.136 3
      vertex 22.45 -107.315 0
      vertex 22.8137 -107.136 0
    endloop
  endfacet
  facet normal 0.946893 -0.321549 0
    outer loop
      vertex 21.0056 -109.198 3
      vertex 21.136 -108.814 0
      vertex 21.136 -108.814 3
    endloop
  endfacet
  facet normal 0.946893 -0.321549 0
    outer loop
      vertex 21.136 -108.814 0
      vertex 21.0056 -109.198 3
      vertex 21.0056 -109.198 0
    endloop
  endfacet
  facet normal 0.194835 -0.980836 0
    outer loop
      vertex 23.1977 -107.006 0
      vertex 23.5954 -106.927 3
      vertex 23.1977 -107.006 3
    endloop
  endfacet
  facet normal 0.194835 -0.980836 0
    outer loop
      vertex 23.5954 -106.927 3
      vertex 23.1977 -107.006 0
      vertex 23.5954 -106.927 0
    endloop
  endfacet
  facet normal -0.0665845 -0.997781 0
    outer loop
      vertex 24 -106.9 0
      vertex 24.4046 -106.927 3
      vertex 24 -106.9 3
    endloop
  endfacet
  facet normal -0.0665845 -0.997781 -0
    outer loop
      vertex 24.4046 -106.927 3
      vertex 24 -106.9 0
      vertex 24.4046 -106.927 0
    endloop
  endfacet
  facet normal 0.0665845 0.997781 -0
    outer loop
      vertex 24 -113.1 0
      vertex 23.5954 -113.073 3
      vertex 24 -113.1 3
    endloop
  endfacet
  facet normal 0.0665845 0.997781 0
    outer loop
      vertex 23.5954 -113.073 3
      vertex 24 -113.1 0
      vertex 23.5954 -113.073 0
    endloop
  endfacet
  facet normal 0 0 -1
    outer loop
      vertex 25.7 -110 3
      vertex 27.1 -110 3
      vertex 27.0735 -110.405 3
    endloop
  endfacet
  facet normal 0 0 -1
    outer loop
      vertex 25.6855 -110.222 3
      vertex 27.0735 -110.405 3
      vertex 26.9944 -110.802 3
    endloop
  endfacet
  facet normal 0 0 -1
    outer loop
      vertex 27.1 -110 3
      vertex 25.7 -110 3
      vertex 27.0735 -109.595 3
    endloop
  endfacet
  facet normal 0 0 -1
    outer loop
      vertex 25.6421 -110.44 3
      vertex 26.9944 -110.802 3
      vertex 26.864 -111.186 3
    endloop
  endfacet
  facet normal 0 0 -1
    outer loop
      vertex 25.6855 -109.778 3
      vertex 27.0735 -109.595 3
      vertex 25.7 -110 3
    endloop
  endfacet
  facet normal 0 0 -1
    outer loop
      vertex 25.5706 -110.651 3
      vertex 26.864 -111.186 3
      vertex 26.6847 -111.55 3
    endloop
  endfacet
  facet normal -0 0 -1
    outer loop
      vertex 27.0735 -109.595 3
      vertex 25.6855 -109.778 3
      vertex 26.9944 -109.198 3
    endloop
  endfacet
  facet normal 0 0 -1
    outer loop
      vertex 25.4722 -110.85 3
      vertex 26.6847 -111.55 3
      vertex 26.4594 -111.887 3
    endloop
  endfacet
  facet normal 0 0 -1
    outer loop
      vertex 25.6421 -109.56 3
      vertex 26.9944 -109.198 3
      vertex 25.6855 -109.778 3
    endloop
  endfacet
  facet normal 0 0 -1
    outer loop
      vertex 25.3487 -111.035 3
      vertex 26.4594 -111.887 3
      vertex 26.192 -112.192 3
    endloop
  endfacet
  facet normal -0 0 -1
    outer loop
      vertex 26.9944 -109.198 3
      vertex 25.6421 -109.56 3
      vertex 26.864 -108.814 3
    endloop
  endfacet
  facet normal 0 0 -1
    outer loop
      vertex 25.2021 -111.202 3
      vertex 26.192 -112.192 3
      vertex 25.8872 -112.459 3
    endloop
  endfacet
  facet normal 0 0 -1
    outer loop
      vertex 25.5706 -109.349 3
      vertex 26.864 -108.814 3
      vertex 25.6421 -109.56 3
    endloop
  endfacet
  facet normal -0 0 -1
    outer loop
      vertex 26.864 -108.814 3
      vertex 25.5706 -109.349 3
      vertex 26.6847 -108.45 3
    endloop
  endfacet
  facet normal 0 0 -1
    outer loop
      vertex 27.0735 -110.405 3
      vertex 25.6855 -110.222 3
      vertex 25.7 -110 3
    endloop
  endfacet
  facet normal 0 0 -1
    outer loop
      vertex 26.9944 -110.802 3
      vertex 25.6421 -110.44 3
      vertex 25.6855 -110.222 3
    endloop
  endfacet
  facet normal 0 0 -1
    outer loop
      vertex 26.864 -111.186 3
      vertex 25.5706 -110.651 3
      vertex 25.6421 -110.44 3
    endloop
  endfacet
  facet normal 0 0 -1
    outer loop
      vertex 25.0349 -111.349 3
      vertex 25.8872 -112.459 3
      vertex 25.55 -112.685 3
    endloop
  endfacet
  facet normal 0 0 -1
    outer loop
      vertex 26.6847 -111.55 3
      vertex 25.4722 -110.85 3
      vertex 25.5706 -110.651 3
    endloop
  endfacet
  facet normal 0 0 -1
    outer loop
      vertex 26.4594 -111.887 3
      vertex 25.3487 -111.035 3
      vertex 25.4722 -110.85 3
    endloop
  endfacet
  facet normal 0 0 -1
    outer loop
      vertex 26.192 -112.192 3
      vertex 25.2021 -111.202 3
      vertex 25.3487 -111.035 3
    endloop
  endfacet
  facet normal 0 0 -1
    outer loop
      vertex 24.85 -111.472 3
      vertex 25.55 -112.685 3
      vertex 25.1863 -112.864 3
    endloop
  endfacet
  facet normal 0 0 -1
    outer loop
      vertex 25.8872 -112.459 3
      vertex 25.0349 -111.349 3
      vertex 25.2021 -111.202 3
    endloop
  endfacet
  facet normal 0 0 -1
    outer loop
      vertex 25.55 -112.685 3
      vertex 24.85 -111.472 3
      vertex 25.0349 -111.349 3
    endloop
  endfacet
  facet normal 0 0 -1
    outer loop
      vertex 24.6506 -111.571 3
      vertex 25.1863 -112.864 3
      vertex 24.8023 -112.994 3
    endloop
  endfacet
  facet normal 0 0 -1
    outer loop
      vertex 25.1863 -112.864 3
      vertex 24.6506 -111.571 3
      vertex 24.85 -111.472 3
    endloop
  endfacet
  facet normal 0 0 -1
    outer loop
      vertex 24.8023 -112.994 3
      vertex 24.44 -111.642 3
      vertex 24.6506 -111.571 3
    endloop
  endfacet
  facet normal 0 0 -1
    outer loop
      vertex 24.4046 -113.073 3
      vertex 24.44 -111.642 3
      vertex 24.8023 -112.994 3
    endloop
  endfacet
  facet normal 0 0 -1
    outer loop
      vertex 24.4046 -113.073 3
      vertex 24.2219 -111.685 3
      vertex 24.44 -111.642 3
    endloop
  endfacet
  facet normal 0 0 -1
    outer loop
      vertex 24 -113.1 3
      vertex 24.2219 -111.685 3
      vertex 24.4046 -113.073 3
    endloop
  endfacet
  facet normal 0 0 -1
    outer loop
      vertex 24 -113.1 3
      vertex 24 -111.7 3
      vertex 24.2219 -111.685 3
    endloop
  endfacet
  facet normal 0 0 -1
    outer loop
      vertex 24 -113.1 3
      vertex 23.7781 -111.685 3
      vertex 24 -111.7 3
    endloop
  endfacet
  facet normal 0 0 -1
    outer loop
      vertex 23.5954 -113.073 3
      vertex 23.7781 -111.685 3
      vertex 24 -113.1 3
    endloop
  endfacet
  facet normal 0 0 -1
    outer loop
      vertex 23.5954 -113.073 3
      vertex 23.56 -111.642 3
      vertex 23.7781 -111.685 3
    endloop
  endfacet
  facet normal 0 0 -1
    outer loop
      vertex 23.1977 -112.994 3
      vertex 23.56 -111.642 3
      vertex 23.5954 -113.073 3
    endloop
  endfacet
  facet normal -0 0 -1
    outer loop
      vertex 23.56 -111.642 3
      vertex 23.1977 -112.994 3
      vertex 23.3494 -111.571 3
    endloop
  endfacet
  facet normal 0 0 -1
    outer loop
      vertex 22.8137 -112.864 3
      vertex 23.3494 -111.571 3
      vertex 23.1977 -112.994 3
    endloop
  endfacet
  facet normal -0 0 -1
    outer loop
      vertex 23.3494 -111.571 3
      vertex 22.8137 -112.864 3
      vertex 23.15 -111.472 3
    endloop
  endfacet
  facet normal 0 0 -1
    outer loop
      vertex 22.45 -112.685 3
      vertex 23.15 -111.472 3
      vertex 22.8137 -112.864 3
    endloop
  endfacet
  facet normal -0 0 -1
    outer loop
      vertex 23.15 -111.472 3
      vertex 22.45 -112.685 3
      vertex 22.9651 -111.349 3
    endloop
  endfacet
  facet normal 0 0 -1
    outer loop
      vertex 22.1128 -112.459 3
      vertex 22.9651 -111.349 3
      vertex 22.45 -112.685 3
    endloop
  endfacet
  facet normal -0 0 -1
    outer loop
      vertex 22.9651 -111.349 3
      vertex 22.1128 -112.459 3
      vertex 22.7979 -111.202 3
    endloop
  endfacet
  facet normal 0 0 -1
    outer loop
      vertex 21.808 -112.192 3
      vertex 22.7979 -111.202 3
      vertex 22.1128 -112.459 3
    endloop
  endfacet
  facet normal -0 0 -1
    outer loop
      vertex 22.7979 -111.202 3
      vertex 21.808 -112.192 3
      vertex 22.6513 -111.035 3
    endloop
  endfacet
  facet normal 0 0 -1
    outer loop
      vertex 21.5406 -111.887 3
      vertex 22.6513 -111.035 3
      vertex 21.808 -112.192 3
    endloop
  endfacet
  facet normal -0 0 -1
    outer loop
      vertex 22.6513 -111.035 3
      vertex 21.5406 -111.887 3
      vertex 22.5278 -110.85 3
    endloop
  endfacet
  facet normal 0 0 -1
    outer loop
      vertex 21.3153 -111.55 3
      vertex 22.5278 -110.85 3
      vertex 21.5406 -111.887 3
    endloop
  endfacet
  facet normal -0 0 -1
    outer loop
      vertex 22.5278 -110.85 3
      vertex 21.3153 -111.55 3
      vertex 22.4294 -110.651 3
    endloop
  endfacet
  facet normal 0 0 -1
    outer loop
      vertex 25.4722 -109.15 3
      vertex 26.6847 -108.45 3
      vertex 25.5706 -109.349 3
    endloop
  endfacet
  facet normal -0 0 -1
    outer loop
      vertex 26.6847 -108.45 3
      vertex 25.4722 -109.15 3
      vertex 26.4594 -108.113 3
    endloop
  endfacet
  facet normal 0 0 -1
    outer loop
      vertex 25.3487 -108.965 3
      vertex 26.4594 -108.113 3
      vertex 25.4722 -109.15 3
    endloop
  endfacet
  facet normal -0 0 -1
    outer loop
      vertex 26.4594 -108.113 3
      vertex 25.3487 -108.965 3
      vertex 26.192 -107.808 3
    endloop
  endfacet
  facet normal 0 0 -1
    outer loop
      vertex 25.2021 -108.798 3
      vertex 26.192 -107.808 3
      vertex 25.3487 -108.965 3
    endloop
  endfacet
  facet normal -0 0 -1
    outer loop
      vertex 26.192 -107.808 3
      vertex 25.2021 -108.798 3
      vertex 25.8872 -107.541 3
    endloop
  endfacet
  facet normal 0 0 -1
    outer loop
      vertex 25.0349 -108.651 3
      vertex 25.8872 -107.541 3
      vertex 25.2021 -108.798 3
    endloop
  endfacet
  facet normal -0 0 -1
    outer loop
      vertex 25.8872 -107.541 3
      vertex 25.0349 -108.651 3
      vertex 25.55 -107.315 3
    endloop
  endfacet
  facet normal 0 0 -1
    outer loop
      vertex 24.85 -108.528 3
      vertex 25.55 -107.315 3
      vertex 25.0349 -108.651 3
    endloop
  endfacet
  facet normal -0 0 -1
    outer loop
      vertex 25.55 -107.315 3
      vertex 24.85 -108.528 3
      vertex 25.1863 -107.136 3
    endloop
  endfacet
  facet normal 0 0 -1
    outer loop
      vertex 24.6506 -108.429 3
      vertex 25.1863 -107.136 3
      vertex 24.85 -108.528 3
    endloop
  endfacet
  facet normal -0 0 -1
    outer loop
      vertex 25.1863 -107.136 3
      vertex 24.6506 -108.429 3
      vertex 24.8023 -107.006 3
    endloop
  endfacet
  facet normal 0 0 -1
    outer loop
      vertex 24.44 -108.358 3
      vertex 24.8023 -107.006 3
      vertex 24.6506 -108.429 3
    endloop
  endfacet
  facet normal 0 0 -1
    outer loop
      vertex 24.44 -108.358 3
      vertex 24.4046 -106.927 3
      vertex 24.8023 -107.006 3
    endloop
  endfacet
  facet normal 0 0 -1
    outer loop
      vertex 24.2219 -108.315 3
      vertex 24.4046 -106.927 3
      vertex 24.44 -108.358 3
    endloop
  endfacet
  facet normal 0 0 -1
    outer loop
      vertex 24 -108.3 3
      vertex 24.4046 -106.927 3
      vertex 24.2219 -108.315 3
    endloop
  endfacet
  facet normal 0 0 -1
    outer loop
      vertex 24 -108.3 3
      vertex 24 -106.9 3
      vertex 24.4046 -106.927 3
    endloop
  endfacet
  facet normal 0 0 -1
    outer loop
      vertex 23.7781 -108.315 3
      vertex 24 -106.9 3
      vertex 24 -108.3 3
    endloop
  endfacet
  facet normal 0 0 -1
    outer loop
      vertex 23.7781 -108.315 3
      vertex 23.5954 -106.927 3
      vertex 24 -106.9 3
    endloop
  endfacet
  facet normal 0 0 -1
    outer loop
      vertex 23.56 -108.358 3
      vertex 23.5954 -106.927 3
      vertex 23.7781 -108.315 3
    endloop
  endfacet
  facet normal 0 0 -1
    outer loop
      vertex 23.1977 -107.006 3
      vertex 23.56 -108.358 3
      vertex 23.3494 -108.429 3
    endloop
  endfacet
  facet normal 0 0 -1
    outer loop
      vertex 23.56 -108.358 3
      vertex 23.1977 -107.006 3
      vertex 23.5954 -106.927 3
    endloop
  endfacet
  facet normal 0 0 -1
    outer loop
      vertex 22.8137 -107.136 3
      vertex 23.3494 -108.429 3
      vertex 23.15 -108.528 3
    endloop
  endfacet
  facet normal 0 0 -1
    outer loop
      vertex 22.45 -107.315 3
      vertex 23.15 -108.528 3
      vertex 22.9651 -108.651 3
    endloop
  endfacet
  facet normal 0 0 -1
    outer loop
      vertex 23.3494 -108.429 3
      vertex 22.8137 -107.136 3
      vertex 23.1977 -107.006 3
    endloop
  endfacet
  facet normal 0 0 -1
    outer loop
      vertex 22.1128 -107.541 3
      vertex 22.9651 -108.651 3
      vertex 22.7979 -108.798 3
    endloop
  endfacet
  facet normal 0 0 -1
    outer loop
      vertex 21.808 -107.808 3
      vertex 22.7979 -108.798 3
      vertex 22.6513 -108.965 3
    endloop
  endfacet
  facet normal 0 0 -1
    outer loop
      vertex 21.5406 -108.113 3
      vertex 22.6513 -108.965 3
      vertex 22.5278 -109.15 3
    endloop
  endfacet
  facet normal 0 0 -1
    outer loop
      vertex 23.15 -108.528 3
      vertex 22.45 -107.315 3
      vertex 22.8137 -107.136 3
    endloop
  endfacet
  facet normal 0 0 -1
    outer loop
      vertex 21.3153 -108.45 3
      vertex 22.5278 -109.15 3
      vertex 22.4294 -109.349 3
    endloop
  endfacet
  facet normal 0 0 -1
    outer loop
      vertex 21.136 -108.814 3
      vertex 22.4294 -109.349 3
      vertex 22.3579 -109.56 3
    endloop
  endfacet
  facet normal 0 0 -1
    outer loop
      vertex 21.0056 -109.198 3
      vertex 22.3579 -109.56 3
      vertex 22.3145 -109.778 3
    endloop
  endfacet
  facet normal 0 0 -1
    outer loop
      vertex 20.9265 -109.595 3
      vertex 22.3145 -109.778 3
      vertex 22.3 -110 3
    endloop
  endfacet
  facet normal 0 0 -1
    outer loop
      vertex 21.136 -111.186 3
      vertex 22.4294 -110.651 3
      vertex 21.3153 -111.55 3
    endloop
  endfacet
  facet normal 0 0 -1
    outer loop
      vertex 22.9651 -108.651 3
      vertex 22.1128 -107.541 3
      vertex 22.45 -107.315 3
    endloop
  endfacet
  facet normal -0 0 -1
    outer loop
      vertex 22.4294 -110.651 3
      vertex 21.136 -111.186 3
      vertex 22.3579 -110.44 3
    endloop
  endfacet
  facet normal 0 0 -1
    outer loop
      vertex 22.7979 -108.798 3
      vertex 21.808 -107.808 3
      vertex 22.1128 -107.541 3
    endloop
  endfacet
  facet normal 0 0 -1
    outer loop
      vertex 21.0056 -110.802 3
      vertex 22.3579 -110.44 3
      vertex 21.136 -111.186 3
    endloop
  endfacet
  facet normal 0 0 -1
    outer loop
      vertex 22.6513 -108.965 3
      vertex 21.5406 -108.113 3
      vertex 21.808 -107.808 3
    endloop
  endfacet
  facet normal -0 0 -1
    outer loop
      vertex 22.3579 -110.44 3
      vertex 21.0056 -110.802 3
      vertex 22.3145 -110.222 3
    endloop
  endfacet
  facet normal 0 0 -1
    outer loop
      vertex 22.5278 -109.15 3
      vertex 21.3153 -108.45 3
      vertex 21.5406 -108.113 3
    endloop
  endfacet
  facet normal 0 0 -1
    outer loop
      vertex 20.9265 -110.405 3
      vertex 22.3145 -110.222 3
      vertex 21.0056 -110.802 3
    endloop
  endfacet
  facet normal 0 0 -1
    outer loop
      vertex 22.4294 -109.349 3
      vertex 21.136 -108.814 3
      vertex 21.3153 -108.45 3
    endloop
  endfacet
  facet normal -0 0 -1
    outer loop
      vertex 22.3145 -110.222 3
      vertex 20.9265 -110.405 3
      vertex 22.3 -110 3
    endloop
  endfacet
  facet normal 0 0 -1
    outer loop
      vertex 22.3579 -109.56 3
      vertex 21.0056 -109.198 3
      vertex 21.136 -108.814 3
    endloop
  endfacet
  facet normal 0 0 -1
    outer loop
      vertex 20.9 -110 3
      vertex 22.3 -110 3
      vertex 20.9265 -110.405 3
    endloop
  endfacet
  facet normal 0 0 -1
    outer loop
      vertex 22.3145 -109.778 3
      vertex 20.9265 -109.595 3
      vertex 21.0056 -109.198 3
    endloop
  endfacet
  facet normal 0 0 -1
    outer loop
      vertex 22.3 -110 3
      vertex 20.9 -110 3
      vertex 20.9265 -109.595 3
    endloop
  endfacet
  facet normal 0.897073 -0.441882 0
    outer loop
      vertex 21.136 -108.814 3
      vertex 21.3153 -108.45 0
      vertex 21.3153 -108.45 3
    endloop
  endfacet
  facet normal 0.897073 -0.441882 0
    outer loop
      vertex 21.3153 -108.45 0
      vertex 21.136 -108.814 3
      vertex 21.136 -108.814 0
    endloop
  endfacet
  facet normal 0.897073 0.441882 0
    outer loop
      vertex 21.3153 -111.55 3
      vertex 21.136 -111.186 0
      vertex 21.136 -111.186 3
    endloop
  endfacet
  facet normal 0.897073 0.441882 0
    outer loop
      vertex 21.136 -111.186 0
      vertex 21.3153 -111.55 3
      vertex 21.3153 -111.55 0
    endloop
  endfacet
  facet normal 0.831329 0.555781 0
    outer loop
      vertex 21.5406 -111.887 3
      vertex 21.3153 -111.55 0
      vertex 21.3153 -111.55 3
    endloop
  endfacet
  facet normal 0.831329 0.555781 0
    outer loop
      vertex 21.3153 -111.55 0
      vertex 21.5406 -111.887 3
      vertex 21.5406 -111.887 0
    endloop
  endfacet
  facet normal 0.556745 -0.830683 0
    outer loop
      vertex 22.1128 -107.541 0
      vertex 22.45 -107.315 3
      vertex 22.1128 -107.541 3
    endloop
  endfacet
  facet normal 0.556745 -0.830683 0
    outer loop
      vertex 22.45 -107.315 3
      vertex 22.1128 -107.541 0
      vertex 22.45 -107.315 0
    endloop
  endfacet
  facet normal -0.981097 0.193519 0
    outer loop
      vertex 111.642 -110.44 3
      vertex 111.685 -110.222 16
      vertex 111.685 -110.222 3
    endloop
  endfacet
  facet normal -0.981097 0.193519 0
    outer loop
      vertex 111.685 -110.222 16
      vertex 111.642 -110.44 3
      vertex 111.642 -110.44 16
    endloop
  endfacet
  facet normal -0.997725 0.0674139 0
    outer loop
      vertex 111.685 -110.222 3
      vertex 111.7 -110 16
      vertex 111.7 -110 3
    endloop
  endfacet
  facet normal -0.997725 0.0674139 0
    outer loop
      vertex 111.7 -110 16
      vertex 111.685 -110.222 3
      vertex 111.685 -110.222 16
    endloop
  endfacet
  facet normal -0.0674139 -0.997725 0
    outer loop
      vertex 110 -108.3 3
      vertex 110.222 -108.315 16
      vertex 110 -108.3 16
    endloop
  endfacet
  facet normal -0.0674139 -0.997725 -0
    outer loop
      vertex 110.222 -108.315 16
      vertex 110 -108.3 3
      vertex 110.222 -108.315 3
    endloop
  endfacet
  facet normal 0.660729 0.750624 -0
    outer loop
      vertex 108.965 -111.349 3
      vertex 108.798 -111.202 16
      vertex 108.965 -111.349 16
    endloop
  endfacet
  facet normal 0.660729 0.750624 0
    outer loop
      vertex 108.798 -111.202 16
      vertex 108.965 -111.349 3
      vertex 108.798 -111.202 3
    endloop
  endfacet
  facet normal 0.832742 -0.553661 0
    outer loop
      vertex 108.528 -109.15 16
      vertex 108.651 -108.965 3
      vertex 108.651 -108.965 16
    endloop
  endfacet
  facet normal 0.832742 -0.553661 0
    outer loop
      vertex 108.651 -108.965 3
      vertex 108.528 -109.15 16
      vertex 108.528 -109.15 3
    endloop
  endfacet
  facet normal 0.193519 -0.981097 0
    outer loop
      vertex 109.56 -108.358 3
      vertex 109.778 -108.315 16
      vertex 109.56 -108.358 16
    endloop
  endfacet
  facet normal 0.193519 -0.981097 0
    outer loop
      vertex 109.778 -108.315 16
      vertex 109.56 -108.358 3
      vertex 109.778 -108.315 3
    endloop
  endfacet
  facet normal -0.660729 0.750624 0
    outer loop
      vertex 111.202 -111.202 3
      vertex 111.035 -111.349 16
      vertex 111.202 -111.202 16
    endloop
  endfacet
  facet normal -0.660729 0.750624 0
    outer loop
      vertex 111.035 -111.349 16
      vertex 111.202 -111.202 3
      vertex 111.035 -111.349 3
    endloop
  endfacet
  facet normal -0.947781 -0.318922 0
    outer loop
      vertex 111.642 -109.56 3
      vertex 111.571 -109.349 16
      vertex 111.571 -109.349 3
    endloop
  endfacet
  facet normal -0.947781 -0.318922 0
    outer loop
      vertex 111.571 -109.349 16
      vertex 111.642 -109.56 3
      vertex 111.642 -109.56 16
    endloop
  endfacet
  facet normal -0.750624 -0.660729 0
    outer loop
      vertex 111.349 -108.965 3
      vertex 111.202 -108.798 16
      vertex 111.202 -108.798 3
    endloop
  endfacet
  facet normal -0.750624 -0.660729 0
    outer loop
      vertex 111.202 -108.798 16
      vertex 111.349 -108.965 3
      vertex 111.349 -108.965 16
    endloop
  endfacet
  facet normal -0.750624 0.660729 0
    outer loop
      vertex 111.202 -111.202 3
      vertex 111.349 -111.035 16
      vertex 111.349 -111.035 3
    endloop
  endfacet
  facet normal -0.750624 0.660729 0
    outer loop
      vertex 111.349 -111.035 16
      vertex 111.202 -111.202 3
      vertex 111.202 -111.202 16
    endloop
  endfacet
  facet normal 0.947781 -0.318922 0
    outer loop
      vertex 108.358 -109.56 16
      vertex 108.429 -109.349 3
      vertex 108.429 -109.349 16
    endloop
  endfacet
  facet normal 0.947781 -0.318922 0
    outer loop
      vertex 108.429 -109.349 3
      vertex 108.358 -109.56 16
      vertex 108.358 -109.56 3
    endloop
  endfacet
  facet normal -0.318922 -0.947781 0
    outer loop
      vertex 110.44 -108.358 3
      vertex 110.651 -108.429 16
      vertex 110.44 -108.358 16
    endloop
  endfacet
  facet normal -0.318922 -0.947781 -0
    outer loop
      vertex 110.651 -108.429 16
      vertex 110.44 -108.358 3
      vertex 110.651 -108.429 3
    endloop
  endfacet
  facet normal 0.0674139 -0.997725 0
    outer loop
      vertex 109.778 -108.315 3
      vertex 110 -108.3 16
      vertex 109.778 -108.315 16
    endloop
  endfacet
  facet normal 0.0674139 -0.997725 0
    outer loop
      vertex 110 -108.3 16
      vertex 109.778 -108.315 3
      vertex 110 -108.3 3
    endloop
  endfacet
  facet normal 0.318922 0.947781 -0
    outer loop
      vertex 109.56 -111.642 3
      vertex 109.349 -111.571 16
      vertex 109.56 -111.642 16
    endloop
  endfacet
  facet normal 0.318922 0.947781 0
    outer loop
      vertex 109.349 -111.571 16
      vertex 109.56 -111.642 3
      vertex 109.349 -111.571 3
    endloop
  endfacet
  facet normal -0.947781 0.318922 0
    outer loop
      vertex 111.571 -110.651 3
      vertex 111.642 -110.44 16
      vertex 111.642 -110.44 3
    endloop
  endfacet
  facet normal -0.947781 0.318922 0
    outer loop
      vertex 111.642 -110.44 16
      vertex 111.571 -110.651 3
      vertex 111.571 -110.651 16
    endloop
  endfacet
  facet normal 0.750624 0.660729 0
    outer loop
      vertex 108.798 -111.202 16
      vertex 108.651 -111.035 3
      vertex 108.651 -111.035 16
    endloop
  endfacet
  facet normal 0.750624 0.660729 0
    outer loop
      vertex 108.651 -111.035 3
      vertex 108.798 -111.202 16
      vertex 108.798 -111.202 3
    endloop
  endfacet
  facet normal 0.445413 -0.895325 0
    outer loop
      vertex 109.15 -108.528 3
      vertex 109.349 -108.429 16
      vertex 109.15 -108.528 16
    endloop
  endfacet
  facet normal 0.445413 -0.895325 0
    outer loop
      vertex 109.349 -108.429 16
      vertex 109.15 -108.528 3
      vertex 109.349 -108.429 3
    endloop
  endfacet
  facet normal 0.0674139 0.997725 -0
    outer loop
      vertex 110 -111.7 3
      vertex 109.778 -111.685 16
      vertex 110 -111.7 16
    endloop
  endfacet
  facet normal 0.0674139 0.997725 0
    outer loop
      vertex 109.778 -111.685 16
      vertex 110 -111.7 3
      vertex 109.778 -111.685 3
    endloop
  endfacet
  facet normal -0.895325 -0.445413 0
    outer loop
      vertex 111.571 -109.349 3
      vertex 111.472 -109.15 16
      vertex 111.472 -109.15 3
    endloop
  endfacet
  facet normal -0.895325 -0.445413 0
    outer loop
      vertex 111.472 -109.15 16
      vertex 111.571 -109.349 3
      vertex 111.571 -109.349 16
    endloop
  endfacet
  facet normal -0.553661 -0.832742 0
    outer loop
      vertex 110.85 -108.528 3
      vertex 111.035 -108.651 16
      vertex 110.85 -108.528 16
    endloop
  endfacet
  facet normal -0.553661 -0.832742 -0
    outer loop
      vertex 111.035 -108.651 16
      vertex 110.85 -108.528 3
      vertex 111.035 -108.651 3
    endloop
  endfacet
  facet normal 0.981097 -0.193519 0
    outer loop
      vertex 108.315 -109.778 16
      vertex 108.358 -109.56 3
      vertex 108.358 -109.56 16
    endloop
  endfacet
  facet normal 0.981097 -0.193519 0
    outer loop
      vertex 108.358 -109.56 3
      vertex 108.315 -109.778 16
      vertex 108.315 -109.778 3
    endloop
  endfacet
  facet normal -0.193519 0.981097 0
    outer loop
      vertex 110.44 -111.642 3
      vertex 110.222 -111.685 16
      vertex 110.44 -111.642 16
    endloop
  endfacet
  facet normal -0.193519 0.981097 0
    outer loop
      vertex 110.222 -111.685 16
      vertex 110.44 -111.642 3
      vertex 110.222 -111.685 3
    endloop
  endfacet
  facet normal -0.832742 0.553661 0
    outer loop
      vertex 111.349 -111.035 3
      vertex 111.472 -110.85 16
      vertex 111.472 -110.85 3
    endloop
  endfacet
  facet normal -0.832742 0.553661 0
    outer loop
      vertex 111.472 -110.85 16
      vertex 111.349 -111.035 3
      vertex 111.349 -111.035 16
    endloop
  endfacet
  facet normal -0.997725 -0.0674139 0
    outer loop
      vertex 111.7 -110 3
      vertex 111.685 -109.778 16
      vertex 111.685 -109.778 3
    endloop
  endfacet
  facet normal -0.997725 -0.0674139 0
    outer loop
      vertex 111.685 -109.778 16
      vertex 111.7 -110 3
      vertex 111.7 -110 16
    endloop
  endfacet
  facet normal -0.318922 0.947781 0
    outer loop
      vertex 110.651 -111.571 3
      vertex 110.44 -111.642 16
      vertex 110.651 -111.571 16
    endloop
  endfacet
  facet normal -0.318922 0.947781 0
    outer loop
      vertex 110.44 -111.642 16
      vertex 110.651 -111.571 3
      vertex 110.44 -111.642 3
    endloop
  endfacet
  facet normal -0.553661 0.832742 0
    outer loop
      vertex 111.035 -111.349 3
      vertex 110.85 -111.472 16
      vertex 111.035 -111.349 16
    endloop
  endfacet
  facet normal -0.553661 0.832742 0
    outer loop
      vertex 110.85 -111.472 16
      vertex 111.035 -111.349 3
      vertex 110.85 -111.472 3
    endloop
  endfacet
  facet normal 0.193519 0.981097 -0
    outer loop
      vertex 109.778 -111.685 3
      vertex 109.56 -111.642 16
      vertex 109.778 -111.685 16
    endloop
  endfacet
  facet normal 0.193519 0.981097 0
    outer loop
      vertex 109.56 -111.642 16
      vertex 109.778 -111.685 3
      vertex 109.56 -111.642 3
    endloop
  endfacet
  facet normal -0.660729 -0.750624 0
    outer loop
      vertex 111.035 -108.651 3
      vertex 111.202 -108.798 16
      vertex 111.035 -108.651 16
    endloop
  endfacet
  facet normal -0.660729 -0.750624 -0
    outer loop
      vertex 111.202 -108.798 16
      vertex 111.035 -108.651 3
      vertex 111.202 -108.798 3
    endloop
  endfacet
  facet normal 0.895325 0.445413 0
    outer loop
      vertex 108.528 -110.85 16
      vertex 108.429 -110.651 3
      vertex 108.429 -110.651 16
    endloop
  endfacet
  facet normal 0.895325 0.445413 0
    outer loop
      vertex 108.429 -110.651 3
      vertex 108.528 -110.85 16
      vertex 108.528 -110.85 3
    endloop
  endfacet
  facet normal -0.981097 -0.193519 0
    outer loop
      vertex 111.685 -109.778 3
      vertex 111.642 -109.56 16
      vertex 111.642 -109.56 3
    endloop
  endfacet
  facet normal -0.981097 -0.193519 0
    outer loop
      vertex 111.642 -109.56 16
      vertex 111.685 -109.778 3
      vertex 111.685 -109.778 16
    endloop
  endfacet
  facet normal -0.193519 -0.981097 0
    outer loop
      vertex 110.222 -108.315 3
      vertex 110.44 -108.358 16
      vertex 110.222 -108.315 16
    endloop
  endfacet
  facet normal -0.193519 -0.981097 -0
    outer loop
      vertex 110.44 -108.358 16
      vertex 110.222 -108.315 3
      vertex 110.44 -108.358 3
    endloop
  endfacet
  facet normal 0.660729 -0.750624 0
    outer loop
      vertex 108.798 -108.798 3
      vertex 108.965 -108.651 16
      vertex 108.798 -108.798 16
    endloop
  endfacet
  facet normal 0.660729 -0.750624 0
    outer loop
      vertex 108.965 -108.651 16
      vertex 108.798 -108.798 3
      vertex 108.965 -108.651 3
    endloop
  endfacet
  facet normal 0.750624 -0.660729 0
    outer loop
      vertex 108.651 -108.965 16
      vertex 108.798 -108.798 3
      vertex 108.798 -108.798 16
    endloop
  endfacet
  facet normal 0.750624 -0.660729 0
    outer loop
      vertex 108.798 -108.798 3
      vertex 108.651 -108.965 16
      vertex 108.651 -108.965 3
    endloop
  endfacet
  facet normal -0.0674139 0.997725 0
    outer loop
      vertex 110.222 -111.685 3
      vertex 110 -111.7 16
      vertex 110.222 -111.685 16
    endloop
  endfacet
  facet normal -0.0674139 0.997725 0
    outer loop
      vertex 110 -111.7 16
      vertex 110.222 -111.685 3
      vertex 110 -111.7 3
    endloop
  endfacet
  facet normal -0.445413 0.895325 0
    outer loop
      vertex 110.85 -111.472 3
      vertex 110.651 -111.571 16
      vertex 110.85 -111.472 16
    endloop
  endfacet
  facet normal -0.445413 0.895325 0
    outer loop
      vertex 110.651 -111.571 16
      vertex 110.85 -111.472 3
      vertex 110.651 -111.571 3
    endloop
  endfacet
  facet normal -0.832742 -0.553661 0
    outer loop
      vertex 111.472 -109.15 3
      vertex 111.349 -108.965 16
      vertex 111.349 -108.965 3
    endloop
  endfacet
  facet normal -0.832742 -0.553661 0
    outer loop
      vertex 111.349 -108.965 16
      vertex 111.472 -109.15 3
      vertex 111.472 -109.15 16
    endloop
  endfacet
  facet normal 0.997725 -0.0674139 0
    outer loop
      vertex 108.3 -110 16
      vertex 108.315 -109.778 3
      vertex 108.315 -109.778 16
    endloop
  endfacet
  facet normal 0.997725 -0.0674139 0
    outer loop
      vertex 108.315 -109.778 3
      vertex 108.3 -110 16
      vertex 108.3 -110 3
    endloop
  endfacet
  facet normal -0.445413 -0.895325 0
    outer loop
      vertex 110.651 -108.429 3
      vertex 110.85 -108.528 16
      vertex 110.651 -108.429 16
    endloop
  endfacet
  facet normal -0.445413 -0.895325 -0
    outer loop
      vertex 110.85 -108.528 16
      vertex 110.651 -108.429 3
      vertex 110.85 -108.528 3
    endloop
  endfacet
  facet normal 0.981097 0.193519 0
    outer loop
      vertex 108.358 -110.44 16
      vertex 108.315 -110.222 3
      vertex 108.315 -110.222 16
    endloop
  endfacet
  facet normal 0.981097 0.193519 0
    outer loop
      vertex 108.315 -110.222 3
      vertex 108.358 -110.44 16
      vertex 108.358 -110.44 3
    endloop
  endfacet
  facet normal 0.895325 -0.445413 0
    outer loop
      vertex 108.429 -109.349 16
      vertex 108.528 -109.15 3
      vertex 108.528 -109.15 16
    endloop
  endfacet
  facet normal 0.895325 -0.445413 0
    outer loop
      vertex 108.528 -109.15 3
      vertex 108.429 -109.349 16
      vertex 108.429 -109.349 3
    endloop
  endfacet
  facet normal 0.947781 0.318922 0
    outer loop
      vertex 108.429 -110.651 16
      vertex 108.358 -110.44 3
      vertex 108.358 -110.44 16
    endloop
  endfacet
  facet normal 0.947781 0.318922 0
    outer loop
      vertex 108.358 -110.44 3
      vertex 108.429 -110.651 16
      vertex 108.429 -110.651 3
    endloop
  endfacet
  facet normal 0.553661 0.832742 -0
    outer loop
      vertex 109.15 -111.472 3
      vertex 108.965 -111.349 16
      vertex 109.15 -111.472 16
    endloop
  endfacet
  facet normal 0.553661 0.832742 0
    outer loop
      vertex 108.965 -111.349 16
      vertex 109.15 -111.472 3
      vertex 108.965 -111.349 3
    endloop
  endfacet
  facet normal -0.895325 0.445413 0
    outer loop
      vertex 111.472 -110.85 3
      vertex 111.571 -110.651 16
      vertex 111.571 -110.651 3
    endloop
  endfacet
  facet normal -0.895325 0.445413 0
    outer loop
      vertex 111.571 -110.651 16
      vertex 111.472 -110.85 3
      vertex 111.472 -110.85 16
    endloop
  endfacet
  facet normal 0.997725 0.0674139 0
    outer loop
      vertex 108.315 -110.222 16
      vertex 108.3 -110 3
      vertex 108.3 -110 16
    endloop
  endfacet
  facet normal 0.997725 0.0674139 0
    outer loop
      vertex 108.3 -110 3
      vertex 108.315 -110.222 16
      vertex 108.315 -110.222 3
    endloop
  endfacet
  facet normal 0.318922 -0.947781 0
    outer loop
      vertex 109.349 -108.429 3
      vertex 109.56 -108.358 16
      vertex 109.349 -108.429 16
    endloop
  endfacet
  facet normal 0.318922 -0.947781 0
    outer loop
      vertex 109.56 -108.358 16
      vertex 109.349 -108.429 3
      vertex 109.56 -108.358 3
    endloop
  endfacet
  facet normal 0.445413 0.895325 -0
    outer loop
      vertex 109.349 -111.571 3
      vertex 109.15 -111.472 16
      vertex 109.349 -111.571 16
    endloop
  endfacet
  facet normal 0.445413 0.895325 0
    outer loop
      vertex 109.15 -111.472 16
      vertex 109.349 -111.571 3
      vertex 109.15 -111.472 3
    endloop
  endfacet
  facet normal 0.832742 0.553661 0
    outer loop
      vertex 108.651 -111.035 16
      vertex 108.528 -110.85 3
      vertex 108.528 -110.85 16
    endloop
  endfacet
  facet normal 0.832742 0.553661 0
    outer loop
      vertex 108.528 -110.85 3
      vertex 108.651 -111.035 16
      vertex 108.651 -111.035 3
    endloop
  endfacet
  facet normal 0.553661 -0.832742 0
    outer loop
      vertex 108.965 -108.651 3
      vertex 109.15 -108.528 16
      vertex 108.965 -108.651 16
    endloop
  endfacet
  facet normal 0.553661 -0.832742 0
    outer loop
      vertex 109.15 -108.528 16
      vertex 108.965 -108.651 3
      vertex 109.15 -108.528 3
    endloop
  endfacet
  facet normal -0.441287 -0.897366 0
    outer loop
      vertex 111.186 -107.136 0
      vertex 111.55 -107.315 3
      vertex 111.186 -107.136 3
    endloop
  endfacet
  facet normal -0.441287 -0.897366 -0
    outer loop
      vertex 111.55 -107.315 3
      vertex 111.186 -107.136 0
      vertex 111.55 -107.315 0
    endloop
  endfacet
  facet normal -0.98077 0.195166 0
    outer loop
      vertex 112.994 -110.802 0
      vertex 113.073 -110.405 3
      vertex 113.073 -110.405 0
    endloop
  endfacet
  facet normal -0.98077 0.195166 0
    outer loop
      vertex 113.073 -110.405 3
      vertex 112.994 -110.802 0
      vertex 112.994 -110.802 3
    endloop
  endfacet
  facet normal -0.997785 0.066519 0
    outer loop
      vertex 113.073 -110.405 0
      vertex 113.1 -110 3
      vertex 113.1 -110 0
    endloop
  endfacet
  facet normal -0.997785 0.066519 0
    outer loop
      vertex 113.1 -110 3
      vertex 113.073 -110.405 0
      vertex 113.073 -110.405 3
    endloop
  endfacet
  facet normal -0.947193 0.320664 0
    outer loop
      vertex 112.864 -111.186 0
      vertex 112.994 -110.802 3
      vertex 112.994 -110.802 0
    endloop
  endfacet
  facet normal -0.947193 0.320664 0
    outer loop
      vertex 112.994 -110.802 3
      vertex 112.864 -111.186 0
      vertex 112.864 -111.186 3
    endloop
  endfacet
  facet normal -0.752424 -0.658679 0
    outer loop
      vertex 112.459 -108.113 0
      vertex 112.192 -107.808 3
      vertex 112.192 -107.808 0
    endloop
  endfacet
  facet normal -0.752424 -0.658679 0
    outer loop
      vertex 112.192 -107.808 3
      vertex 112.459 -108.113 0
      vertex 112.459 -108.113 3
    endloop
  endfacet
  facet normal -0.320664 0.947193 0
    outer loop
      vertex 111.186 -112.864 0
      vertex 110.802 -112.994 3
      vertex 111.186 -112.864 3
    endloop
  endfacet
  facet normal -0.320664 0.947193 0
    outer loop
      vertex 110.802 -112.994 3
      vertex 111.186 -112.864 0
      vertex 110.802 -112.994 0
    endloop
  endfacet
  facet normal -0.556973 0.830531 0
    outer loop
      vertex 111.887 -112.459 0
      vertex 111.55 -112.685 3
      vertex 111.887 -112.459 3
    endloop
  endfacet
  facet normal -0.556973 0.830531 0
    outer loop
      vertex 111.55 -112.685 3
      vertex 111.887 -112.459 0
      vertex 111.55 -112.685 0
    endloop
  endfacet
  facet normal -0.897366 -0.441287 0
    outer loop
      vertex 112.864 -108.814 0
      vertex 112.685 -108.45 3
      vertex 112.685 -108.45 0
    endloop
  endfacet
  facet normal -0.897366 -0.441287 0
    outer loop
      vertex 112.685 -108.45 3
      vertex 112.864 -108.814 0
      vertex 112.864 -108.814 3
    endloop
  endfacet
  facet normal -0.320664 -0.947193 0
    outer loop
      vertex 110.802 -107.006 0
      vertex 111.186 -107.136 3
      vertex 110.802 -107.006 3
    endloop
  endfacet
  facet normal -0.320664 -0.947193 -0
    outer loop
      vertex 111.186 -107.136 3
      vertex 110.802 -107.006 0
      vertex 111.186 -107.136 0
    endloop
  endfacet
  facet normal -0.897366 0.441287 0
    outer loop
      vertex 112.685 -111.55 0
      vertex 112.864 -111.186 3
      vertex 112.864 -111.186 0
    endloop
  endfacet
  facet normal -0.897366 0.441287 0
    outer loop
      vertex 112.864 -111.186 3
      vertex 112.685 -111.55 0
      vertex 112.685 -111.55 3
    endloop
  endfacet
  facet normal 0.195166 0.98077 -0
    outer loop
      vertex 109.595 -113.073 0
      vertex 109.198 -112.994 3
      vertex 109.595 -113.073 3
    endloop
  endfacet
  facet normal 0.195166 0.98077 0
    outer loop
      vertex 109.198 -112.994 3
      vertex 109.595 -113.073 0
      vertex 109.198 -112.994 0
    endloop
  endfacet
  facet normal 0.066519 -0.997785 0
    outer loop
      vertex 109.595 -106.927 0
      vertex 110 -106.9 3
      vertex 109.595 -106.927 3
    endloop
  endfacet
  facet normal 0.066519 -0.997785 0
    outer loop
      vertex 110 -106.9 3
      vertex 109.595 -106.927 0
      vertex 110 -106.9 0
    endloop
  endfacet
  facet normal 0.556973 0.830531 -0
    outer loop
      vertex 108.45 -112.685 0
      vertex 108.113 -112.459 3
      vertex 108.45 -112.685 3
    endloop
  endfacet
  facet normal 0.556973 0.830531 0
    outer loop
      vertex 108.113 -112.459 3
      vertex 108.45 -112.685 0
      vertex 108.113 -112.459 0
    endloop
  endfacet
  facet normal 0.320664 -0.947193 0
    outer loop
      vertex 108.814 -107.136 0
      vertex 109.198 -107.006 3
      vertex 108.814 -107.136 3
    endloop
  endfacet
  facet normal 0.320664 -0.947193 0
    outer loop
      vertex 109.198 -107.006 3
      vertex 108.814 -107.136 0
      vertex 109.198 -107.006 0
    endloop
  endfacet
  facet normal -0.947193 -0.320664 0
    outer loop
      vertex 112.994 -109.198 0
      vertex 112.864 -108.814 3
      vertex 112.864 -108.814 0
    endloop
  endfacet
  facet normal -0.947193 -0.320664 0
    outer loop
      vertex 112.864 -108.814 3
      vertex 112.994 -109.198 0
      vertex 112.994 -109.198 3
    endloop
  endfacet
  facet normal 0.830531 -0.556973 0
    outer loop
      vertex 107.315 -108.45 3
      vertex 107.541 -108.113 0
      vertex 107.541 -108.113 3
    endloop
  endfacet
  facet normal 0.830531 -0.556973 0
    outer loop
      vertex 107.541 -108.113 0
      vertex 107.315 -108.45 3
      vertex 107.315 -108.45 0
    endloop
  endfacet
  facet normal 0.658679 -0.752424 0
    outer loop
      vertex 107.808 -107.808 0
      vertex 108.113 -107.541 3
      vertex 107.808 -107.808 3
    endloop
  endfacet
  facet normal 0.658679 -0.752424 0
    outer loop
      vertex 108.113 -107.541 3
      vertex 107.808 -107.808 0
      vertex 108.113 -107.541 0
    endloop
  endfacet
  facet normal 0.658679 0.752424 -0
    outer loop
      vertex 108.113 -112.459 0
      vertex 107.808 -112.192 3
      vertex 108.113 -112.459 3
    endloop
  endfacet
  facet normal 0.658679 0.752424 0
    outer loop
      vertex 107.808 -112.192 3
      vertex 108.113 -112.459 0
      vertex 107.808 -112.192 0
    endloop
  endfacet
  facet normal 0.947193 0.320664 0
    outer loop
      vertex 107.136 -111.186 3
      vertex 107.006 -110.802 0
      vertex 107.006 -110.802 3
    endloop
  endfacet
  facet normal 0.947193 0.320664 0
    outer loop
      vertex 107.006 -110.802 0
      vertex 107.136 -111.186 3
      vertex 107.136 -111.186 0
    endloop
  endfacet
  facet normal 0.441287 0.897366 -0
    outer loop
      vertex 108.814 -112.864 0
      vertex 108.45 -112.685 3
      vertex 108.814 -112.864 3
    endloop
  endfacet
  facet normal 0.441287 0.897366 0
    outer loop
      vertex 108.45 -112.685 3
      vertex 108.814 -112.864 0
      vertex 108.45 -112.685 0
    endloop
  endfacet
  facet normal 0.98077 0.195166 0
    outer loop
      vertex 107.006 -110.802 3
      vertex 106.927 -110.405 0
      vertex 106.927 -110.405 3
    endloop
  endfacet
  facet normal 0.98077 0.195166 0
    outer loop
      vertex 106.927 -110.405 0
      vertex 107.006 -110.802 3
      vertex 107.006 -110.802 0
    endloop
  endfacet
  facet normal 0.320664 0.947193 -0
    outer loop
      vertex 109.198 -112.994 0
      vertex 108.814 -112.864 3
      vertex 109.198 -112.994 3
    endloop
  endfacet
  facet normal 0.320664 0.947193 0
    outer loop
      vertex 108.814 -112.864 3
      vertex 109.198 -112.994 0
      vertex 108.814 -112.864 0
    endloop
  endfacet
  facet normal -0.658679 -0.752424 0
    outer loop
      vertex 111.887 -107.541 0
      vertex 112.192 -107.808 3
      vertex 111.887 -107.541 3
    endloop
  endfacet
  facet normal -0.658679 -0.752424 -0
    outer loop
      vertex 112.192 -107.808 3
      vertex 111.887 -107.541 0
      vertex 112.192 -107.808 0
    endloop
  endfacet
  facet normal -0.066519 0.997785 0
    outer loop
      vertex 110.405 -113.073 0
      vertex 110 -113.1 3
      vertex 110.405 -113.073 3
    endloop
  endfacet
  facet normal -0.066519 0.997785 0
    outer loop
      vertex 110 -113.1 3
      vertex 110.405 -113.073 0
      vertex 110 -113.1 0
    endloop
  endfacet
  facet normal -0.830531 0.556973 0
    outer loop
      vertex 112.459 -111.887 0
      vertex 112.685 -111.55 3
      vertex 112.685 -111.55 0
    endloop
  endfacet
  facet normal -0.830531 0.556973 0
    outer loop
      vertex 112.685 -111.55 3
      vertex 112.459 -111.887 0
      vertex 112.459 -111.887 3
    endloop
  endfacet
  facet normal -0.195166 -0.98077 0
    outer loop
      vertex 110.405 -106.927 0
      vertex 110.802 -107.006 3
      vertex 110.405 -106.927 3
    endloop
  endfacet
  facet normal -0.195166 -0.98077 -0
    outer loop
      vertex 110.802 -107.006 3
      vertex 110.405 -106.927 0
      vertex 110.802 -107.006 0
    endloop
  endfacet
  facet normal 0.98077 -0.195166 0
    outer loop
      vertex 106.927 -109.595 3
      vertex 107.006 -109.198 0
      vertex 107.006 -109.198 3
    endloop
  endfacet
  facet normal 0.98077 -0.195166 0
    outer loop
      vertex 107.006 -109.198 0
      vertex 106.927 -109.595 3
      vertex 106.927 -109.595 0
    endloop
  endfacet
  facet normal 0.752424 0.658679 0
    outer loop
      vertex 107.808 -112.192 3
      vertex 107.541 -111.887 0
      vertex 107.541 -111.887 3
    endloop
  endfacet
  facet normal 0.752424 0.658679 0
    outer loop
      vertex 107.541 -111.887 0
      vertex 107.808 -112.192 3
      vertex 107.808 -112.192 0
    endloop
  endfacet
  facet normal -0.658679 0.752424 0
    outer loop
      vertex 112.192 -112.192 0
      vertex 111.887 -112.459 3
      vertex 112.192 -112.192 3
    endloop
  endfacet
  facet normal -0.658679 0.752424 0
    outer loop
      vertex 111.887 -112.459 3
      vertex 112.192 -112.192 0
      vertex 111.887 -112.459 0
    endloop
  endfacet
  facet normal -0.997785 -0.066519 0
    outer loop
      vertex 113.1 -110 0
      vertex 113.073 -109.595 3
      vertex 113.073 -109.595 0
    endloop
  endfacet
  facet normal -0.997785 -0.066519 0
    outer loop
      vertex 113.073 -109.595 3
      vertex 113.1 -110 0
      vertex 113.1 -110 3
    endloop
  endfacet
  facet normal -0.98077 -0.195166 0
    outer loop
      vertex 113.073 -109.595 0
      vertex 112.994 -109.198 3
      vertex 112.994 -109.198 0
    endloop
  endfacet
  facet normal -0.98077 -0.195166 0
    outer loop
      vertex 112.994 -109.198 3
      vertex 113.073 -109.595 0
      vertex 113.073 -109.595 3
    endloop
  endfacet
  facet normal -0.556973 -0.830531 0
    outer loop
      vertex 111.55 -107.315 0
      vertex 111.887 -107.541 3
      vertex 111.55 -107.315 3
    endloop
  endfacet
  facet normal -0.556973 -0.830531 -0
    outer loop
      vertex 111.887 -107.541 3
      vertex 111.55 -107.315 0
      vertex 111.887 -107.541 0
    endloop
  endfacet
  facet normal -0.195166 0.98077 0
    outer loop
      vertex 110.802 -112.994 0
      vertex 110.405 -113.073 3
      vertex 110.802 -112.994 3
    endloop
  endfacet
  facet normal -0.195166 0.98077 0
    outer loop
      vertex 110.405 -113.073 3
      vertex 110.802 -112.994 0
      vertex 110.405 -113.073 0
    endloop
  endfacet
  facet normal -0.752424 0.658679 0
    outer loop
      vertex 112.192 -112.192 0
      vertex 112.459 -111.887 3
      vertex 112.459 -111.887 0
    endloop
  endfacet
  facet normal -0.752424 0.658679 0
    outer loop
      vertex 112.459 -111.887 3
      vertex 112.192 -112.192 0
      vertex 112.192 -112.192 3
    endloop
  endfacet
  facet normal -0.441287 0.897366 0
    outer loop
      vertex 111.55 -112.685 0
      vertex 111.186 -112.864 3
      vertex 111.55 -112.685 3
    endloop
  endfacet
  facet normal -0.441287 0.897366 0
    outer loop
      vertex 111.186 -112.864 3
      vertex 111.55 -112.685 0
      vertex 111.186 -112.864 0
    endloop
  endfacet
  facet normal 0.997785 -0.066519 0
    outer loop
      vertex 106.9 -110 3
      vertex 106.927 -109.595 0
      vertex 106.927 -109.595 3
    endloop
  endfacet
  facet normal 0.997785 -0.066519 0
    outer loop
      vertex 106.927 -109.595 0
      vertex 106.9 -110 3
      vertex 106.9 -110 0
    endloop
  endfacet
  facet normal -0.830531 -0.556973 0
    outer loop
      vertex 112.685 -108.45 0
      vertex 112.459 -108.113 3
      vertex 112.459 -108.113 0
    endloop
  endfacet
  facet normal -0.830531 -0.556973 0
    outer loop
      vertex 112.459 -108.113 3
      vertex 112.685 -108.45 0
      vertex 112.685 -108.45 3
    endloop
  endfacet
  facet normal 0.752424 -0.658679 0
    outer loop
      vertex 107.541 -108.113 3
      vertex 107.808 -107.808 0
      vertex 107.808 -107.808 3
    endloop
  endfacet
  facet normal 0.752424 -0.658679 0
    outer loop
      vertex 107.808 -107.808 0
      vertex 107.541 -108.113 3
      vertex 107.541 -108.113 0
    endloop
  endfacet
  facet normal 0.997785 0.066519 0
    outer loop
      vertex 106.927 -110.405 3
      vertex 106.9 -110 0
      vertex 106.9 -110 3
    endloop
  endfacet
  facet normal 0.997785 0.066519 0
    outer loop
      vertex 106.9 -110 0
      vertex 106.927 -110.405 3
      vertex 106.927 -110.405 0
    endloop
  endfacet
  facet normal 0.441287 -0.897366 0
    outer loop
      vertex 108.45 -107.315 0
      vertex 108.814 -107.136 3
      vertex 108.45 -107.315 3
    endloop
  endfacet
  facet normal 0.441287 -0.897366 0
    outer loop
      vertex 108.814 -107.136 3
      vertex 108.45 -107.315 0
      vertex 108.814 -107.136 0
    endloop
  endfacet
  facet normal 0.947193 -0.320664 0
    outer loop
      vertex 107.006 -109.198 3
      vertex 107.136 -108.814 0
      vertex 107.136 -108.814 3
    endloop
  endfacet
  facet normal 0.947193 -0.320664 0
    outer loop
      vertex 107.136 -108.814 0
      vertex 107.006 -109.198 3
      vertex 107.006 -109.198 0
    endloop
  endfacet
  facet normal 0.195166 -0.98077 0
    outer loop
      vertex 109.198 -107.006 0
      vertex 109.595 -106.927 3
      vertex 109.198 -107.006 3
    endloop
  endfacet
  facet normal 0.195166 -0.98077 0
    outer loop
      vertex 109.595 -106.927 3
      vertex 109.198 -107.006 0
      vertex 109.595 -106.927 0
    endloop
  endfacet
  facet normal -0.066519 -0.997785 0
    outer loop
      vertex 110 -106.9 0
      vertex 110.405 -106.927 3
      vertex 110 -106.9 3
    endloop
  endfacet
  facet normal -0.066519 -0.997785 -0
    outer loop
      vertex 110.405 -106.927 3
      vertex 110 -106.9 0
      vertex 110.405 -106.927 0
    endloop
  endfacet
  facet normal 0.066519 0.997785 -0
    outer loop
      vertex 110 -113.1 0
      vertex 109.595 -113.073 3
      vertex 110 -113.1 3
    endloop
  endfacet
  facet normal 0.066519 0.997785 0
    outer loop
      vertex 109.595 -113.073 3
      vertex 110 -113.1 0
      vertex 109.595 -113.073 0
    endloop
  endfacet
  facet normal 0 0 -1
    outer loop
      vertex 111.7 -110 3
      vertex 113.1 -110 3
      vertex 113.073 -110.405 3
    endloop
  endfacet
  facet normal 0 0 -1
    outer loop
      vertex 111.685 -110.222 3
      vertex 113.073 -110.405 3
      vertex 112.994 -110.802 3
    endloop
  endfacet
  facet normal 0 0 -1
    outer loop
      vertex 113.1 -110 3
      vertex 111.7 -110 3
      vertex 113.073 -109.595 3
    endloop
  endfacet
  facet normal 0 0 -1
    outer loop
      vertex 111.642 -110.44 3
      vertex 112.994 -110.802 3
      vertex 112.864 -111.186 3
    endloop
  endfacet
  facet normal 0 0 -1
    outer loop
      vertex 111.685 -109.778 3
      vertex 113.073 -109.595 3
      vertex 111.7 -110 3
    endloop
  endfacet
  facet normal 0 0 -1
    outer loop
      vertex 111.571 -110.651 3
      vertex 112.864 -111.186 3
      vertex 112.685 -111.55 3
    endloop
  endfacet
  facet normal -0 0 -1
    outer loop
      vertex 113.073 -109.595 3
      vertex 111.685 -109.778 3
      vertex 112.994 -109.198 3
    endloop
  endfacet
  facet normal 0 0 -1
    outer loop
      vertex 111.472 -110.85 3
      vertex 112.685 -111.55 3
      vertex 112.459 -111.887 3
    endloop
  endfacet
  facet normal 0 0 -1
    outer loop
      vertex 111.642 -109.56 3
      vertex 112.994 -109.198 3
      vertex 111.685 -109.778 3
    endloop
  endfacet
  facet normal 0 0 -1
    outer loop
      vertex 111.349 -111.035 3
      vertex 112.459 -111.887 3
      vertex 112.192 -112.192 3
    endloop
  endfacet
  facet normal -0 0 -1
    outer loop
      vertex 112.994 -109.198 3
      vertex 111.642 -109.56 3
      vertex 112.864 -108.814 3
    endloop
  endfacet
  facet normal 0 0 -1
    outer loop
      vertex 111.202 -111.202 3
      vertex 112.192 -112.192 3
      vertex 111.887 -112.459 3
    endloop
  endfacet
  facet normal 0 0 -1
    outer loop
      vertex 111.571 -109.349 3
      vertex 112.864 -108.814 3
      vertex 111.642 -109.56 3
    endloop
  endfacet
  facet normal -0 0 -1
    outer loop
      vertex 112.864 -108.814 3
      vertex 111.571 -109.349 3
      vertex 112.685 -108.45 3
    endloop
  endfacet
  facet normal 0 0 -1
    outer loop
      vertex 113.073 -110.405 3
      vertex 111.685 -110.222 3
      vertex 111.7 -110 3
    endloop
  endfacet
  facet normal 0 0 -1
    outer loop
      vertex 112.994 -110.802 3
      vertex 111.642 -110.44 3
      vertex 111.685 -110.222 3
    endloop
  endfacet
  facet normal 0 0 -1
    outer loop
      vertex 112.864 -111.186 3
      vertex 111.571 -110.651 3
      vertex 111.642 -110.44 3
    endloop
  endfacet
  facet normal 0 0 -1
    outer loop
      vertex 111.035 -111.349 3
      vertex 111.887 -112.459 3
      vertex 111.55 -112.685 3
    endloop
  endfacet
  facet normal 0 0 -1
    outer loop
      vertex 112.685 -111.55 3
      vertex 111.472 -110.85 3
      vertex 111.571 -110.651 3
    endloop
  endfacet
  facet normal 0 0 -1
    outer loop
      vertex 112.459 -111.887 3
      vertex 111.349 -111.035 3
      vertex 111.472 -110.85 3
    endloop
  endfacet
  facet normal 0 0 -1
    outer loop
      vertex 112.192 -112.192 3
      vertex 111.202 -111.202 3
      vertex 111.349 -111.035 3
    endloop
  endfacet
  facet normal 0 0 -1
    outer loop
      vertex 110.85 -111.472 3
      vertex 111.55 -112.685 3
      vertex 111.186 -112.864 3
    endloop
  endfacet
  facet normal 0 0 -1
    outer loop
      vertex 111.887 -112.459 3
      vertex 111.035 -111.349 3
      vertex 111.202 -111.202 3
    endloop
  endfacet
  facet normal 0 0 -1
    outer loop
      vertex 111.55 -112.685 3
      vertex 110.85 -111.472 3
      vertex 111.035 -111.349 3
    endloop
  endfacet
  facet normal 0 0 -1
    outer loop
      vertex 110.651 -111.571 3
      vertex 111.186 -112.864 3
      vertex 110.802 -112.994 3
    endloop
  endfacet
  facet normal 0 0 -1
    outer loop
      vertex 111.186 -112.864 3
      vertex 110.651 -111.571 3
      vertex 110.85 -111.472 3
    endloop
  endfacet
  facet normal 0 0 -1
    outer loop
      vertex 110.802 -112.994 3
      vertex 110.44 -111.642 3
      vertex 110.651 -111.571 3
    endloop
  endfacet
  facet normal 0 0 -1
    outer loop
      vertex 110.405 -113.073 3
      vertex 110.44 -111.642 3
      vertex 110.802 -112.994 3
    endloop
  endfacet
  facet normal 0 0 -1
    outer loop
      vertex 110.405 -113.073 3
      vertex 110.222 -111.685 3
      vertex 110.44 -111.642 3
    endloop
  endfacet
  facet normal 0 0 -1
    outer loop
      vertex 110 -113.1 3
      vertex 110.222 -111.685 3
      vertex 110.405 -113.073 3
    endloop
  endfacet
  facet normal 0 0 -1
    outer loop
      vertex 110 -113.1 3
      vertex 110 -111.7 3
      vertex 110.222 -111.685 3
    endloop
  endfacet
  facet normal 0 0 -1
    outer loop
      vertex 110 -113.1 3
      vertex 109.778 -111.685 3
      vertex 110 -111.7 3
    endloop
  endfacet
  facet normal 0 0 -1
    outer loop
      vertex 109.595 -113.073 3
      vertex 109.778 -111.685 3
      vertex 110 -113.1 3
    endloop
  endfacet
  facet normal 0 0 -1
    outer loop
      vertex 109.595 -113.073 3
      vertex 109.56 -111.642 3
      vertex 109.778 -111.685 3
    endloop
  endfacet
  facet normal 0 0 -1
    outer loop
      vertex 109.198 -112.994 3
      vertex 109.56 -111.642 3
      vertex 109.595 -113.073 3
    endloop
  endfacet
  facet normal -0 0 -1
    outer loop
      vertex 109.56 -111.642 3
      vertex 109.198 -112.994 3
      vertex 109.349 -111.571 3
    endloop
  endfacet
  facet normal 0 0 -1
    outer loop
      vertex 108.814 -112.864 3
      vertex 109.349 -111.571 3
      vertex 109.198 -112.994 3
    endloop
  endfacet
  facet normal -0 0 -1
    outer loop
      vertex 109.349 -111.571 3
      vertex 108.814 -112.864 3
      vertex 109.15 -111.472 3
    endloop
  endfacet
  facet normal 0 0 -1
    outer loop
      vertex 108.45 -112.685 3
      vertex 109.15 -111.472 3
      vertex 108.814 -112.864 3
    endloop
  endfacet
  facet normal -0 0 -1
    outer loop
      vertex 109.15 -111.472 3
      vertex 108.45 -112.685 3
      vertex 108.965 -111.349 3
    endloop
  endfacet
  facet normal 0 0 -1
    outer loop
      vertex 108.113 -112.459 3
      vertex 108.965 -111.349 3
      vertex 108.45 -112.685 3
    endloop
  endfacet
  facet normal -0 0 -1
    outer loop
      vertex 108.965 -111.349 3
      vertex 108.113 -112.459 3
      vertex 108.798 -111.202 3
    endloop
  endfacet
  facet normal 0 0 -1
    outer loop
      vertex 107.808 -112.192 3
      vertex 108.798 -111.202 3
      vertex 108.113 -112.459 3
    endloop
  endfacet
  facet normal -0 0 -1
    outer loop
      vertex 108.798 -111.202 3
      vertex 107.808 -112.192 3
      vertex 108.651 -111.035 3
    endloop
  endfacet
  facet normal 0 0 -1
    outer loop
      vertex 107.541 -111.887 3
      vertex 108.651 -111.035 3
      vertex 107.808 -112.192 3
    endloop
  endfacet
  facet normal -0 0 -1
    outer loop
      vertex 108.651 -111.035 3
      vertex 107.541 -111.887 3
      vertex 108.528 -110.85 3
    endloop
  endfacet
  facet normal 0 0 -1
    outer loop
      vertex 107.315 -111.55 3
      vertex 108.528 -110.85 3
      vertex 107.541 -111.887 3
    endloop
  endfacet
  facet normal -0 0 -1
    outer loop
      vertex 108.528 -110.85 3
      vertex 107.315 -111.55 3
      vertex 108.429 -110.651 3
    endloop
  endfacet
  facet normal 0 0 -1
    outer loop
      vertex 111.472 -109.15 3
      vertex 112.685 -108.45 3
      vertex 111.571 -109.349 3
    endloop
  endfacet
  facet normal -0 0 -1
    outer loop
      vertex 112.685 -108.45 3
      vertex 111.472 -109.15 3
      vertex 112.459 -108.113 3
    endloop
  endfacet
  facet normal 0 0 -1
    outer loop
      vertex 111.349 -108.965 3
      vertex 112.459 -108.113 3
      vertex 111.472 -109.15 3
    endloop
  endfacet
  facet normal -0 0 -1
    outer loop
      vertex 112.459 -108.113 3
      vertex 111.349 -108.965 3
      vertex 112.192 -107.808 3
    endloop
  endfacet
  facet normal 0 0 -1
    outer loop
      vertex 111.202 -108.798 3
      vertex 112.192 -107.808 3
      vertex 111.349 -108.965 3
    endloop
  endfacet
  facet normal -0 0 -1
    outer loop
      vertex 112.192 -107.808 3
      vertex 111.202 -108.798 3
      vertex 111.887 -107.541 3
    endloop
  endfacet
  facet normal 0 0 -1
    outer loop
      vertex 111.035 -108.651 3
      vertex 111.887 -107.541 3
      vertex 111.202 -108.798 3
    endloop
  endfacet
  facet normal -0 0 -1
    outer loop
      vertex 111.887 -107.541 3
      vertex 111.035 -108.651 3
      vertex 111.55 -107.315 3
    endloop
  endfacet
  facet normal 0 0 -1
    outer loop
      vertex 110.85 -108.528 3
      vertex 111.55 -107.315 3
      vertex 111.035 -108.651 3
    endloop
  endfacet
  facet normal -0 0 -1
    outer loop
      vertex 111.55 -107.315 3
      vertex 110.85 -108.528 3
      vertex 111.186 -107.136 3
    endloop
  endfacet
  facet normal 0 0 -1
    outer loop
      vertex 110.651 -108.429 3
      vertex 111.186 -107.136 3
      vertex 110.85 -108.528 3
    endloop
  endfacet
  facet normal -0 0 -1
    outer loop
      vertex 111.186 -107.136 3
      vertex 110.651 -108.429 3
      vertex 110.802 -107.006 3
    endloop
  endfacet
  facet normal 0 0 -1
    outer loop
      vertex 110.44 -108.358 3
      vertex 110.802 -107.006 3
      vertex 110.651 -108.429 3
    endloop
  endfacet
  facet normal 0 0 -1
    outer loop
      vertex 110.44 -108.358 3
      vertex 110.405 -106.927 3
      vertex 110.802 -107.006 3
    endloop
  endfacet
  facet normal 0 0 -1
    outer loop
      vertex 110.222 -108.315 3
      vertex 110.405 -106.927 3
      vertex 110.44 -108.358 3
    endloop
  endfacet
  facet normal 0 0 -1
    outer loop
      vertex 110 -108.3 3
      vertex 110.405 -106.927 3
      vertex 110.222 -108.315 3
    endloop
  endfacet
  facet normal 0 0 -1
    outer loop
      vertex 110 -108.3 3
      vertex 110 -106.9 3
      vertex 110.405 -106.927 3
    endloop
  endfacet
  facet normal 0 0 -1
    outer loop
      vertex 109.778 -108.315 3
      vertex 110 -106.9 3
      vertex 110 -108.3 3
    endloop
  endfacet
  facet normal 0 0 -1
    outer loop
      vertex 109.778 -108.315 3
      vertex 109.595 -106.927 3
      vertex 110 -106.9 3
    endloop
  endfacet
  facet normal 0 0 -1
    outer loop
      vertex 109.56 -108.358 3
      vertex 109.595 -106.927 3
      vertex 109.778 -108.315 3
    endloop
  endfacet
  facet normal 0 0 -1
    outer loop
      vertex 109.198 -107.006 3
      vertex 109.56 -108.358 3
      vertex 109.349 -108.429 3
    endloop
  endfacet
  facet normal 0 0 -1
    outer loop
      vertex 109.56 -108.358 3
      vertex 109.198 -107.006 3
      vertex 109.595 -106.927 3
    endloop
  endfacet
  facet normal 0 0 -1
    outer loop
      vertex 108.814 -107.136 3
      vertex 109.349 -108.429 3
      vertex 109.15 -108.528 3
    endloop
  endfacet
  facet normal 0 0 -1
    outer loop
      vertex 108.45 -107.315 3
      vertex 109.15 -108.528 3
      vertex 108.965 -108.651 3
    endloop
  endfacet
  facet normal 0 0 -1
    outer loop
      vertex 109.349 -108.429 3
      vertex 108.814 -107.136 3
      vertex 109.198 -107.006 3
    endloop
  endfacet
  facet normal 0 0 -1
    outer loop
      vertex 108.113 -107.541 3
      vertex 108.965 -108.651 3
      vertex 108.798 -108.798 3
    endloop
  endfacet
  facet normal 0 0 -1
    outer loop
      vertex 107.808 -107.808 3
      vertex 108.798 -108.798 3
      vertex 108.651 -108.965 3
    endloop
  endfacet
  facet normal 0 0 -1
    outer loop
      vertex 107.541 -108.113 3
      vertex 108.651 -108.965 3
      vertex 108.528 -109.15 3
    endloop
  endfacet
  facet normal 0 0 -1
    outer loop
      vertex 109.15 -108.528 3
      vertex 108.45 -107.315 3
      vertex 108.814 -107.136 3
    endloop
  endfacet
  facet normal 0 0 -1
    outer loop
      vertex 107.315 -108.45 3
      vertex 108.528 -109.15 3
      vertex 108.429 -109.349 3
    endloop
  endfacet
  facet normal 0 0 -1
    outer loop
      vertex 107.136 -108.814 3
      vertex 108.429 -109.349 3
      vertex 108.358 -109.56 3
    endloop
  endfacet
  facet normal 0 0 -1
    outer loop
      vertex 107.006 -109.198 3
      vertex 108.358 -109.56 3
      vertex 108.315 -109.778 3
    endloop
  endfacet
  facet normal 0 0 -1
    outer loop
      vertex 106.927 -109.595 3
      vertex 108.315 -109.778 3
      vertex 108.3 -110 3
    endloop
  endfacet
  facet normal 0 0 -1
    outer loop
      vertex 107.136 -111.186 3
      vertex 108.429 -110.651 3
      vertex 107.315 -111.55 3
    endloop
  endfacet
  facet normal 0 0 -1
    outer loop
      vertex 108.965 -108.651 3
      vertex 108.113 -107.541 3
      vertex 108.45 -107.315 3
    endloop
  endfacet
  facet normal -0 0 -1
    outer loop
      vertex 108.429 -110.651 3
      vertex 107.136 -111.186 3
      vertex 108.358 -110.44 3
    endloop
  endfacet
  facet normal 0 0 -1
    outer loop
      vertex 108.798 -108.798 3
      vertex 107.808 -107.808 3
      vertex 108.113 -107.541 3
    endloop
  endfacet
  facet normal 0 0 -1
    outer loop
      vertex 107.006 -110.802 3
      vertex 108.358 -110.44 3
      vertex 107.136 -111.186 3
    endloop
  endfacet
  facet normal 0 0 -1
    outer loop
      vertex 108.651 -108.965 3
      vertex 107.541 -108.113 3
      vertex 107.808 -107.808 3
    endloop
  endfacet
  facet normal -0 0 -1
    outer loop
      vertex 108.358 -110.44 3
      vertex 107.006 -110.802 3
      vertex 108.315 -110.222 3
    endloop
  endfacet
  facet normal 0 0 -1
    outer loop
      vertex 108.528 -109.15 3
      vertex 107.315 -108.45 3
      vertex 107.541 -108.113 3
    endloop
  endfacet
  facet normal 0 0 -1
    outer loop
      vertex 106.927 -110.405 3
      vertex 108.315 -110.222 3
      vertex 107.006 -110.802 3
    endloop
  endfacet
  facet normal 0 0 -1
    outer loop
      vertex 108.429 -109.349 3
      vertex 107.136 -108.814 3
      vertex 107.315 -108.45 3
    endloop
  endfacet
  facet normal -0 0 -1
    outer loop
      vertex 108.315 -110.222 3
      vertex 106.927 -110.405 3
      vertex 108.3 -110 3
    endloop
  endfacet
  facet normal 0 0 -1
    outer loop
      vertex 108.358 -109.56 3
      vertex 107.006 -109.198 3
      vertex 107.136 -108.814 3
    endloop
  endfacet
  facet normal 0 0 -1
    outer loop
      vertex 106.9 -110 3
      vertex 108.3 -110 3
      vertex 106.927 -110.405 3
    endloop
  endfacet
  facet normal 0 0 -1
    outer loop
      vertex 108.315 -109.778 3
      vertex 106.927 -109.595 3
      vertex 107.006 -109.198 3
    endloop
  endfacet
  facet normal 0 0 -1
    outer loop
      vertex 108.3 -110 3
      vertex 106.9 -110 3
      vertex 106.927 -109.595 3
    endloop
  endfacet
  facet normal 0.897366 -0.441287 0
    outer loop
      vertex 107.136 -108.814 3
      vertex 107.315 -108.45 0
      vertex 107.315 -108.45 3
    endloop
  endfacet
  facet normal 0.897366 -0.441287 0
    outer loop
      vertex 107.315 -108.45 0
      vertex 107.136 -108.814 3
      vertex 107.136 -108.814 0
    endloop
  endfacet
  facet normal 0.897366 0.441287 0
    outer loop
      vertex 107.315 -111.55 3
      vertex 107.136 -111.186 0
      vertex 107.136 -111.186 3
    endloop
  endfacet
  facet normal 0.897366 0.441287 0
    outer loop
      vertex 107.136 -111.186 0
      vertex 107.315 -111.55 3
      vertex 107.315 -111.55 0
    endloop
  endfacet
  facet normal 0.830531 0.556973 0
    outer loop
      vertex 107.541 -111.887 3
      vertex 107.315 -111.55 0
      vertex 107.315 -111.55 3
    endloop
  endfacet
  facet normal 0.830531 0.556973 0
    outer loop
      vertex 107.315 -111.55 0
      vertex 107.541 -111.887 3
      vertex 107.541 -111.887 0
    endloop
  endfacet
  facet normal 0.556973 -0.830531 0
    outer loop
      vertex 108.113 -107.541 0
      vertex 108.45 -107.315 3
      vertex 108.113 -107.541 3
    endloop
  endfacet
  facet normal 0.556973 -0.830531 0
    outer loop
      vertex 108.45 -107.315 3
      vertex 108.113 -107.541 0
      vertex 108.45 -107.315 0
    endloop
  endfacet
  facet normal -0.981097 0.193519 0
    outer loop
      vertex 151.642 -100.44 3
      vertex 151.685 -100.222 16
      vertex 151.685 -100.222 3
    endloop
  endfacet
  facet normal -0.981097 0.193519 0
    outer loop
      vertex 151.685 -100.222 16
      vertex 151.642 -100.44 3
      vertex 151.642 -100.44 16
    endloop
  endfacet
  facet normal -0.997725 0.0674139 0
    outer loop
      vertex 151.685 -100.222 3
      vertex 151.7 -100 16
      vertex 151.7 -100 3
    endloop
  endfacet
  facet normal -0.997725 0.0674139 0
    outer loop
      vertex 151.7 -100 16
      vertex 151.685 -100.222 3
      vertex 151.685 -100.222 16
    endloop
  endfacet
  facet normal -0.0651764 -0.997874 0
    outer loop
      vertex 150 -98.3 3
      vertex 150.222 -98.3145 16
      vertex 150 -98.3 16
    endloop
  endfacet
  facet normal -0.0651764 -0.997874 -0
    outer loop
      vertex 150.222 -98.3145 16
      vertex 150 -98.3 3
      vertex 150.222 -98.3145 3
    endloop
  endfacet
  facet normal 0.660729 0.750624 -0
    outer loop
      vertex 148.965 -101.349 3
      vertex 148.798 -101.202 16
      vertex 148.965 -101.349 16
    endloop
  endfacet
  facet normal 0.660729 0.750624 0
    outer loop
      vertex 148.798 -101.202 16
      vertex 148.965 -101.349 3
      vertex 148.798 -101.202 3
    endloop
  endfacet
  facet normal 0.832604 -0.553869 0
    outer loop
      vertex 148.528 -99.15 16
      vertex 148.651 -98.9651 3
      vertex 148.651 -98.9651 16
    endloop
  endfacet
  facet normal 0.832604 -0.553869 0
    outer loop
      vertex 148.651 -98.9651 3
      vertex 148.528 -99.15 16
      vertex 148.528 -99.15 3
    endloop
  endfacet
  facet normal 0.195251 -0.980753 0
    outer loop
      vertex 149.56 -98.3579 3
      vertex 149.778 -98.3145 16
      vertex 149.56 -98.3579 16
    endloop
  endfacet
  facet normal 0.195251 -0.980753 0
    outer loop
      vertex 149.778 -98.3145 16
      vertex 149.56 -98.3579 3
      vertex 149.778 -98.3145 3
    endloop
  endfacet
  facet normal -0.660729 0.750624 0
    outer loop
      vertex 151.202 -101.202 3
      vertex 151.035 -101.349 16
      vertex 151.202 -101.202 16
    endloop
  endfacet
  facet normal -0.660729 0.750624 0
    outer loop
      vertex 151.035 -101.349 16
      vertex 151.202 -101.202 3
      vertex 151.035 -101.349 3
    endloop
  endfacet
  facet normal -0.947598 -0.319466 0
    outer loop
      vertex 151.642 -99.56 3
      vertex 151.571 -99.3494 16
      vertex 151.571 -99.3494 3
    endloop
  endfacet
  facet normal -0.947598 -0.319466 0
    outer loop
      vertex 151.571 -99.3494 16
      vertex 151.642 -99.56 3
      vertex 151.642 -99.56 16
    endloop
  endfacet
  facet normal -0.751016 -0.660284 0
    outer loop
      vertex 151.349 -98.9651 3
      vertex 151.202 -98.7979 16
      vertex 151.202 -98.7979 3
    endloop
  endfacet
  facet normal -0.751016 -0.660284 0
    outer loop
      vertex 151.202 -98.7979 16
      vertex 151.349 -98.9651 3
      vertex 151.349 -98.9651 16
    endloop
  endfacet
  facet normal -0.750624 0.660729 0
    outer loop
      vertex 151.202 -101.202 3
      vertex 151.349 -101.035 16
      vertex 151.349 -101.035 3
    endloop
  endfacet
  facet normal -0.750624 0.660729 0
    outer loop
      vertex 151.349 -101.035 16
      vertex 151.202 -101.202 3
      vertex 151.202 -101.202 16
    endloop
  endfacet
  facet normal 0.947598 -0.319466 0
    outer loop
      vertex 148.358 -99.56 16
      vertex 148.429 -99.3494 3
      vertex 148.429 -99.3494 16
    endloop
  endfacet
  facet normal 0.947598 -0.319466 0
    outer loop
      vertex 148.429 -99.3494 3
      vertex 148.358 -99.56 16
      vertex 148.358 -99.56 3
    endloop
  endfacet
  facet normal -0.320937 -0.947101 0
    outer loop
      vertex 150.44 -98.3579 3
      vertex 150.651 -98.4294 16
      vertex 150.44 -98.3579 16
    endloop
  endfacet
  facet normal -0.320937 -0.947101 -0
    outer loop
      vertex 150.651 -98.4294 16
      vertex 150.44 -98.3579 3
      vertex 150.651 -98.4294 3
    endloop
  endfacet
  facet normal 0.0651764 -0.997874 0
    outer loop
      vertex 149.778 -98.3145 3
      vertex 150 -98.3 16
      vertex 149.778 -98.3145 16
    endloop
  endfacet
  facet normal 0.0651764 -0.997874 0
    outer loop
      vertex 150 -98.3 16
      vertex 149.778 -98.3145 3
      vertex 150 -98.3 3
    endloop
  endfacet
  facet normal 0.318922 0.947781 -0
    outer loop
      vertex 149.56 -101.642 3
      vertex 149.349 -101.571 16
      vertex 149.56 -101.642 16
    endloop
  endfacet
  facet normal 0.318922 0.947781 0
    outer loop
      vertex 149.349 -101.571 16
      vertex 149.56 -101.642 3
      vertex 149.349 -101.571 3
    endloop
  endfacet
  facet normal -0.947781 0.318922 0
    outer loop
      vertex 151.571 -100.651 3
      vertex 151.642 -100.44 16
      vertex 151.642 -100.44 3
    endloop
  endfacet
  facet normal -0.947781 0.318922 0
    outer loop
      vertex 151.642 -100.44 16
      vertex 151.571 -100.651 3
      vertex 151.571 -100.651 16
    endloop
  endfacet
  facet normal 0.750624 0.660729 0
    outer loop
      vertex 148.798 -101.202 16
      vertex 148.651 -101.035 3
      vertex 148.651 -101.035 16
    endloop
  endfacet
  facet normal 0.750624 0.660729 0
    outer loop
      vertex 148.651 -101.035 3
      vertex 148.798 -101.202 16
      vertex 148.798 -101.202 3
    endloop
  endfacet
  facet normal 0.443245 -0.8964 0
    outer loop
      vertex 149.15 -98.5278 3
      vertex 149.349 -98.4294 16
      vertex 149.15 -98.5278 16
    endloop
  endfacet
  facet normal 0.443245 -0.8964 0
    outer loop
      vertex 149.349 -98.4294 16
      vertex 149.15 -98.5278 3
      vertex 149.349 -98.4294 3
    endloop
  endfacet
  facet normal 0.0674139 0.997725 -0
    outer loop
      vertex 150 -101.7 3
      vertex 149.778 -101.685 16
      vertex 150 -101.7 16
    endloop
  endfacet
  facet normal 0.0674139 0.997725 0
    outer loop
      vertex 149.778 -101.685 16
      vertex 150 -101.7 3
      vertex 149.778 -101.685 3
    endloop
  endfacet
  facet normal -0.895681 -0.444696 0
    outer loop
      vertex 151.571 -99.3494 3
      vertex 151.472 -99.15 16
      vertex 151.472 -99.15 3
    endloop
  endfacet
  facet normal -0.895681 -0.444696 0
    outer loop
      vertex 151.472 -99.15 16
      vertex 151.571 -99.3494 3
      vertex 151.571 -99.3494 16
    endloop
  endfacet
  facet normal -0.555219 -0.831704 0
    outer loop
      vertex 150.85 -98.5278 3
      vertex 151.035 -98.6513 16
      vertex 150.85 -98.5278 16
    endloop
  endfacet
  facet normal -0.555219 -0.831704 -0
    outer loop
      vertex 151.035 -98.6513 16
      vertex 150.85 -98.5278 3
      vertex 151.035 -98.6513 3
    endloop
  endfacet
  facet normal 0.981113 -0.193434 0
    outer loop
      vertex 148.315 -99.7781 16
      vertex 148.358 -99.56 3
      vertex 148.358 -99.56 16
    endloop
  endfacet
  facet normal 0.981113 -0.193434 0
    outer loop
      vertex 148.358 -99.56 3
      vertex 148.315 -99.7781 16
      vertex 148.315 -99.7781 3
    endloop
  endfacet
  facet normal -0.193519 0.981097 0
    outer loop
      vertex 150.44 -101.642 3
      vertex 150.222 -101.685 16
      vertex 150.44 -101.642 16
    endloop
  endfacet
  facet normal -0.193519 0.981097 0
    outer loop
      vertex 150.222 -101.685 16
      vertex 150.44 -101.642 3
      vertex 150.222 -101.685 3
    endloop
  endfacet
  facet normal -0.832742 0.553661 0
    outer loop
      vertex 151.349 -101.035 3
      vertex 151.472 -100.85 16
      vertex 151.472 -100.85 3
    endloop
  endfacet
  facet normal -0.832742 0.553661 0
    outer loop
      vertex 151.472 -100.85 16
      vertex 151.349 -101.035 3
      vertex 151.349 -101.035 16
    endloop
  endfacet
  facet normal -0.997723 -0.0674441 0
    outer loop
      vertex 151.7 -100 3
      vertex 151.685 -99.7781 16
      vertex 151.685 -99.7781 3
    endloop
  endfacet
  facet normal -0.997723 -0.0674441 0
    outer loop
      vertex 151.685 -99.7781 16
      vertex 151.7 -100 3
      vertex 151.7 -100 16
    endloop
  endfacet
  facet normal -0.318922 0.947781 0
    outer loop
      vertex 150.651 -101.571 3
      vertex 150.44 -101.642 16
      vertex 150.651 -101.571 16
    endloop
  endfacet
  facet normal -0.318922 0.947781 0
    outer loop
      vertex 150.44 -101.642 16
      vertex 150.651 -101.571 3
      vertex 150.44 -101.642 3
    endloop
  endfacet
  facet normal -0.553661 0.832742 0
    outer loop
      vertex 151.035 -101.349 3
      vertex 150.85 -101.472 16
      vertex 151.035 -101.349 16
    endloop
  endfacet
  facet normal -0.553661 0.832742 0
    outer loop
      vertex 150.85 -101.472 16
      vertex 151.035 -101.349 3
      vertex 150.85 -101.472 3
    endloop
  endfacet
  facet normal 0.193519 0.981097 -0
    outer loop
      vertex 149.778 -101.685 3
      vertex 149.56 -101.642 16
      vertex 149.778 -101.685 16
    endloop
  endfacet
  facet normal 0.193519 0.981097 0
    outer loop
      vertex 149.56 -101.642 16
      vertex 149.778 -101.685 3
      vertex 149.56 -101.642 3
    endloop
  endfacet
  facet normal -0.659714 -0.751516 0
    outer loop
      vertex 151.035 -98.6513 3
      vertex 151.202 -98.7979 16
      vertex 151.035 -98.6513 16
    endloop
  endfacet
  facet normal -0.659714 -0.751516 -0
    outer loop
      vertex 151.202 -98.7979 16
      vertex 151.035 -98.6513 3
      vertex 151.202 -98.7979 3
    endloop
  endfacet
  facet normal 0.895325 0.445413 0
    outer loop
      vertex 148.528 -100.85 16
      vertex 148.429 -100.651 3
      vertex 148.429 -100.651 16
    endloop
  endfacet
  facet normal 0.895325 0.445413 0
    outer loop
      vertex 148.429 -100.651 3
      vertex 148.528 -100.85 16
      vertex 148.528 -100.85 3
    endloop
  endfacet
  facet normal -0.981113 -0.193434 0
    outer loop
      vertex 151.685 -99.7781 3
      vertex 151.642 -99.56 16
      vertex 151.642 -99.56 3
    endloop
  endfacet
  facet normal -0.981113 -0.193434 0
    outer loop
      vertex 151.642 -99.56 16
      vertex 151.685 -99.7781 3
      vertex 151.685 -99.7781 16
    endloop
  endfacet
  facet normal -0.195251 -0.980753 0
    outer loop
      vertex 150.222 -98.3145 3
      vertex 150.44 -98.3579 16
      vertex 150.222 -98.3145 16
    endloop
  endfacet
  facet normal -0.195251 -0.980753 -0
    outer loop
      vertex 150.44 -98.3579 16
      vertex 150.222 -98.3145 3
      vertex 150.44 -98.3579 3
    endloop
  endfacet
  facet normal 0.659714 -0.751516 0
    outer loop
      vertex 148.798 -98.7979 3
      vertex 148.965 -98.6513 16
      vertex 148.798 -98.7979 16
    endloop
  endfacet
  facet normal 0.659714 -0.751516 0
    outer loop
      vertex 148.965 -98.6513 16
      vertex 148.798 -98.7979 3
      vertex 148.965 -98.6513 3
    endloop
  endfacet
  facet normal 0.751016 -0.660284 0
    outer loop
      vertex 148.651 -98.9651 16
      vertex 148.798 -98.7979 3
      vertex 148.798 -98.7979 16
    endloop
  endfacet
  facet normal 0.751016 -0.660284 0
    outer loop
      vertex 148.798 -98.7979 3
      vertex 148.651 -98.9651 16
      vertex 148.651 -98.9651 3
    endloop
  endfacet
  facet normal -0.0674139 0.997725 0
    outer loop
      vertex 150.222 -101.685 3
      vertex 150 -101.7 16
      vertex 150.222 -101.685 16
    endloop
  endfacet
  facet normal -0.0674139 0.997725 0
    outer loop
      vertex 150 -101.7 16
      vertex 150.222 -101.685 3
      vertex 150 -101.7 3
    endloop
  endfacet
  facet normal -0.445413 0.895325 0
    outer loop
      vertex 150.85 -101.472 3
      vertex 150.651 -101.571 16
      vertex 150.85 -101.472 16
    endloop
  endfacet
  facet normal -0.445413 0.895325 0
    outer loop
      vertex 150.651 -101.571 16
      vertex 150.85 -101.472 3
      vertex 150.651 -101.571 3
    endloop
  endfacet
  facet normal -0.832604 -0.553869 0
    outer loop
      vertex 151.472 -99.15 3
      vertex 151.349 -98.9651 16
      vertex 151.349 -98.9651 3
    endloop
  endfacet
  facet normal -0.832604 -0.553869 0
    outer loop
      vertex 151.349 -98.9651 16
      vertex 151.472 -99.15 3
      vertex 151.472 -99.15 16
    endloop
  endfacet
  facet normal 0.997723 -0.0674441 0
    outer loop
      vertex 148.3 -100 16
      vertex 148.315 -99.7781 3
      vertex 148.315 -99.7781 16
    endloop
  endfacet
  facet normal 0.997723 -0.0674441 0
    outer loop
      vertex 148.315 -99.7781 3
      vertex 148.3 -100 16
      vertex 148.3 -100 3
    endloop
  endfacet
  facet normal -0.443245 -0.8964 0
    outer loop
      vertex 150.651 -98.4294 3
      vertex 150.85 -98.5278 16
      vertex 150.651 -98.4294 16
    endloop
  endfacet
  facet normal -0.443245 -0.8964 -0
    outer loop
      vertex 150.85 -98.5278 16
      vertex 150.651 -98.4294 3
      vertex 150.85 -98.5278 3
    endloop
  endfacet
  facet normal 0.981097 0.193519 0
    outer loop
      vertex 148.358 -100.44 16
      vertex 148.315 -100.222 3
      vertex 148.315 -100.222 16
    endloop
  endfacet
  facet normal 0.981097 0.193519 0
    outer loop
      vertex 148.315 -100.222 3
      vertex 148.358 -100.44 16
      vertex 148.358 -100.44 3
    endloop
  endfacet
  facet normal 0.895681 -0.444696 0
    outer loop
      vertex 148.429 -99.3494 16
      vertex 148.528 -99.15 3
      vertex 148.528 -99.15 16
    endloop
  endfacet
  facet normal 0.895681 -0.444696 0
    outer loop
      vertex 148.528 -99.15 3
      vertex 148.429 -99.3494 16
      vertex 148.429 -99.3494 3
    endloop
  endfacet
  facet normal 0.947781 0.318922 0
    outer loop
      vertex 148.429 -100.651 16
      vertex 148.358 -100.44 3
      vertex 148.358 -100.44 16
    endloop
  endfacet
  facet normal 0.947781 0.318922 0
    outer loop
      vertex 148.358 -100.44 3
      vertex 148.429 -100.651 16
      vertex 148.429 -100.651 3
    endloop
  endfacet
  facet normal 0.553661 0.832742 -0
    outer loop
      vertex 149.15 -101.472 3
      vertex 148.965 -101.349 16
      vertex 149.15 -101.472 16
    endloop
  endfacet
  facet normal 0.553661 0.832742 0
    outer loop
      vertex 148.965 -101.349 16
      vertex 149.15 -101.472 3
      vertex 148.965 -101.349 3
    endloop
  endfacet
  facet normal -0.895325 0.445413 0
    outer loop
      vertex 151.472 -100.85 3
      vertex 151.571 -100.651 16
      vertex 151.571 -100.651 3
    endloop
  endfacet
  facet normal -0.895325 0.445413 0
    outer loop
      vertex 151.571 -100.651 16
      vertex 151.472 -100.85 3
      vertex 151.472 -100.85 16
    endloop
  endfacet
  facet normal 0.997725 0.0674139 0
    outer loop
      vertex 148.315 -100.222 16
      vertex 148.3 -100 3
      vertex 148.3 -100 16
    endloop
  endfacet
  facet normal 0.997725 0.0674139 0
    outer loop
      vertex 148.3 -100 3
      vertex 148.315 -100.222 16
      vertex 148.315 -100.222 3
    endloop
  endfacet
  facet normal 0.320937 -0.947101 0
    outer loop
      vertex 149.349 -98.4294 3
      vertex 149.56 -98.3579 16
      vertex 149.349 -98.4294 16
    endloop
  endfacet
  facet normal 0.320937 -0.947101 0
    outer loop
      vertex 149.56 -98.3579 16
      vertex 149.349 -98.4294 3
      vertex 149.56 -98.3579 3
    endloop
  endfacet
  facet normal 0.445413 0.895325 -0
    outer loop
      vertex 149.349 -101.571 3
      vertex 149.15 -101.472 16
      vertex 149.349 -101.571 16
    endloop
  endfacet
  facet normal 0.445413 0.895325 0
    outer loop
      vertex 149.15 -101.472 16
      vertex 149.349 -101.571 3
      vertex 149.15 -101.472 3
    endloop
  endfacet
  facet normal 0.832742 0.553661 0
    outer loop
      vertex 148.651 -101.035 16
      vertex 148.528 -100.85 3
      vertex 148.528 -100.85 16
    endloop
  endfacet
  facet normal 0.832742 0.553661 0
    outer loop
      vertex 148.528 -100.85 3
      vertex 148.651 -101.035 16
      vertex 148.651 -101.035 3
    endloop
  endfacet
  facet normal 0.555219 -0.831704 0
    outer loop
      vertex 148.965 -98.6513 3
      vertex 149.15 -98.5278 16
      vertex 148.965 -98.6513 16
    endloop
  endfacet
  facet normal 0.555219 -0.831704 0
    outer loop
      vertex 149.15 -98.5278 16
      vertex 148.965 -98.6513 3
      vertex 149.15 -98.5278 3
    endloop
  endfacet
  facet normal -0.441882 -0.897073 0
    outer loop
      vertex 151.186 -97.136 0
      vertex 151.55 -97.3153 3
      vertex 151.186 -97.136 3
    endloop
  endfacet
  facet normal -0.441882 -0.897073 -0
    outer loop
      vertex 151.55 -97.3153 3
      vertex 151.186 -97.136 0
      vertex 151.55 -97.3153 0
    endloop
  endfacet
  facet normal -0.98077 0.195166 0
    outer loop
      vertex 152.994 -100.802 0
      vertex 153.073 -100.405 3
      vertex 153.073 -100.405 0
    endloop
  endfacet
  facet normal -0.98077 0.195166 0
    outer loop
      vertex 153.073 -100.405 3
      vertex 152.994 -100.802 0
      vertex 152.994 -100.802 3
    endloop
  endfacet
  facet normal -0.997785 0.066519 0
    outer loop
      vertex 153.073 -100.405 0
      vertex 153.1 -100 3
      vertex 153.1 -100 0
    endloop
  endfacet
  facet normal -0.997785 0.066519 0
    outer loop
      vertex 153.1 -100 3
      vertex 153.073 -100.405 0
      vertex 153.073 -100.405 3
    endloop
  endfacet
  facet normal -0.947193 0.320664 0
    outer loop
      vertex 152.864 -101.186 0
      vertex 152.994 -100.802 3
      vertex 152.994 -100.802 0
    endloop
  endfacet
  facet normal -0.947193 0.320664 0
    outer loop
      vertex 152.994 -100.802 3
      vertex 152.864 -101.186 0
      vertex 152.864 -101.186 3
    endloop
  endfacet
  facet normal -0.75221 -0.658924 0
    outer loop
      vertex 152.459 -98.1128 0
      vertex 152.192 -97.808 3
      vertex 152.192 -97.808 0
    endloop
  endfacet
  facet normal -0.75221 -0.658924 0
    outer loop
      vertex 152.192 -97.808 3
      vertex 152.459 -98.1128 0
      vertex 152.459 -98.1128 3
    endloop
  endfacet
  facet normal -0.320664 0.947193 0
    outer loop
      vertex 151.186 -102.864 0
      vertex 150.802 -102.994 3
      vertex 151.186 -102.864 3
    endloop
  endfacet
  facet normal -0.320664 0.947193 0
    outer loop
      vertex 150.802 -102.994 3
      vertex 151.186 -102.864 0
      vertex 150.802 -102.994 0
    endloop
  endfacet
  facet normal -0.556973 0.830531 0
    outer loop
      vertex 151.887 -102.459 0
      vertex 151.55 -102.685 3
      vertex 151.887 -102.459 3
    endloop
  endfacet
  facet normal -0.556973 0.830531 0
    outer loop
      vertex 151.55 -102.685 3
      vertex 151.887 -102.459 0
      vertex 151.55 -102.685 0
    endloop
  endfacet
  facet normal -0.897222 -0.44158 0
    outer loop
      vertex 152.864 -98.8137 0
      vertex 152.685 -98.45 3
      vertex 152.685 -98.45 0
    endloop
  endfacet
  facet normal -0.897222 -0.44158 0
    outer loop
      vertex 152.685 -98.45 3
      vertex 152.864 -98.8137 0
      vertex 152.864 -98.8137 3
    endloop
  endfacet
  facet normal -0.321549 -0.946893 0
    outer loop
      vertex 150.802 -97.0056 0
      vertex 151.186 -97.136 3
      vertex 150.802 -97.0056 3
    endloop
  endfacet
  facet normal -0.321549 -0.946893 -0
    outer loop
      vertex 151.186 -97.136 3
      vertex 150.802 -97.0056 0
      vertex 151.186 -97.136 0
    endloop
  endfacet
  facet normal -0.897366 0.441287 0
    outer loop
      vertex 152.685 -101.55 0
      vertex 152.864 -101.186 3
      vertex 152.864 -101.186 0
    endloop
  endfacet
  facet normal -0.897366 0.441287 0
    outer loop
      vertex 152.864 -101.186 3
      vertex 152.685 -101.55 0
      vertex 152.685 -101.55 3
    endloop
  endfacet
  facet normal 0.195166 0.98077 -0
    outer loop
      vertex 149.595 -103.073 0
      vertex 149.198 -102.994 3
      vertex 149.595 -103.073 3
    endloop
  endfacet
  facet normal 0.195166 0.98077 0
    outer loop
      vertex 149.198 -102.994 3
      vertex 149.595 -103.073 0
      vertex 149.198 -102.994 0
    endloop
  endfacet
  facet normal 0.0652925 -0.997866 0
    outer loop
      vertex 149.595 -96.9265 0
      vertex 150 -96.9 3
      vertex 149.595 -96.9265 3
    endloop
  endfacet
  facet normal 0.0652925 -0.997866 0
    outer loop
      vertex 150 -96.9 3
      vertex 149.595 -96.9265 0
      vertex 150 -96.9 0
    endloop
  endfacet
  facet normal 0.556973 0.830531 -0
    outer loop
      vertex 148.45 -102.685 0
      vertex 148.113 -102.459 3
      vertex 148.45 -102.685 3
    endloop
  endfacet
  facet normal 0.556973 0.830531 0
    outer loop
      vertex 148.113 -102.459 3
      vertex 148.45 -102.685 0
      vertex 148.113 -102.459 0
    endloop
  endfacet
  facet normal 0.321549 -0.946893 0
    outer loop
      vertex 148.814 -97.136 0
      vertex 149.198 -97.0056 3
      vertex 148.814 -97.136 3
    endloop
  endfacet
  facet normal 0.321549 -0.946893 0
    outer loop
      vertex 149.198 -97.0056 3
      vertex 148.814 -97.136 0
      vertex 149.198 -97.0056 0
    endloop
  endfacet
  facet normal -0.947193 -0.320664 0
    outer loop
      vertex 152.994 -99.1977 0
      vertex 152.864 -98.8137 3
      vertex 152.864 -98.8137 0
    endloop
  endfacet
  facet normal -0.947193 -0.320664 0
    outer loop
      vertex 152.864 -98.8137 3
      vertex 152.994 -99.1977 0
      vertex 152.994 -99.1977 3
    endloop
  endfacet
  facet normal 0.830683 -0.556745 0
    outer loop
      vertex 147.315 -98.45 3
      vertex 147.541 -98.1128 0
      vertex 147.541 -98.1128 3
    endloop
  endfacet
  facet normal 0.830683 -0.556745 0
    outer loop
      vertex 147.541 -98.1128 0
      vertex 147.315 -98.45 3
      vertex 147.315 -98.45 0
    endloop
  endfacet
  facet normal 0.659237 -0.751935 0
    outer loop
      vertex 147.808 -97.808 0
      vertex 148.113 -97.5406 3
      vertex 147.808 -97.808 3
    endloop
  endfacet
  facet normal 0.659237 -0.751935 0
    outer loop
      vertex 148.113 -97.5406 3
      vertex 147.808 -97.808 0
      vertex 148.113 -97.5406 0
    endloop
  endfacet
  facet normal 0.658679 0.752424 -0
    outer loop
      vertex 148.113 -102.459 0
      vertex 147.808 -102.192 3
      vertex 148.113 -102.459 3
    endloop
  endfacet
  facet normal 0.658679 0.752424 0
    outer loop
      vertex 147.808 -102.192 3
      vertex 148.113 -102.459 0
      vertex 147.808 -102.192 0
    endloop
  endfacet
  facet normal 0.947193 0.320664 0
    outer loop
      vertex 147.136 -101.186 3
      vertex 147.006 -100.802 0
      vertex 147.006 -100.802 3
    endloop
  endfacet
  facet normal 0.947193 0.320664 0
    outer loop
      vertex 147.006 -100.802 0
      vertex 147.136 -101.186 3
      vertex 147.136 -101.186 0
    endloop
  endfacet
  facet normal 0.441287 0.897366 -0
    outer loop
      vertex 148.814 -102.864 0
      vertex 148.45 -102.685 3
      vertex 148.814 -102.864 3
    endloop
  endfacet
  facet normal 0.441287 0.897366 0
    outer loop
      vertex 148.45 -102.685 3
      vertex 148.814 -102.864 0
      vertex 148.45 -102.685 0
    endloop
  endfacet
  facet normal 0.98077 0.195166 0
    outer loop
      vertex 147.006 -100.802 3
      vertex 146.927 -100.405 0
      vertex 146.927 -100.405 3
    endloop
  endfacet
  facet normal 0.98077 0.195166 0
    outer loop
      vertex 146.927 -100.405 0
      vertex 147.006 -100.802 3
      vertex 147.006 -100.802 0
    endloop
  endfacet
  facet normal 0.320664 0.947193 -0
    outer loop
      vertex 149.198 -102.994 0
      vertex 148.814 -102.864 3
      vertex 149.198 -102.994 3
    endloop
  endfacet
  facet normal 0.320664 0.947193 0
    outer loop
      vertex 148.814 -102.864 3
      vertex 149.198 -102.994 0
      vertex 148.814 -102.864 0
    endloop
  endfacet
  facet normal -0.659237 -0.751935 0
    outer loop
      vertex 151.887 -97.5406 0
      vertex 152.192 -97.808 3
      vertex 151.887 -97.5406 3
    endloop
  endfacet
  facet normal -0.659237 -0.751935 -0
    outer loop
      vertex 152.192 -97.808 3
      vertex 151.887 -97.5406 0
      vertex 152.192 -97.808 0
    endloop
  endfacet
  facet normal -0.066519 0.997785 0
    outer loop
      vertex 150.405 -103.073 0
      vertex 150 -103.1 3
      vertex 150.405 -103.073 3
    endloop
  endfacet
  facet normal -0.066519 0.997785 0
    outer loop
      vertex 150 -103.1 3
      vertex 150.405 -103.073 0
      vertex 150 -103.1 0
    endloop
  endfacet
  facet normal -0.830531 0.556973 0
    outer loop
      vertex 152.459 -101.887 0
      vertex 152.685 -101.55 3
      vertex 152.685 -101.55 0
    endloop
  endfacet
  facet normal -0.830531 0.556973 0
    outer loop
      vertex 152.685 -101.55 3
      vertex 152.459 -101.887 0
      vertex 152.459 -101.887 3
    endloop
  endfacet
  facet normal -0.195403 -0.980723 0
    outer loop
      vertex 150.405 -96.9265 0
      vertex 150.802 -97.0056 3
      vertex 150.405 -96.9265 3
    endloop
  endfacet
  facet normal -0.195403 -0.980723 -0
    outer loop
      vertex 150.802 -97.0056 3
      vertex 150.405 -96.9265 0
      vertex 150.802 -97.0056 0
    endloop
  endfacet
  facet normal 0.980836 -0.194835 0
    outer loop
      vertex 146.927 -99.5954 3
      vertex 147.006 -99.1977 0
      vertex 147.006 -99.1977 3
    endloop
  endfacet
  facet normal 0.980836 -0.194835 0
    outer loop
      vertex 147.006 -99.1977 0
      vertex 146.927 -99.5954 3
      vertex 146.927 -99.5954 0
    endloop
  endfacet
  facet normal 0.752424 0.658679 0
    outer loop
      vertex 147.808 -102.192 3
      vertex 147.541 -101.887 0
      vertex 147.541 -101.887 3
    endloop
  endfacet
  facet normal 0.752424 0.658679 0
    outer loop
      vertex 147.541 -101.887 0
      vertex 147.808 -102.192 3
      vertex 147.808 -102.192 0
    endloop
  endfacet
  facet normal -0.658679 0.752424 0
    outer loop
      vertex 152.192 -102.192 0
      vertex 151.887 -102.459 3
      vertex 152.192 -102.192 3
    endloop
  endfacet
  facet normal -0.658679 0.752424 0
    outer loop
      vertex 151.887 -102.459 3
      vertex 152.192 -102.192 0
      vertex 151.887 -102.459 0
    endloop
  endfacet
  facet normal -0.997781 -0.0665845 0
    outer loop
      vertex 153.1 -100 0
      vertex 153.073 -99.5954 3
      vertex 153.073 -99.5954 0
    endloop
  endfacet
  facet normal -0.997781 -0.0665845 0
    outer loop
      vertex 153.073 -99.5954 3
      vertex 153.1 -100 0
      vertex 153.1 -100 3
    endloop
  endfacet
  facet normal -0.980836 -0.194835 0
    outer loop
      vertex 153.073 -99.5954 0
      vertex 152.994 -99.1977 3
      vertex 152.994 -99.1977 0
    endloop
  endfacet
  facet normal -0.980836 -0.194835 0
    outer loop
      vertex 152.994 -99.1977 3
      vertex 153.073 -99.5954 0
      vertex 153.073 -99.5954 3
    endloop
  endfacet
  facet normal -0.555781 -0.831329 0
    outer loop
      vertex 151.55 -97.3153 0
      vertex 151.887 -97.5406 3
      vertex 151.55 -97.3153 3
    endloop
  endfacet
  facet normal -0.555781 -0.831329 -0
    outer loop
      vertex 151.887 -97.5406 3
      vertex 151.55 -97.3153 0
      vertex 151.887 -97.5406 0
    endloop
  endfacet
  facet normal -0.195166 0.98077 0
    outer loop
      vertex 150.802 -102.994 0
      vertex 150.405 -103.073 3
      vertex 150.802 -102.994 3
    endloop
  endfacet
  facet normal -0.195166 0.98077 0
    outer loop
      vertex 150.405 -103.073 3
      vertex 150.802 -102.994 0
      vertex 150.405 -103.073 0
    endloop
  endfacet
  facet normal -0.752424 0.658679 0
    outer loop
      vertex 152.192 -102.192 0
      vertex 152.459 -101.887 3
      vertex 152.459 -101.887 0
    endloop
  endfacet
  facet normal -0.752424 0.658679 0
    outer loop
      vertex 152.459 -101.887 3
      vertex 152.192 -102.192 0
      vertex 152.192 -102.192 3
    endloop
  endfacet
  facet normal -0.441287 0.897366 0
    outer loop
      vertex 151.55 -102.685 0
      vertex 151.186 -102.864 3
      vertex 151.55 -102.685 3
    endloop
  endfacet
  facet normal -0.441287 0.897366 0
    outer loop
      vertex 151.186 -102.864 3
      vertex 151.55 -102.685 0
      vertex 151.186 -102.864 0
    endloop
  endfacet
  facet normal 0.997781 -0.0665845 0
    outer loop
      vertex 146.9 -100 3
      vertex 146.927 -99.5954 0
      vertex 146.927 -99.5954 3
    endloop
  endfacet
  facet normal 0.997781 -0.0665845 0
    outer loop
      vertex 146.927 -99.5954 0
      vertex 146.9 -100 3
      vertex 146.9 -100 0
    endloop
  endfacet
  facet normal -0.830683 -0.556745 0
    outer loop
      vertex 152.685 -98.45 0
      vertex 152.459 -98.1128 3
      vertex 152.459 -98.1128 0
    endloop
  endfacet
  facet normal -0.830683 -0.556745 0
    outer loop
      vertex 152.459 -98.1128 3
      vertex 152.685 -98.45 0
      vertex 152.685 -98.45 3
    endloop
  endfacet
  facet normal 0.75221 -0.658924 0
    outer loop
      vertex 147.541 -98.1128 3
      vertex 147.808 -97.808 0
      vertex 147.808 -97.808 3
    endloop
  endfacet
  facet normal 0.75221 -0.658924 0
    outer loop
      vertex 147.808 -97.808 0
      vertex 147.541 -98.1128 3
      vertex 147.541 -98.1128 0
    endloop
  endfacet
  facet normal 0.997785 0.066519 0
    outer loop
      vertex 146.927 -100.405 3
      vertex 146.9 -100 0
      vertex 146.9 -100 3
    endloop
  endfacet
  facet normal 0.997785 0.066519 0
    outer loop
      vertex 146.9 -100 0
      vertex 146.927 -100.405 3
      vertex 146.927 -100.405 0
    endloop
  endfacet
  facet normal 0.441882 -0.897073 0
    outer loop
      vertex 148.45 -97.3153 0
      vertex 148.814 -97.136 3
      vertex 148.45 -97.3153 3
    endloop
  endfacet
  facet normal 0.441882 -0.897073 0
    outer loop
      vertex 148.814 -97.136 3
      vertex 148.45 -97.3153 0
      vertex 148.814 -97.136 0
    endloop
  endfacet
  facet normal 0.947193 -0.320664 0
    outer loop
      vertex 147.006 -99.1977 3
      vertex 147.136 -98.8137 0
      vertex 147.136 -98.8137 3
    endloop
  endfacet
  facet normal 0.947193 -0.320664 0
    outer loop
      vertex 147.136 -98.8137 0
      vertex 147.006 -99.1977 3
      vertex 147.006 -99.1977 0
    endloop
  endfacet
  facet normal 0.195403 -0.980723 0
    outer loop
      vertex 149.198 -97.0056 0
      vertex 149.595 -96.9265 3
      vertex 149.198 -97.0056 3
    endloop
  endfacet
  facet normal 0.195403 -0.980723 0
    outer loop
      vertex 149.595 -96.9265 3
      vertex 149.198 -97.0056 0
      vertex 149.595 -96.9265 0
    endloop
  endfacet
  facet normal -0.0652925 -0.997866 0
    outer loop
      vertex 150 -96.9 0
      vertex 150.405 -96.9265 3
      vertex 150 -96.9 3
    endloop
  endfacet
  facet normal -0.0652925 -0.997866 -0
    outer loop
      vertex 150.405 -96.9265 3
      vertex 150 -96.9 0
      vertex 150.405 -96.9265 0
    endloop
  endfacet
  facet normal 0.066519 0.997785 -0
    outer loop
      vertex 150 -103.1 0
      vertex 149.595 -103.073 3
      vertex 150 -103.1 3
    endloop
  endfacet
  facet normal 0.066519 0.997785 0
    outer loop
      vertex 149.595 -103.073 3
      vertex 150 -103.1 0
      vertex 149.595 -103.073 0
    endloop
  endfacet
  facet normal 0 0 -1
    outer loop
      vertex 151.7 -100 3
      vertex 153.1 -100 3
      vertex 153.073 -100.405 3
    endloop
  endfacet
  facet normal 0 0 -1
    outer loop
      vertex 151.685 -100.222 3
      vertex 153.073 -100.405 3
      vertex 152.994 -100.802 3
    endloop
  endfacet
  facet normal 0 0 -1
    outer loop
      vertex 153.1 -100 3
      vertex 151.7 -100 3
      vertex 153.073 -99.5954 3
    endloop
  endfacet
  facet normal 0 0 -1
    outer loop
      vertex 151.642 -100.44 3
      vertex 152.994 -100.802 3
      vertex 152.864 -101.186 3
    endloop
  endfacet
  facet normal 0 0 -1
    outer loop
      vertex 151.685 -99.7781 3
      vertex 153.073 -99.5954 3
      vertex 151.7 -100 3
    endloop
  endfacet
  facet normal 0 0 -1
    outer loop
      vertex 151.571 -100.651 3
      vertex 152.864 -101.186 3
      vertex 152.685 -101.55 3
    endloop
  endfacet
  facet normal -0 0 -1
    outer loop
      vertex 153.073 -99.5954 3
      vertex 151.685 -99.7781 3
      vertex 152.994 -99.1977 3
    endloop
  endfacet
  facet normal 0 0 -1
    outer loop
      vertex 151.472 -100.85 3
      vertex 152.685 -101.55 3
      vertex 152.459 -101.887 3
    endloop
  endfacet
  facet normal 0 0 -1
    outer loop
      vertex 151.642 -99.56 3
      vertex 152.994 -99.1977 3
      vertex 151.685 -99.7781 3
    endloop
  endfacet
  facet normal 0 0 -1
    outer loop
      vertex 151.349 -101.035 3
      vertex 152.459 -101.887 3
      vertex 152.192 -102.192 3
    endloop
  endfacet
  facet normal -0 0 -1
    outer loop
      vertex 152.994 -99.1977 3
      vertex 151.642 -99.56 3
      vertex 152.864 -98.8137 3
    endloop
  endfacet
  facet normal 0 0 -1
    outer loop
      vertex 151.202 -101.202 3
      vertex 152.192 -102.192 3
      vertex 151.887 -102.459 3
    endloop
  endfacet
  facet normal 0 0 -1
    outer loop
      vertex 151.571 -99.3494 3
      vertex 152.864 -98.8137 3
      vertex 151.642 -99.56 3
    endloop
  endfacet
  facet normal -0 0 -1
    outer loop
      vertex 152.864 -98.8137 3
      vertex 151.571 -99.3494 3
      vertex 152.685 -98.45 3
    endloop
  endfacet
  facet normal 0 0 -1
    outer loop
      vertex 153.073 -100.405 3
      vertex 151.685 -100.222 3
      vertex 151.7 -100 3
    endloop
  endfacet
  facet normal 0 0 -1
    outer loop
      vertex 152.994 -100.802 3
      vertex 151.642 -100.44 3
      vertex 151.685 -100.222 3
    endloop
  endfacet
  facet normal 0 0 -1
    outer loop
      vertex 152.864 -101.186 3
      vertex 151.571 -100.651 3
      vertex 151.642 -100.44 3
    endloop
  endfacet
  facet normal 0 0 -1
    outer loop
      vertex 151.035 -101.349 3
      vertex 151.887 -102.459 3
      vertex 151.55 -102.685 3
    endloop
  endfacet
  facet normal 0 0 -1
    outer loop
      vertex 152.685 -101.55 3
      vertex 151.472 -100.85 3
      vertex 151.571 -100.651 3
    endloop
  endfacet
  facet normal 0 0 -1
    outer loop
      vertex 152.459 -101.887 3
      vertex 151.349 -101.035 3
      vertex 151.472 -100.85 3
    endloop
  endfacet
  facet normal 0 0 -1
    outer loop
      vertex 152.192 -102.192 3
      vertex 151.202 -101.202 3
      vertex 151.349 -101.035 3
    endloop
  endfacet
  facet normal 0 0 -1
    outer loop
      vertex 150.85 -101.472 3
      vertex 151.55 -102.685 3
      vertex 151.186 -102.864 3
    endloop
  endfacet
  facet normal 0 0 -1
    outer loop
      vertex 151.887 -102.459 3
      vertex 151.035 -101.349 3
      vertex 151.202 -101.202 3
    endloop
  endfacet
  facet normal 0 0 -1
    outer loop
      vertex 151.55 -102.685 3
      vertex 150.85 -101.472 3
      vertex 151.035 -101.349 3
    endloop
  endfacet
  facet normal 0 0 -1
    outer loop
      vertex 150.651 -101.571 3
      vertex 151.186 -102.864 3
      vertex 150.802 -102.994 3
    endloop
  endfacet
  facet normal 0 0 -1
    outer loop
      vertex 151.186 -102.864 3
      vertex 150.651 -101.571 3
      vertex 150.85 -101.472 3
    endloop
  endfacet
  facet normal 0 0 -1
    outer loop
      vertex 150.802 -102.994 3
      vertex 150.44 -101.642 3
      vertex 150.651 -101.571 3
    endloop
  endfacet
  facet normal 0 0 -1
    outer loop
      vertex 150.405 -103.073 3
      vertex 150.44 -101.642 3
      vertex 150.802 -102.994 3
    endloop
  endfacet
  facet normal 0 0 -1
    outer loop
      vertex 150.405 -103.073 3
      vertex 150.222 -101.685 3
      vertex 150.44 -101.642 3
    endloop
  endfacet
  facet normal 0 0 -1
    outer loop
      vertex 150 -103.1 3
      vertex 150.222 -101.685 3
      vertex 150.405 -103.073 3
    endloop
  endfacet
  facet normal 0 0 -1
    outer loop
      vertex 150 -103.1 3
      vertex 150 -101.7 3
      vertex 150.222 -101.685 3
    endloop
  endfacet
  facet normal 0 0 -1
    outer loop
      vertex 150 -103.1 3
      vertex 149.778 -101.685 3
      vertex 150 -101.7 3
    endloop
  endfacet
  facet normal 0 0 -1
    outer loop
      vertex 149.595 -103.073 3
      vertex 149.778 -101.685 3
      vertex 150 -103.1 3
    endloop
  endfacet
  facet normal 0 0 -1
    outer loop
      vertex 149.595 -103.073 3
      vertex 149.56 -101.642 3
      vertex 149.778 -101.685 3
    endloop
  endfacet
  facet normal 0 0 -1
    outer loop
      vertex 149.198 -102.994 3
      vertex 149.56 -101.642 3
      vertex 149.595 -103.073 3
    endloop
  endfacet
  facet normal -0 0 -1
    outer loop
      vertex 149.56 -101.642 3
      vertex 149.198 -102.994 3
      vertex 149.349 -101.571 3
    endloop
  endfacet
  facet normal 0 0 -1
    outer loop
      vertex 148.814 -102.864 3
      vertex 149.349 -101.571 3
      vertex 149.198 -102.994 3
    endloop
  endfacet
  facet normal -0 0 -1
    outer loop
      vertex 149.349 -101.571 3
      vertex 148.814 -102.864 3
      vertex 149.15 -101.472 3
    endloop
  endfacet
  facet normal 0 0 -1
    outer loop
      vertex 148.45 -102.685 3
      vertex 149.15 -101.472 3
      vertex 148.814 -102.864 3
    endloop
  endfacet
  facet normal -0 0 -1
    outer loop
      vertex 149.15 -101.472 3
      vertex 148.45 -102.685 3
      vertex 148.965 -101.349 3
    endloop
  endfacet
  facet normal 0 0 -1
    outer loop
      vertex 148.113 -102.459 3
      vertex 148.965 -101.349 3
      vertex 148.45 -102.685 3
    endloop
  endfacet
  facet normal -0 0 -1
    outer loop
      vertex 148.965 -101.349 3
      vertex 148.113 -102.459 3
      vertex 148.798 -101.202 3
    endloop
  endfacet
  facet normal 0 0 -1
    outer loop
      vertex 147.808 -102.192 3
      vertex 148.798 -101.202 3
      vertex 148.113 -102.459 3
    endloop
  endfacet
  facet normal -0 0 -1
    outer loop
      vertex 148.798 -101.202 3
      vertex 147.808 -102.192 3
      vertex 148.651 -101.035 3
    endloop
  endfacet
  facet normal 0 0 -1
    outer loop
      vertex 147.541 -101.887 3
      vertex 148.651 -101.035 3
      vertex 147.808 -102.192 3
    endloop
  endfacet
  facet normal -0 0 -1
    outer loop
      vertex 148.651 -101.035 3
      vertex 147.541 -101.887 3
      vertex 148.528 -100.85 3
    endloop
  endfacet
  facet normal 0 0 -1
    outer loop
      vertex 147.315 -101.55 3
      vertex 148.528 -100.85 3
      vertex 147.541 -101.887 3
    endloop
  endfacet
  facet normal -0 0 -1
    outer loop
      vertex 148.528 -100.85 3
      vertex 147.315 -101.55 3
      vertex 148.429 -100.651 3
    endloop
  endfacet
  facet normal 0 0 -1
    outer loop
      vertex 151.472 -99.15 3
      vertex 152.685 -98.45 3
      vertex 151.571 -99.3494 3
    endloop
  endfacet
  facet normal -0 0 -1
    outer loop
      vertex 152.685 -98.45 3
      vertex 151.472 -99.15 3
      vertex 152.459 -98.1128 3
    endloop
  endfacet
  facet normal 0 0 -1
    outer loop
      vertex 151.349 -98.9651 3
      vertex 152.459 -98.1128 3
      vertex 151.472 -99.15 3
    endloop
  endfacet
  facet normal -0 0 -1
    outer loop
      vertex 152.459 -98.1128 3
      vertex 151.349 -98.9651 3
      vertex 152.192 -97.808 3
    endloop
  endfacet
  facet normal 0 0 -1
    outer loop
      vertex 151.202 -98.7979 3
      vertex 152.192 -97.808 3
      vertex 151.349 -98.9651 3
    endloop
  endfacet
  facet normal -0 0 -1
    outer loop
      vertex 152.192 -97.808 3
      vertex 151.202 -98.7979 3
      vertex 151.887 -97.5406 3
    endloop
  endfacet
  facet normal 0 0 -1
    outer loop
      vertex 151.035 -98.6513 3
      vertex 151.887 -97.5406 3
      vertex 151.202 -98.7979 3
    endloop
  endfacet
  facet normal -0 0 -1
    outer loop
      vertex 151.887 -97.5406 3
      vertex 151.035 -98.6513 3
      vertex 151.55 -97.3153 3
    endloop
  endfacet
  facet normal 0 0 -1
    outer loop
      vertex 150.85 -98.5278 3
      vertex 151.55 -97.3153 3
      vertex 151.035 -98.6513 3
    endloop
  endfacet
  facet normal -0 0 -1
    outer loop
      vertex 151.55 -97.3153 3
      vertex 150.85 -98.5278 3
      vertex 151.186 -97.136 3
    endloop
  endfacet
  facet normal 0 0 -1
    outer loop
      vertex 150.651 -98.4294 3
      vertex 151.186 -97.136 3
      vertex 150.85 -98.5278 3
    endloop
  endfacet
  facet normal -0 0 -1
    outer loop
      vertex 151.186 -97.136 3
      vertex 150.651 -98.4294 3
      vertex 150.802 -97.0056 3
    endloop
  endfacet
  facet normal 0 0 -1
    outer loop
      vertex 150.44 -98.3579 3
      vertex 150.802 -97.0056 3
      vertex 150.651 -98.4294 3
    endloop
  endfacet
  facet normal 0 0 -1
    outer loop
      vertex 150.44 -98.3579 3
      vertex 150.405 -96.9265 3
      vertex 150.802 -97.0056 3
    endloop
  endfacet
  facet normal 0 0 -1
    outer loop
      vertex 150.222 -98.3145 3
      vertex 150.405 -96.9265 3
      vertex 150.44 -98.3579 3
    endloop
  endfacet
  facet normal 0 0 -1
    outer loop
      vertex 150 -98.3 3
      vertex 150.405 -96.9265 3
      vertex 150.222 -98.3145 3
    endloop
  endfacet
  facet normal 0 0 -1
    outer loop
      vertex 150 -98.3 3
      vertex 150 -96.9 3
      vertex 150.405 -96.9265 3
    endloop
  endfacet
  facet normal 0 0 -1
    outer loop
      vertex 149.778 -98.3145 3
      vertex 150 -96.9 3
      vertex 150 -98.3 3
    endloop
  endfacet
  facet normal 0 0 -1
    outer loop
      vertex 149.778 -98.3145 3
      vertex 149.595 -96.9265 3
      vertex 150 -96.9 3
    endloop
  endfacet
  facet normal 0 0 -1
    outer loop
      vertex 149.56 -98.3579 3
      vertex 149.595 -96.9265 3
      vertex 149.778 -98.3145 3
    endloop
  endfacet
  facet normal 0 0 -1
    outer loop
      vertex 149.198 -97.0056 3
      vertex 149.56 -98.3579 3
      vertex 149.349 -98.4294 3
    endloop
  endfacet
  facet normal 0 0 -1
    outer loop
      vertex 149.56 -98.3579 3
      vertex 149.198 -97.0056 3
      vertex 149.595 -96.9265 3
    endloop
  endfacet
  facet normal 0 0 -1
    outer loop
      vertex 148.814 -97.136 3
      vertex 149.349 -98.4294 3
      vertex 149.15 -98.5278 3
    endloop
  endfacet
  facet normal 0 0 -1
    outer loop
      vertex 148.45 -97.3153 3
      vertex 149.15 -98.5278 3
      vertex 148.965 -98.6513 3
    endloop
  endfacet
  facet normal 0 0 -1
    outer loop
      vertex 149.349 -98.4294 3
      vertex 148.814 -97.136 3
      vertex 149.198 -97.0056 3
    endloop
  endfacet
  facet normal 0 0 -1
    outer loop
      vertex 148.113 -97.5406 3
      vertex 148.965 -98.6513 3
      vertex 148.798 -98.7979 3
    endloop
  endfacet
  facet normal 0 0 -1
    outer loop
      vertex 147.808 -97.808 3
      vertex 148.798 -98.7979 3
      vertex 148.651 -98.9651 3
    endloop
  endfacet
  facet normal 0 0 -1
    outer loop
      vertex 147.541 -98.1128 3
      vertex 148.651 -98.9651 3
      vertex 148.528 -99.15 3
    endloop
  endfacet
  facet normal 0 0 -1
    outer loop
      vertex 149.15 -98.5278 3
      vertex 148.45 -97.3153 3
      vertex 148.814 -97.136 3
    endloop
  endfacet
  facet normal 0 0 -1
    outer loop
      vertex 147.315 -98.45 3
      vertex 148.528 -99.15 3
      vertex 148.429 -99.3494 3
    endloop
  endfacet
  facet normal 0 0 -1
    outer loop
      vertex 147.136 -98.8137 3
      vertex 148.429 -99.3494 3
      vertex 148.358 -99.56 3
    endloop
  endfacet
  facet normal 0 0 -1
    outer loop
      vertex 147.006 -99.1977 3
      vertex 148.358 -99.56 3
      vertex 148.315 -99.7781 3
    endloop
  endfacet
  facet normal 0 0 -1
    outer loop
      vertex 146.927 -99.5954 3
      vertex 148.315 -99.7781 3
      vertex 148.3 -100 3
    endloop
  endfacet
  facet normal 0 0 -1
    outer loop
      vertex 147.136 -101.186 3
      vertex 148.429 -100.651 3
      vertex 147.315 -101.55 3
    endloop
  endfacet
  facet normal 0 0 -1
    outer loop
      vertex 148.965 -98.6513 3
      vertex 148.113 -97.5406 3
      vertex 148.45 -97.3153 3
    endloop
  endfacet
  facet normal -0 0 -1
    outer loop
      vertex 148.429 -100.651 3
      vertex 147.136 -101.186 3
      vertex 148.358 -100.44 3
    endloop
  endfacet
  facet normal 0 0 -1
    outer loop
      vertex 148.798 -98.7979 3
      vertex 147.808 -97.808 3
      vertex 148.113 -97.5406 3
    endloop
  endfacet
  facet normal 0 0 -1
    outer loop
      vertex 147.006 -100.802 3
      vertex 148.358 -100.44 3
      vertex 147.136 -101.186 3
    endloop
  endfacet
  facet normal 0 0 -1
    outer loop
      vertex 148.651 -98.9651 3
      vertex 147.541 -98.1128 3
      vertex 147.808 -97.808 3
    endloop
  endfacet
  facet normal -0 0 -1
    outer loop
      vertex 148.358 -100.44 3
      vertex 147.006 -100.802 3
      vertex 148.315 -100.222 3
    endloop
  endfacet
  facet normal 0 0 -1
    outer loop
      vertex 148.528 -99.15 3
      vertex 147.315 -98.45 3
      vertex 147.541 -98.1128 3
    endloop
  endfacet
  facet normal 0 0 -1
    outer loop
      vertex 146.927 -100.405 3
      vertex 148.315 -100.222 3
      vertex 147.006 -100.802 3
    endloop
  endfacet
  facet normal 0 0 -1
    outer loop
      vertex 148.429 -99.3494 3
      vertex 147.136 -98.8137 3
      vertex 147.315 -98.45 3
    endloop
  endfacet
  facet normal -0 0 -1
    outer loop
      vertex 148.315 -100.222 3
      vertex 146.927 -100.405 3
      vertex 148.3 -100 3
    endloop
  endfacet
  facet normal 0 0 -1
    outer loop
      vertex 148.358 -99.56 3
      vertex 147.006 -99.1977 3
      vertex 147.136 -98.8137 3
    endloop
  endfacet
  facet normal 0 0 -1
    outer loop
      vertex 146.9 -100 3
      vertex 148.3 -100 3
      vertex 146.927 -100.405 3
    endloop
  endfacet
  facet normal 0 0 -1
    outer loop
      vertex 148.315 -99.7781 3
      vertex 146.927 -99.5954 3
      vertex 147.006 -99.1977 3
    endloop
  endfacet
  facet normal 0 0 -1
    outer loop
      vertex 148.3 -100 3
      vertex 146.9 -100 3
      vertex 146.927 -99.5954 3
    endloop
  endfacet
  facet normal 0.897222 -0.44158 0
    outer loop
      vertex 147.136 -98.8137 3
      vertex 147.315 -98.45 0
      vertex 147.315 -98.45 3
    endloop
  endfacet
  facet normal 0.897222 -0.44158 0
    outer loop
      vertex 147.315 -98.45 0
      vertex 147.136 -98.8137 3
      vertex 147.136 -98.8137 0
    endloop
  endfacet
  facet normal 0.897366 0.441287 0
    outer loop
      vertex 147.315 -101.55 3
      vertex 147.136 -101.186 0
      vertex 147.136 -101.186 3
    endloop
  endfacet
  facet normal 0.897366 0.441287 0
    outer loop
      vertex 147.136 -101.186 0
      vertex 147.315 -101.55 3
      vertex 147.315 -101.55 0
    endloop
  endfacet
  facet normal 0.830531 0.556973 0
    outer loop
      vertex 147.541 -101.887 3
      vertex 147.315 -101.55 0
      vertex 147.315 -101.55 3
    endloop
  endfacet
  facet normal 0.830531 0.556973 0
    outer loop
      vertex 147.315 -101.55 0
      vertex 147.541 -101.887 3
      vertex 147.541 -101.887 0
    endloop
  endfacet
  facet normal 0.555781 -0.831329 0
    outer loop
      vertex 148.113 -97.5406 0
      vertex 148.45 -97.3153 3
      vertex 148.113 -97.5406 3
    endloop
  endfacet
  facet normal 0.555781 -0.831329 0
    outer loop
      vertex 148.45 -97.3153 3
      vertex 148.113 -97.5406 0
      vertex 148.45 -97.3153 0
    endloop
  endfacet
  facet normal -0.981113 0.193434 0
    outer loop
      vertex 193.642 -14.44 3
      vertex 193.685 -14.2219 16
      vertex 193.685 -14.2219 3
    endloop
  endfacet
  facet normal -0.981113 0.193434 0
    outer loop
      vertex 193.685 -14.2219 16
      vertex 193.642 -14.44 3
      vertex 193.642 -14.44 16
    endloop
  endfacet
  facet normal -0.997723 0.0674441 0
    outer loop
      vertex 193.685 -14.2219 3
      vertex 193.7 -14 16
      vertex 193.7 -14 3
    endloop
  endfacet
  facet normal -0.997723 0.0674441 0
    outer loop
      vertex 193.7 -14 16
      vertex 193.685 -14.2219 3
      vertex 193.685 -14.2219 16
    endloop
  endfacet
  facet normal -0.0651764 -0.997874 0
    outer loop
      vertex 192 -12.3 3
      vertex 192.222 -12.3145 16
      vertex 192 -12.3 16
    endloop
  endfacet
  facet normal -0.0651764 -0.997874 -0
    outer loop
      vertex 192.222 -12.3145 16
      vertex 192 -12.3 3
      vertex 192.222 -12.3145 3
    endloop
  endfacet
  facet normal 0.659714 0.751516 -0
    outer loop
      vertex 190.965 -15.3487 3
      vertex 190.798 -15.2021 16
      vertex 190.965 -15.3487 16
    endloop
  endfacet
  facet normal 0.659714 0.751516 0
    outer loop
      vertex 190.798 -15.2021 16
      vertex 190.965 -15.3487 3
      vertex 190.798 -15.2021 3
    endloop
  endfacet
  facet normal 0.832604 -0.553869 0
    outer loop
      vertex 190.528 -13.15 16
      vertex 190.651 -12.9651 3
      vertex 190.651 -12.9651 16
    endloop
  endfacet
  facet normal 0.832604 -0.553869 0
    outer loop
      vertex 190.651 -12.9651 3
      vertex 190.528 -13.15 16
      vertex 190.528 -13.15 3
    endloop
  endfacet
  facet normal 0.195251 -0.980753 0
    outer loop
      vertex 191.56 -12.3579 3
      vertex 191.778 -12.3145 16
      vertex 191.56 -12.3579 16
    endloop
  endfacet
  facet normal 0.195251 -0.980753 0
    outer loop
      vertex 191.778 -12.3145 16
      vertex 191.56 -12.3579 3
      vertex 191.778 -12.3145 3
    endloop
  endfacet
  facet normal -0.659714 0.751516 0
    outer loop
      vertex 193.202 -15.2021 3
      vertex 193.035 -15.3487 16
      vertex 193.202 -15.2021 16
    endloop
  endfacet
  facet normal -0.659714 0.751516 0
    outer loop
      vertex 193.035 -15.3487 16
      vertex 193.202 -15.2021 3
      vertex 193.035 -15.3487 3
    endloop
  endfacet
  facet normal -0.947598 -0.319466 0
    outer loop
      vertex 193.642 -13.56 3
      vertex 193.571 -13.3494 16
      vertex 193.571 -13.3494 3
    endloop
  endfacet
  facet normal -0.947598 -0.319466 0
    outer loop
      vertex 193.571 -13.3494 16
      vertex 193.642 -13.56 3
      vertex 193.642 -13.56 16
    endloop
  endfacet
  facet normal -0.751016 -0.660284 0
    outer loop
      vertex 193.349 -12.9651 3
      vertex 193.202 -12.7979 16
      vertex 193.202 -12.7979 3
    endloop
  endfacet
  facet normal -0.751016 -0.660284 0
    outer loop
      vertex 193.202 -12.7979 16
      vertex 193.349 -12.9651 3
      vertex 193.349 -12.9651 16
    endloop
  endfacet
  facet normal -0.751016 0.660284 0
    outer loop
      vertex 193.202 -15.2021 3
      vertex 193.349 -15.0349 16
      vertex 193.349 -15.0349 3
    endloop
  endfacet
  facet normal -0.751016 0.660284 0
    outer loop
      vertex 193.349 -15.0349 16
      vertex 193.202 -15.2021 3
      vertex 193.202 -15.2021 16
    endloop
  endfacet
  facet normal 0.947598 -0.319466 0
    outer loop
      vertex 190.358 -13.56 16
      vertex 190.429 -13.3494 3
      vertex 190.429 -13.3494 16
    endloop
  endfacet
  facet normal 0.947598 -0.319466 0
    outer loop
      vertex 190.429 -13.3494 3
      vertex 190.358 -13.56 16
      vertex 190.358 -13.56 3
    endloop
  endfacet
  facet normal -0.320937 -0.947101 0
    outer loop
      vertex 192.44 -12.3579 3
      vertex 192.651 -12.4294 16
      vertex 192.44 -12.3579 16
    endloop
  endfacet
  facet normal -0.320937 -0.947101 -0
    outer loop
      vertex 192.651 -12.4294 16
      vertex 192.44 -12.3579 3
      vertex 192.651 -12.4294 3
    endloop
  endfacet
  facet normal 0.0651764 -0.997874 0
    outer loop
      vertex 191.778 -12.3145 3
      vertex 192 -12.3 16
      vertex 191.778 -12.3145 16
    endloop
  endfacet
  facet normal 0.0651764 -0.997874 0
    outer loop
      vertex 192 -12.3 16
      vertex 191.778 -12.3145 3
      vertex 192 -12.3 3
    endloop
  endfacet
  facet normal 0.320937 0.947101 -0
    outer loop
      vertex 191.56 -15.6421 3
      vertex 191.349 -15.5706 16
      vertex 191.56 -15.6421 16
    endloop
  endfacet
  facet normal 0.320937 0.947101 0
    outer loop
      vertex 191.349 -15.5706 16
      vertex 191.56 -15.6421 3
      vertex 191.349 -15.5706 3
    endloop
  endfacet
  facet normal -0.947598 0.319466 0
    outer loop
      vertex 193.571 -14.6506 3
      vertex 193.642 -14.44 16
      vertex 193.642 -14.44 3
    endloop
  endfacet
  facet normal -0.947598 0.319466 0
    outer loop
      vertex 193.642 -14.44 16
      vertex 193.571 -14.6506 3
      vertex 193.571 -14.6506 16
    endloop
  endfacet
  facet normal 0.751016 0.660284 0
    outer loop
      vertex 190.798 -15.2021 16
      vertex 190.651 -15.0349 3
      vertex 190.651 -15.0349 16
    endloop
  endfacet
  facet normal 0.751016 0.660284 0
    outer loop
      vertex 190.651 -15.0349 3
      vertex 190.798 -15.2021 16
      vertex 190.798 -15.2021 3
    endloop
  endfacet
  facet normal 0.443245 -0.8964 0
    outer loop
      vertex 191.15 -12.5278 3
      vertex 191.349 -12.4294 16
      vertex 191.15 -12.5278 16
    endloop
  endfacet
  facet normal 0.443245 -0.8964 0
    outer loop
      vertex 191.349 -12.4294 16
      vertex 191.15 -12.5278 3
      vertex 191.349 -12.4294 3
    endloop
  endfacet
  facet normal 0.0651764 0.997874 -0
    outer loop
      vertex 192 -15.7 3
      vertex 191.778 -15.6855 16
      vertex 192 -15.7 16
    endloop
  endfacet
  facet normal 0.0651764 0.997874 0
    outer loop
      vertex 191.778 -15.6855 16
      vertex 192 -15.7 3
      vertex 191.778 -15.6855 3
    endloop
  endfacet
  facet normal -0.895681 -0.444696 0
    outer loop
      vertex 193.571 -13.3494 3
      vertex 193.472 -13.15 16
      vertex 193.472 -13.15 3
    endloop
  endfacet
  facet normal -0.895681 -0.444696 0
    outer loop
      vertex 193.472 -13.15 16
      vertex 193.571 -13.3494 3
      vertex 193.571 -13.3494 16
    endloop
  endfacet
  facet normal -0.555219 -0.831704 0
    outer loop
      vertex 192.85 -12.5278 3
      vertex 193.035 -12.6513 16
      vertex 192.85 -12.5278 16
    endloop
  endfacet
  facet normal -0.555219 -0.831704 -0
    outer loop
      vertex 193.035 -12.6513 16
      vertex 192.85 -12.5278 3
      vertex 193.035 -12.6513 3
    endloop
  endfacet
  facet normal 0.981113 -0.193434 0
    outer loop
      vertex 190.315 -13.7781 16
      vertex 190.358 -13.56 3
      vertex 190.358 -13.56 16
    endloop
  endfacet
  facet normal 0.981113 -0.193434 0
    outer loop
      vertex 190.358 -13.56 3
      vertex 190.315 -13.7781 16
      vertex 190.315 -13.7781 3
    endloop
  endfacet
  facet normal -0.195251 0.980753 0
    outer loop
      vertex 192.44 -15.6421 3
      vertex 192.222 -15.6855 16
      vertex 192.44 -15.6421 16
    endloop
  endfacet
  facet normal -0.195251 0.980753 0
    outer loop
      vertex 192.222 -15.6855 16
      vertex 192.44 -15.6421 3
      vertex 192.222 -15.6855 3
    endloop
  endfacet
  facet normal -0.832604 0.553869 0
    outer loop
      vertex 193.349 -15.0349 3
      vertex 193.472 -14.85 16
      vertex 193.472 -14.85 3
    endloop
  endfacet
  facet normal -0.832604 0.553869 0
    outer loop
      vertex 193.472 -14.85 16
      vertex 193.349 -15.0349 3
      vertex 193.349 -15.0349 16
    endloop
  endfacet
  facet normal -0.997723 -0.0674441 0
    outer loop
      vertex 193.7 -14 3
      vertex 193.685 -13.7781 16
      vertex 193.685 -13.7781 3
    endloop
  endfacet
  facet normal -0.997723 -0.0674441 0
    outer loop
      vertex 193.685 -13.7781 16
      vertex 193.7 -14 3
      vertex 193.7 -14 16
    endloop
  endfacet
  facet normal -0.320937 0.947101 0
    outer loop
      vertex 192.651 -15.5706 3
      vertex 192.44 -15.6421 16
      vertex 192.651 -15.5706 16
    endloop
  endfacet
  facet normal -0.320937 0.947101 0
    outer loop
      vertex 192.44 -15.6421 16
      vertex 192.651 -15.5706 3
      vertex 192.44 -15.6421 3
    endloop
  endfacet
  facet normal -0.555219 0.831704 0
    outer loop
      vertex 193.035 -15.3487 3
      vertex 192.85 -15.4722 16
      vertex 193.035 -15.3487 16
    endloop
  endfacet
  facet normal -0.555219 0.831704 0
    outer loop
      vertex 192.85 -15.4722 16
      vertex 193.035 -15.3487 3
      vertex 192.85 -15.4722 3
    endloop
  endfacet
  facet normal 0.195251 0.980753 -0
    outer loop
      vertex 191.778 -15.6855 3
      vertex 191.56 -15.6421 16
      vertex 191.778 -15.6855 16
    endloop
  endfacet
  facet normal 0.195251 0.980753 0
    outer loop
      vertex 191.56 -15.6421 16
      vertex 191.778 -15.6855 3
      vertex 191.56 -15.6421 3
    endloop
  endfacet
  facet normal -0.659714 -0.751516 0
    outer loop
      vertex 193.035 -12.6513 3
      vertex 193.202 -12.7979 16
      vertex 193.035 -12.6513 16
    endloop
  endfacet
  facet normal -0.659714 -0.751516 -0
    outer loop
      vertex 193.202 -12.7979 16
      vertex 193.035 -12.6513 3
      vertex 193.202 -12.7979 3
    endloop
  endfacet
  facet normal 0.895681 0.444696 0
    outer loop
      vertex 190.528 -14.85 16
      vertex 190.429 -14.6506 3
      vertex 190.429 -14.6506 16
    endloop
  endfacet
  facet normal 0.895681 0.444696 0
    outer loop
      vertex 190.429 -14.6506 3
      vertex 190.528 -14.85 16
      vertex 190.528 -14.85 3
    endloop
  endfacet
  facet normal -0.981113 -0.193434 0
    outer loop
      vertex 193.685 -13.7781 3
      vertex 193.642 -13.56 16
      vertex 193.642 -13.56 3
    endloop
  endfacet
  facet normal -0.981113 -0.193434 0
    outer loop
      vertex 193.642 -13.56 16
      vertex 193.685 -13.7781 3
      vertex 193.685 -13.7781 16
    endloop
  endfacet
  facet normal -0.195251 -0.980753 0
    outer loop
      vertex 192.222 -12.3145 3
      vertex 192.44 -12.3579 16
      vertex 192.222 -12.3145 16
    endloop
  endfacet
  facet normal -0.195251 -0.980753 -0
    outer loop
      vertex 192.44 -12.3579 16
      vertex 192.222 -12.3145 3
      vertex 192.44 -12.3579 3
    endloop
  endfacet
  facet normal 0.659714 -0.751516 0
    outer loop
      vertex 190.798 -12.7979 3
      vertex 190.965 -12.6513 16
      vertex 190.798 -12.7979 16
    endloop
  endfacet
  facet normal 0.659714 -0.751516 0
    outer loop
      vertex 190.965 -12.6513 16
      vertex 190.798 -12.7979 3
      vertex 190.965 -12.6513 3
    endloop
  endfacet
  facet normal 0.751016 -0.660284 0
    outer loop
      vertex 190.651 -12.9651 16
      vertex 190.798 -12.7979 3
      vertex 190.798 -12.7979 16
    endloop
  endfacet
  facet normal 0.751016 -0.660284 0
    outer loop
      vertex 190.798 -12.7979 3
      vertex 190.651 -12.9651 16
      vertex 190.651 -12.9651 3
    endloop
  endfacet
  facet normal -0.0651764 0.997874 0
    outer loop
      vertex 192.222 -15.6855 3
      vertex 192 -15.7 16
      vertex 192.222 -15.6855 16
    endloop
  endfacet
  facet normal -0.0651764 0.997874 0
    outer loop
      vertex 192 -15.7 16
      vertex 192.222 -15.6855 3
      vertex 192 -15.7 3
    endloop
  endfacet
  facet normal -0.443245 0.8964 0
    outer loop
      vertex 192.85 -15.4722 3
      vertex 192.651 -15.5706 16
      vertex 192.85 -15.4722 16
    endloop
  endfacet
  facet normal -0.443245 0.8964 0
    outer loop
      vertex 192.651 -15.5706 16
      vertex 192.85 -15.4722 3
      vertex 192.651 -15.5706 3
    endloop
  endfacet
  facet normal -0.832604 -0.553869 0
    outer loop
      vertex 193.472 -13.15 3
      vertex 193.349 -12.9651 16
      vertex 193.349 -12.9651 3
    endloop
  endfacet
  facet normal -0.832604 -0.553869 0
    outer loop
      vertex 193.349 -12.9651 16
      vertex 193.472 -13.15 3
      vertex 193.472 -13.15 16
    endloop
  endfacet
  facet normal 0.997723 -0.0674441 0
    outer loop
      vertex 190.3 -14 16
      vertex 190.315 -13.7781 3
      vertex 190.315 -13.7781 16
    endloop
  endfacet
  facet normal 0.997723 -0.0674441 0
    outer loop
      vertex 190.315 -13.7781 3
      vertex 190.3 -14 16
      vertex 190.3 -14 3
    endloop
  endfacet
  facet normal -0.443245 -0.8964 0
    outer loop
      vertex 192.651 -12.4294 3
      vertex 192.85 -12.5278 16
      vertex 192.651 -12.4294 16
    endloop
  endfacet
  facet normal -0.443245 -0.8964 -0
    outer loop
      vertex 192.85 -12.5278 16
      vertex 192.651 -12.4294 3
      vertex 192.85 -12.5278 3
    endloop
  endfacet
  facet normal 0.981113 0.193434 0
    outer loop
      vertex 190.358 -14.44 16
      vertex 190.315 -14.2219 3
      vertex 190.315 -14.2219 16
    endloop
  endfacet
  facet normal 0.981113 0.193434 0
    outer loop
      vertex 190.315 -14.2219 3
      vertex 190.358 -14.44 16
      vertex 190.358 -14.44 3
    endloop
  endfacet
  facet normal 0.895681 -0.444696 0
    outer loop
      vertex 190.429 -13.3494 16
      vertex 190.528 -13.15 3
      vertex 190.528 -13.15 16
    endloop
  endfacet
  facet normal 0.895681 -0.444696 0
    outer loop
      vertex 190.528 -13.15 3
      vertex 190.429 -13.3494 16
      vertex 190.429 -13.3494 3
    endloop
  endfacet
  facet normal 0.947598 0.319466 0
    outer loop
      vertex 190.429 -14.6506 16
      vertex 190.358 -14.44 3
      vertex 190.358 -14.44 16
    endloop
  endfacet
  facet normal 0.947598 0.319466 0
    outer loop
      vertex 190.358 -14.44 3
      vertex 190.429 -14.6506 16
      vertex 190.429 -14.6506 3
    endloop
  endfacet
  facet normal 0.555219 0.831704 -0
    outer loop
      vertex 191.15 -15.4722 3
      vertex 190.965 -15.3487 16
      vertex 191.15 -15.4722 16
    endloop
  endfacet
  facet normal 0.555219 0.831704 0
    outer loop
      vertex 190.965 -15.3487 16
      vertex 191.15 -15.4722 3
      vertex 190.965 -15.3487 3
    endloop
  endfacet
  facet normal -0.895681 0.444696 0
    outer loop
      vertex 193.472 -14.85 3
      vertex 193.571 -14.6506 16
      vertex 193.571 -14.6506 3
    endloop
  endfacet
  facet normal -0.895681 0.444696 0
    outer loop
      vertex 193.571 -14.6506 16
      vertex 193.472 -14.85 3
      vertex 193.472 -14.85 16
    endloop
  endfacet
  facet normal 0.997723 0.0674441 0
    outer loop
      vertex 190.315 -14.2219 16
      vertex 190.3 -14 3
      vertex 190.3 -14 16
    endloop
  endfacet
  facet normal 0.997723 0.0674441 0
    outer loop
      vertex 190.3 -14 3
      vertex 190.315 -14.2219 16
      vertex 190.315 -14.2219 3
    endloop
  endfacet
  facet normal 0.320937 -0.947101 0
    outer loop
      vertex 191.349 -12.4294 3
      vertex 191.56 -12.3579 16
      vertex 191.349 -12.4294 16
    endloop
  endfacet
  facet normal 0.320937 -0.947101 0
    outer loop
      vertex 191.56 -12.3579 16
      vertex 191.349 -12.4294 3
      vertex 191.56 -12.3579 3
    endloop
  endfacet
  facet normal 0.443245 0.8964 -0
    outer loop
      vertex 191.349 -15.5706 3
      vertex 191.15 -15.4722 16
      vertex 191.349 -15.5706 16
    endloop
  endfacet
  facet normal 0.443245 0.8964 0
    outer loop
      vertex 191.15 -15.4722 16
      vertex 191.349 -15.5706 3
      vertex 191.15 -15.4722 3
    endloop
  endfacet
  facet normal 0.832604 0.553869 0
    outer loop
      vertex 190.651 -15.0349 16
      vertex 190.528 -14.85 3
      vertex 190.528 -14.85 16
    endloop
  endfacet
  facet normal 0.832604 0.553869 0
    outer loop
      vertex 190.528 -14.85 3
      vertex 190.651 -15.0349 16
      vertex 190.651 -15.0349 3
    endloop
  endfacet
  facet normal 0.555219 -0.831704 0
    outer loop
      vertex 190.965 -12.6513 3
      vertex 191.15 -12.5278 16
      vertex 190.965 -12.6513 16
    endloop
  endfacet
  facet normal 0.555219 -0.831704 0
    outer loop
      vertex 191.15 -12.5278 16
      vertex 190.965 -12.6513 3
      vertex 191.15 -12.5278 3
    endloop
  endfacet
  facet normal -0.441882 -0.897073 0
    outer loop
      vertex 193.186 -11.136 0
      vertex 193.55 -11.3153 3
      vertex 193.186 -11.136 3
    endloop
  endfacet
  facet normal -0.441882 -0.897073 -0
    outer loop
      vertex 193.55 -11.3153 3
      vertex 193.186 -11.136 0
      vertex 193.55 -11.3153 0
    endloop
  endfacet
  facet normal -0.980836 0.194835 0
    outer loop
      vertex 194.994 -14.8023 0
      vertex 195.073 -14.4046 3
      vertex 195.073 -14.4046 0
    endloop
  endfacet
  facet normal -0.980836 0.194835 0
    outer loop
      vertex 195.073 -14.4046 3
      vertex 194.994 -14.8023 0
      vertex 194.994 -14.8023 3
    endloop
  endfacet
  facet normal -0.997781 0.0665845 0
    outer loop
      vertex 195.073 -14.4046 0
      vertex 195.1 -14 3
      vertex 195.1 -14 0
    endloop
  endfacet
  facet normal -0.997781 0.0665845 0
    outer loop
      vertex 195.1 -14 3
      vertex 195.073 -14.4046 0
      vertex 195.073 -14.4046 3
    endloop
  endfacet
  facet normal -0.947193 0.320664 0
    outer loop
      vertex 194.864 -15.1863 0
      vertex 194.994 -14.8023 3
      vertex 194.994 -14.8023 0
    endloop
  endfacet
  facet normal -0.947193 0.320664 0
    outer loop
      vertex 194.994 -14.8023 3
      vertex 194.864 -15.1863 0
      vertex 194.864 -15.1863 3
    endloop
  endfacet
  facet normal -0.75221 -0.658924 0
    outer loop
      vertex 194.459 -12.1128 0
      vertex 194.192 -11.808 3
      vertex 194.192 -11.808 0
    endloop
  endfacet
  facet normal -0.75221 -0.658924 0
    outer loop
      vertex 194.192 -11.808 3
      vertex 194.459 -12.1128 0
      vertex 194.459 -12.1128 3
    endloop
  endfacet
  facet normal -0.321549 0.946893 0
    outer loop
      vertex 193.186 -16.864 0
      vertex 192.802 -16.9944 3
      vertex 193.186 -16.864 3
    endloop
  endfacet
  facet normal -0.321549 0.946893 0
    outer loop
      vertex 192.802 -16.9944 3
      vertex 193.186 -16.864 0
      vertex 192.802 -16.9944 0
    endloop
  endfacet
  facet normal -0.555781 0.831329 0
    outer loop
      vertex 193.887 -16.4594 0
      vertex 193.55 -16.6847 3
      vertex 193.887 -16.4594 3
    endloop
  endfacet
  facet normal -0.555781 0.831329 0
    outer loop
      vertex 193.55 -16.6847 3
      vertex 193.887 -16.4594 0
      vertex 193.55 -16.6847 0
    endloop
  endfacet
  facet normal -0.897222 -0.44158 0
    outer loop
      vertex 194.864 -12.8137 0
      vertex 194.685 -12.45 3
      vertex 194.685 -12.45 0
    endloop
  endfacet
  facet normal -0.897222 -0.44158 0
    outer loop
      vertex 194.685 -12.45 3
      vertex 194.864 -12.8137 0
      vertex 194.864 -12.8137 3
    endloop
  endfacet
  facet normal -0.321549 -0.946893 0
    outer loop
      vertex 192.802 -11.0056 0
      vertex 193.186 -11.136 3
      vertex 192.802 -11.0056 3
    endloop
  endfacet
  facet normal -0.321549 -0.946893 -0
    outer loop
      vertex 193.186 -11.136 3
      vertex 192.802 -11.0056 0
      vertex 193.186 -11.136 0
    endloop
  endfacet
  facet normal -0.897222 0.44158 0
    outer loop
      vertex 194.685 -15.55 0
      vertex 194.864 -15.1863 3
      vertex 194.864 -15.1863 0
    endloop
  endfacet
  facet normal -0.897222 0.44158 0
    outer loop
      vertex 194.864 -15.1863 3
      vertex 194.685 -15.55 0
      vertex 194.685 -15.55 3
    endloop
  endfacet
  facet normal 0.195403 0.980723 -0
    outer loop
      vertex 191.595 -17.0735 0
      vertex 191.198 -16.9944 3
      vertex 191.595 -17.0735 3
    endloop
  endfacet
  facet normal 0.195403 0.980723 0
    outer loop
      vertex 191.198 -16.9944 3
      vertex 191.595 -17.0735 0
      vertex 191.198 -16.9944 0
    endloop
  endfacet
  facet normal 0.0652925 -0.997866 0
    outer loop
      vertex 191.595 -10.9265 0
      vertex 192 -10.9 3
      vertex 191.595 -10.9265 3
    endloop
  endfacet
  facet normal 0.0652925 -0.997866 0
    outer loop
      vertex 192 -10.9 3
      vertex 191.595 -10.9265 0
      vertex 192 -10.9 0
    endloop
  endfacet
  facet normal 0.555781 0.831329 -0
    outer loop
      vertex 190.45 -16.6847 0
      vertex 190.113 -16.4594 3
      vertex 190.45 -16.6847 3
    endloop
  endfacet
  facet normal 0.555781 0.831329 0
    outer loop
      vertex 190.113 -16.4594 3
      vertex 190.45 -16.6847 0
      vertex 190.113 -16.4594 0
    endloop
  endfacet
  facet normal 0.321549 -0.946893 0
    outer loop
      vertex 190.814 -11.136 0
      vertex 191.198 -11.0056 3
      vertex 190.814 -11.136 3
    endloop
  endfacet
  facet normal 0.321549 -0.946893 0
    outer loop
      vertex 191.198 -11.0056 3
      vertex 190.814 -11.136 0
      vertex 191.198 -11.0056 0
    endloop
  endfacet
  facet normal -0.947193 -0.320664 0
    outer loop
      vertex 194.994 -13.1977 0
      vertex 194.864 -12.8137 3
      vertex 194.864 -12.8137 0
    endloop
  endfacet
  facet normal -0.947193 -0.320664 0
    outer loop
      vertex 194.864 -12.8137 3
      vertex 194.994 -13.1977 0
      vertex 194.994 -13.1977 3
    endloop
  endfacet
  facet normal 0.830683 -0.556745 0
    outer loop
      vertex 189.315 -12.45 3
      vertex 189.541 -12.1128 0
      vertex 189.541 -12.1128 3
    endloop
  endfacet
  facet normal 0.830683 -0.556745 0
    outer loop
      vertex 189.541 -12.1128 0
      vertex 189.315 -12.45 3
      vertex 189.315 -12.45 0
    endloop
  endfacet
  facet normal 0.659237 -0.751935 0
    outer loop
      vertex 189.808 -11.808 0
      vertex 190.113 -11.5406 3
      vertex 189.808 -11.808 3
    endloop
  endfacet
  facet normal 0.659237 -0.751935 0
    outer loop
      vertex 190.113 -11.5406 3
      vertex 189.808 -11.808 0
      vertex 190.113 -11.5406 0
    endloop
  endfacet
  facet normal 0.659237 0.751935 -0
    outer loop
      vertex 190.113 -16.4594 0
      vertex 189.808 -16.192 3
      vertex 190.113 -16.4594 3
    endloop
  endfacet
  facet normal 0.659237 0.751935 0
    outer loop
      vertex 189.808 -16.192 3
      vertex 190.113 -16.4594 0
      vertex 189.808 -16.192 0
    endloop
  endfacet
  facet normal 0.947193 0.320664 0
    outer loop
      vertex 189.136 -15.1863 3
      vertex 189.006 -14.8023 0
      vertex 189.006 -14.8023 3
    endloop
  endfacet
  facet normal 0.947193 0.320664 0
    outer loop
      vertex 189.006 -14.8023 0
      vertex 189.136 -15.1863 3
      vertex 189.136 -15.1863 0
    endloop
  endfacet
  facet normal 0.441882 0.897073 -0
    outer loop
      vertex 190.814 -16.864 0
      vertex 190.45 -16.6847 3
      vertex 190.814 -16.864 3
    endloop
  endfacet
  facet normal 0.441882 0.897073 0
    outer loop
      vertex 190.45 -16.6847 3
      vertex 190.814 -16.864 0
      vertex 190.45 -16.6847 0
    endloop
  endfacet
  facet normal 0.980836 0.194835 0
    outer loop
      vertex 189.006 -14.8023 3
      vertex 188.927 -14.4046 0
      vertex 188.927 -14.4046 3
    endloop
  endfacet
  facet normal 0.980836 0.194835 0
    outer loop
      vertex 188.927 -14.4046 0
      vertex 189.006 -14.8023 3
      vertex 189.006 -14.8023 0
    endloop
  endfacet
  facet normal 0.321549 0.946893 -0
    outer loop
      vertex 191.198 -16.9944 0
      vertex 190.814 -16.864 3
      vertex 191.198 -16.9944 3
    endloop
  endfacet
  facet normal 0.321549 0.946893 0
    outer loop
      vertex 190.814 -16.864 3
      vertex 191.198 -16.9944 0
      vertex 190.814 -16.864 0
    endloop
  endfacet
  facet normal -0.659237 -0.751935 0
    outer loop
      vertex 193.887 -11.5406 0
      vertex 194.192 -11.808 3
      vertex 193.887 -11.5406 3
    endloop
  endfacet
  facet normal -0.659237 -0.751935 -0
    outer loop
      vertex 194.192 -11.808 3
      vertex 193.887 -11.5406 0
      vertex 194.192 -11.808 0
    endloop
  endfacet
  facet normal -0.0652925 0.997866 0
    outer loop
      vertex 192.405 -17.0735 0
      vertex 192 -17.1 3
      vertex 192.405 -17.0735 3
    endloop
  endfacet
  facet normal -0.0652925 0.997866 0
    outer loop
      vertex 192 -17.1 3
      vertex 192.405 -17.0735 0
      vertex 192 -17.1 0
    endloop
  endfacet
  facet normal -0.830683 0.556745 0
    outer loop
      vertex 194.459 -15.8872 0
      vertex 194.685 -15.55 3
      vertex 194.685 -15.55 0
    endloop
  endfacet
  facet normal -0.830683 0.556745 0
    outer loop
      vertex 194.685 -15.55 3
      vertex 194.459 -15.8872 0
      vertex 194.459 -15.8872 3
    endloop
  endfacet
  facet normal -0.195403 -0.980723 0
    outer loop
      vertex 192.405 -10.9265 0
      vertex 192.802 -11.0056 3
      vertex 192.405 -10.9265 3
    endloop
  endfacet
  facet normal -0.195403 -0.980723 -0
    outer loop
      vertex 192.802 -11.0056 3
      vertex 192.405 -10.9265 0
      vertex 192.802 -11.0056 0
    endloop
  endfacet
  facet normal 0.980836 -0.194835 0
    outer loop
      vertex 188.927 -13.5954 3
      vertex 189.006 -13.1977 0
      vertex 189.006 -13.1977 3
    endloop
  endfacet
  facet normal 0.980836 -0.194835 0
    outer loop
      vertex 189.006 -13.1977 0
      vertex 188.927 -13.5954 3
      vertex 188.927 -13.5954 0
    endloop
  endfacet
  facet normal 0.75221 0.658924 0
    outer loop
      vertex 189.808 -16.192 3
      vertex 189.541 -15.8872 0
      vertex 189.541 -15.8872 3
    endloop
  endfacet
  facet normal 0.75221 0.658924 0
    outer loop
      vertex 189.541 -15.8872 0
      vertex 189.808 -16.192 3
      vertex 189.808 -16.192 0
    endloop
  endfacet
  facet normal -0.659237 0.751935 0
    outer loop
      vertex 194.192 -16.192 0
      vertex 193.887 -16.4594 3
      vertex 194.192 -16.192 3
    endloop
  endfacet
  facet normal -0.659237 0.751935 0
    outer loop
      vertex 193.887 -16.4594 3
      vertex 194.192 -16.192 0
      vertex 193.887 -16.4594 0
    endloop
  endfacet
  facet normal -0.997781 -0.0665845 0
    outer loop
      vertex 195.1 -14 0
      vertex 195.073 -13.5954 3
      vertex 195.073 -13.5954 0
    endloop
  endfacet
  facet normal -0.997781 -0.0665845 0
    outer loop
      vertex 195.073 -13.5954 3
      vertex 195.1 -14 0
      vertex 195.1 -14 3
    endloop
  endfacet
  facet normal -0.980836 -0.194835 0
    outer loop
      vertex 195.073 -13.5954 0
      vertex 194.994 -13.1977 3
      vertex 194.994 -13.1977 0
    endloop
  endfacet
  facet normal -0.980836 -0.194835 0
    outer loop
      vertex 194.994 -13.1977 3
      vertex 195.073 -13.5954 0
      vertex 195.073 -13.5954 3
    endloop
  endfacet
  facet normal -0.555781 -0.831329 0
    outer loop
      vertex 193.55 -11.3153 0
      vertex 193.887 -11.5406 3
      vertex 193.55 -11.3153 3
    endloop
  endfacet
  facet normal -0.555781 -0.831329 -0
    outer loop
      vertex 193.887 -11.5406 3
      vertex 193.55 -11.3153 0
      vertex 193.887 -11.5406 0
    endloop
  endfacet
  facet normal -0.195403 0.980723 0
    outer loop
      vertex 192.802 -16.9944 0
      vertex 192.405 -17.0735 3
      vertex 192.802 -16.9944 3
    endloop
  endfacet
  facet normal -0.195403 0.980723 0
    outer loop
      vertex 192.405 -17.0735 3
      vertex 192.802 -16.9944 0
      vertex 192.405 -17.0735 0
    endloop
  endfacet
  facet normal -0.75221 0.658924 0
    outer loop
      vertex 194.192 -16.192 0
      vertex 194.459 -15.8872 3
      vertex 194.459 -15.8872 0
    endloop
  endfacet
  facet normal -0.75221 0.658924 0
    outer loop
      vertex 194.459 -15.8872 3
      vertex 194.192 -16.192 0
      vertex 194.192 -16.192 3
    endloop
  endfacet
  facet normal -0.441882 0.897073 0
    outer loop
      vertex 193.55 -16.6847 0
      vertex 193.186 -16.864 3
      vertex 193.55 -16.6847 3
    endloop
  endfacet
  facet normal -0.441882 0.897073 0
    outer loop
      vertex 193.186 -16.864 3
      vertex 193.55 -16.6847 0
      vertex 193.186 -16.864 0
    endloop
  endfacet
  facet normal 0.997781 -0.0665845 0
    outer loop
      vertex 188.9 -14 3
      vertex 188.927 -13.5954 0
      vertex 188.927 -13.5954 3
    endloop
  endfacet
  facet normal 0.997781 -0.0665845 0
    outer loop
      vertex 188.927 -13.5954 0
      vertex 188.9 -14 3
      vertex 188.9 -14 0
    endloop
  endfacet
  facet normal -0.830683 -0.556745 0
    outer loop
      vertex 194.685 -12.45 0
      vertex 194.459 -12.1128 3
      vertex 194.459 -12.1128 0
    endloop
  endfacet
  facet normal -0.830683 -0.556745 0
    outer loop
      vertex 194.459 -12.1128 3
      vertex 194.685 -12.45 0
      vertex 194.685 -12.45 3
    endloop
  endfacet
  facet normal 0.75221 -0.658924 0
    outer loop
      vertex 189.541 -12.1128 3
      vertex 189.808 -11.808 0
      vertex 189.808 -11.808 3
    endloop
  endfacet
  facet normal 0.75221 -0.658924 0
    outer loop
      vertex 189.808 -11.808 0
      vertex 189.541 -12.1128 3
      vertex 189.541 -12.1128 0
    endloop
  endfacet
  facet normal 0.997781 0.0665845 0
    outer loop
      vertex 188.927 -14.4046 3
      vertex 188.9 -14 0
      vertex 188.9 -14 3
    endloop
  endfacet
  facet normal 0.997781 0.0665845 0
    outer loop
      vertex 188.9 -14 0
      vertex 188.927 -14.4046 3
      vertex 188.927 -14.4046 0
    endloop
  endfacet
  facet normal 0.441882 -0.897073 0
    outer loop
      vertex 190.45 -11.3153 0
      vertex 190.814 -11.136 3
      vertex 190.45 -11.3153 3
    endloop
  endfacet
  facet normal 0.441882 -0.897073 0
    outer loop
      vertex 190.814 -11.136 3
      vertex 190.45 -11.3153 0
      vertex 190.814 -11.136 0
    endloop
  endfacet
  facet normal 0.947193 -0.320664 0
    outer loop
      vertex 189.006 -13.1977 3
      vertex 189.136 -12.8137 0
      vertex 189.136 -12.8137 3
    endloop
  endfacet
  facet normal 0.947193 -0.320664 0
    outer loop
      vertex 189.136 -12.8137 0
      vertex 189.006 -13.1977 3
      vertex 189.006 -13.1977 0
    endloop
  endfacet
  facet normal 0.195403 -0.980723 0
    outer loop
      vertex 191.198 -11.0056 0
      vertex 191.595 -10.9265 3
      vertex 191.198 -11.0056 3
    endloop
  endfacet
  facet normal 0.195403 -0.980723 0
    outer loop
      vertex 191.595 -10.9265 3
      vertex 191.198 -11.0056 0
      vertex 191.595 -10.9265 0
    endloop
  endfacet
  facet normal -0.0652925 -0.997866 0
    outer loop
      vertex 192 -10.9 0
      vertex 192.405 -10.9265 3
      vertex 192 -10.9 3
    endloop
  endfacet
  facet normal -0.0652925 -0.997866 -0
    outer loop
      vertex 192.405 -10.9265 3
      vertex 192 -10.9 0
      vertex 192.405 -10.9265 0
    endloop
  endfacet
  facet normal 0.0652925 0.997866 -0
    outer loop
      vertex 192 -17.1 0
      vertex 191.595 -17.0735 3
      vertex 192 -17.1 3
    endloop
  endfacet
  facet normal 0.0652925 0.997866 0
    outer loop
      vertex 191.595 -17.0735 3
      vertex 192 -17.1 0
      vertex 191.595 -17.0735 0
    endloop
  endfacet
  facet normal 0 0 -1
    outer loop
      vertex 193.7 -14 3
      vertex 195.1 -14 3
      vertex 195.073 -14.4046 3
    endloop
  endfacet
  facet normal 0 0 -1
    outer loop
      vertex 193.685 -14.2219 3
      vertex 195.073 -14.4046 3
      vertex 194.994 -14.8023 3
    endloop
  endfacet
  facet normal 0 0 -1
    outer loop
      vertex 195.1 -14 3
      vertex 193.7 -14 3
      vertex 195.073 -13.5954 3
    endloop
  endfacet
  facet normal 0 0 -1
    outer loop
      vertex 193.642 -14.44 3
      vertex 194.994 -14.8023 3
      vertex 194.864 -15.1863 3
    endloop
  endfacet
  facet normal 0 0 -1
    outer loop
      vertex 193.685 -13.7781 3
      vertex 195.073 -13.5954 3
      vertex 193.7 -14 3
    endloop
  endfacet
  facet normal 0 0 -1
    outer loop
      vertex 193.571 -14.6506 3
      vertex 194.864 -15.1863 3
      vertex 194.685 -15.55 3
    endloop
  endfacet
  facet normal -0 0 -1
    outer loop
      vertex 195.073 -13.5954 3
      vertex 193.685 -13.7781 3
      vertex 194.994 -13.1977 3
    endloop
  endfacet
  facet normal 0 0 -1
    outer loop
      vertex 193.472 -14.85 3
      vertex 194.685 -15.55 3
      vertex 194.459 -15.8872 3
    endloop
  endfacet
  facet normal 0 0 -1
    outer loop
      vertex 193.642 -13.56 3
      vertex 194.994 -13.1977 3
      vertex 193.685 -13.7781 3
    endloop
  endfacet
  facet normal 0 0 -1
    outer loop
      vertex 193.349 -15.0349 3
      vertex 194.459 -15.8872 3
      vertex 194.192 -16.192 3
    endloop
  endfacet
  facet normal -0 0 -1
    outer loop
      vertex 194.994 -13.1977 3
      vertex 193.642 -13.56 3
      vertex 194.864 -12.8137 3
    endloop
  endfacet
  facet normal 0 0 -1
    outer loop
      vertex 193.202 -15.2021 3
      vertex 194.192 -16.192 3
      vertex 193.887 -16.4594 3
    endloop
  endfacet
  facet normal 0 0 -1
    outer loop
      vertex 193.571 -13.3494 3
      vertex 194.864 -12.8137 3
      vertex 193.642 -13.56 3
    endloop
  endfacet
  facet normal -0 0 -1
    outer loop
      vertex 194.864 -12.8137 3
      vertex 193.571 -13.3494 3
      vertex 194.685 -12.45 3
    endloop
  endfacet
  facet normal 0 0 -1
    outer loop
      vertex 195.073 -14.4046 3
      vertex 193.685 -14.2219 3
      vertex 193.7 -14 3
    endloop
  endfacet
  facet normal 0 0 -1
    outer loop
      vertex 194.994 -14.8023 3
      vertex 193.642 -14.44 3
      vertex 193.685 -14.2219 3
    endloop
  endfacet
  facet normal 0 0 -1
    outer loop
      vertex 194.864 -15.1863 3
      vertex 193.571 -14.6506 3
      vertex 193.642 -14.44 3
    endloop
  endfacet
  facet normal 0 0 -1
    outer loop
      vertex 193.035 -15.3487 3
      vertex 193.887 -16.4594 3
      vertex 193.55 -16.6847 3
    endloop
  endfacet
  facet normal 0 0 -1
    outer loop
      vertex 194.685 -15.55 3
      vertex 193.472 -14.85 3
      vertex 193.571 -14.6506 3
    endloop
  endfacet
  facet normal 0 0 -1
    outer loop
      vertex 194.459 -15.8872 3
      vertex 193.349 -15.0349 3
      vertex 193.472 -14.85 3
    endloop
  endfacet
  facet normal 0 0 -1
    outer loop
      vertex 194.192 -16.192 3
      vertex 193.202 -15.2021 3
      vertex 193.349 -15.0349 3
    endloop
  endfacet
  facet normal 0 0 -1
    outer loop
      vertex 192.85 -15.4722 3
      vertex 193.55 -16.6847 3
      vertex 193.186 -16.864 3
    endloop
  endfacet
  facet normal 0 0 -1
    outer loop
      vertex 193.887 -16.4594 3
      vertex 193.035 -15.3487 3
      vertex 193.202 -15.2021 3
    endloop
  endfacet
  facet normal 0 0 -1
    outer loop
      vertex 193.55 -16.6847 3
      vertex 192.85 -15.4722 3
      vertex 193.035 -15.3487 3
    endloop
  endfacet
  facet normal 0 0 -1
    outer loop
      vertex 192.651 -15.5706 3
      vertex 193.186 -16.864 3
      vertex 192.802 -16.9944 3
    endloop
  endfacet
  facet normal 0 0 -1
    outer loop
      vertex 193.186 -16.864 3
      vertex 192.651 -15.5706 3
      vertex 192.85 -15.4722 3
    endloop
  endfacet
  facet normal 0 0 -1
    outer loop
      vertex 192.802 -16.9944 3
      vertex 192.44 -15.6421 3
      vertex 192.651 -15.5706 3
    endloop
  endfacet
  facet normal 0 0 -1
    outer loop
      vertex 192.405 -17.0735 3
      vertex 192.44 -15.6421 3
      vertex 192.802 -16.9944 3
    endloop
  endfacet
  facet normal 0 0 -1
    outer loop
      vertex 192.405 -17.0735 3
      vertex 192.222 -15.6855 3
      vertex 192.44 -15.6421 3
    endloop
  endfacet
  facet normal 0 0 -1
    outer loop
      vertex 192 -17.1 3
      vertex 192.222 -15.6855 3
      vertex 192.405 -17.0735 3
    endloop
  endfacet
  facet normal 0 0 -1
    outer loop
      vertex 192 -17.1 3
      vertex 192 -15.7 3
      vertex 192.222 -15.6855 3
    endloop
  endfacet
  facet normal 0 0 -1
    outer loop
      vertex 192 -17.1 3
      vertex 191.778 -15.6855 3
      vertex 192 -15.7 3
    endloop
  endfacet
  facet normal 0 0 -1
    outer loop
      vertex 191.595 -17.0735 3
      vertex 191.778 -15.6855 3
      vertex 192 -17.1 3
    endloop
  endfacet
  facet normal 0 0 -1
    outer loop
      vertex 191.595 -17.0735 3
      vertex 191.56 -15.6421 3
      vertex 191.778 -15.6855 3
    endloop
  endfacet
  facet normal 0 0 -1
    outer loop
      vertex 191.198 -16.9944 3
      vertex 191.56 -15.6421 3
      vertex 191.595 -17.0735 3
    endloop
  endfacet
  facet normal -0 0 -1
    outer loop
      vertex 191.56 -15.6421 3
      vertex 191.198 -16.9944 3
      vertex 191.349 -15.5706 3
    endloop
  endfacet
  facet normal 0 0 -1
    outer loop
      vertex 190.814 -16.864 3
      vertex 191.349 -15.5706 3
      vertex 191.198 -16.9944 3
    endloop
  endfacet
  facet normal -0 0 -1
    outer loop
      vertex 191.349 -15.5706 3
      vertex 190.814 -16.864 3
      vertex 191.15 -15.4722 3
    endloop
  endfacet
  facet normal 0 0 -1
    outer loop
      vertex 190.45 -16.6847 3
      vertex 191.15 -15.4722 3
      vertex 190.814 -16.864 3
    endloop
  endfacet
  facet normal -0 0 -1
    outer loop
      vertex 191.15 -15.4722 3
      vertex 190.45 -16.6847 3
      vertex 190.965 -15.3487 3
    endloop
  endfacet
  facet normal 0 0 -1
    outer loop
      vertex 190.113 -16.4594 3
      vertex 190.965 -15.3487 3
      vertex 190.45 -16.6847 3
    endloop
  endfacet
  facet normal -0 0 -1
    outer loop
      vertex 190.965 -15.3487 3
      vertex 190.113 -16.4594 3
      vertex 190.798 -15.2021 3
    endloop
  endfacet
  facet normal 0 0 -1
    outer loop
      vertex 189.808 -16.192 3
      vertex 190.798 -15.2021 3
      vertex 190.113 -16.4594 3
    endloop
  endfacet
  facet normal -0 0 -1
    outer loop
      vertex 190.798 -15.2021 3
      vertex 189.808 -16.192 3
      vertex 190.651 -15.0349 3
    endloop
  endfacet
  facet normal 0 0 -1
    outer loop
      vertex 189.541 -15.8872 3
      vertex 190.651 -15.0349 3
      vertex 189.808 -16.192 3
    endloop
  endfacet
  facet normal -0 0 -1
    outer loop
      vertex 190.651 -15.0349 3
      vertex 189.541 -15.8872 3
      vertex 190.528 -14.85 3
    endloop
  endfacet
  facet normal 0 0 -1
    outer loop
      vertex 189.315 -15.55 3
      vertex 190.528 -14.85 3
      vertex 189.541 -15.8872 3
    endloop
  endfacet
  facet normal -0 0 -1
    outer loop
      vertex 190.528 -14.85 3
      vertex 189.315 -15.55 3
      vertex 190.429 -14.6506 3
    endloop
  endfacet
  facet normal 0 0 -1
    outer loop
      vertex 193.472 -13.15 3
      vertex 194.685 -12.45 3
      vertex 193.571 -13.3494 3
    endloop
  endfacet
  facet normal -0 0 -1
    outer loop
      vertex 194.685 -12.45 3
      vertex 193.472 -13.15 3
      vertex 194.459 -12.1128 3
    endloop
  endfacet
  facet normal 0 0 -1
    outer loop
      vertex 193.349 -12.9651 3
      vertex 194.459 -12.1128 3
      vertex 193.472 -13.15 3
    endloop
  endfacet
  facet normal -0 0 -1
    outer loop
      vertex 194.459 -12.1128 3
      vertex 193.349 -12.9651 3
      vertex 194.192 -11.808 3
    endloop
  endfacet
  facet normal 0 0 -1
    outer loop
      vertex 193.202 -12.7979 3
      vertex 194.192 -11.808 3
      vertex 193.349 -12.9651 3
    endloop
  endfacet
  facet normal -0 0 -1
    outer loop
      vertex 194.192 -11.808 3
      vertex 193.202 -12.7979 3
      vertex 193.887 -11.5406 3
    endloop
  endfacet
  facet normal 0 0 -1
    outer loop
      vertex 193.035 -12.6513 3
      vertex 193.887 -11.5406 3
      vertex 193.202 -12.7979 3
    endloop
  endfacet
  facet normal -0 0 -1
    outer loop
      vertex 193.887 -11.5406 3
      vertex 193.035 -12.6513 3
      vertex 193.55 -11.3153 3
    endloop
  endfacet
  facet normal 0 0 -1
    outer loop
      vertex 192.85 -12.5278 3
      vertex 193.55 -11.3153 3
      vertex 193.035 -12.6513 3
    endloop
  endfacet
  facet normal -0 0 -1
    outer loop
      vertex 193.55 -11.3153 3
      vertex 192.85 -12.5278 3
      vertex 193.186 -11.136 3
    endloop
  endfacet
  facet normal 0 0 -1
    outer loop
      vertex 192.651 -12.4294 3
      vertex 193.186 -11.136 3
      vertex 192.85 -12.5278 3
    endloop
  endfacet
  facet normal -0 0 -1
    outer loop
      vertex 193.186 -11.136 3
      vertex 192.651 -12.4294 3
      vertex 192.802 -11.0056 3
    endloop
  endfacet
  facet normal 0 0 -1
    outer loop
      vertex 192.44 -12.3579 3
      vertex 192.802 -11.0056 3
      vertex 192.651 -12.4294 3
    endloop
  endfacet
  facet normal 0 0 -1
    outer loop
      vertex 192.44 -12.3579 3
      vertex 192.405 -10.9265 3
      vertex 192.802 -11.0056 3
    endloop
  endfacet
  facet normal 0 0 -1
    outer loop
      vertex 192.222 -12.3145 3
      vertex 192.405 -10.9265 3
      vertex 192.44 -12.3579 3
    endloop
  endfacet
  facet normal 0 0 -1
    outer loop
      vertex 192 -12.3 3
      vertex 192.405 -10.9265 3
      vertex 192.222 -12.3145 3
    endloop
  endfacet
  facet normal 0 0 -1
    outer loop
      vertex 192 -12.3 3
      vertex 192 -10.9 3
      vertex 192.405 -10.9265 3
    endloop
  endfacet
  facet normal 0 0 -1
    outer loop
      vertex 191.778 -12.3145 3
      vertex 192 -10.9 3
      vertex 192 -12.3 3
    endloop
  endfacet
  facet normal 0 0 -1
    outer loop
      vertex 191.778 -12.3145 3
      vertex 191.595 -10.9265 3
      vertex 192 -10.9 3
    endloop
  endfacet
  facet normal 0 0 -1
    outer loop
      vertex 191.56 -12.3579 3
      vertex 191.595 -10.9265 3
      vertex 191.778 -12.3145 3
    endloop
  endfacet
  facet normal 0 0 -1
    outer loop
      vertex 191.198 -11.0056 3
      vertex 191.56 -12.3579 3
      vertex 191.349 -12.4294 3
    endloop
  endfacet
  facet normal 0 0 -1
    outer loop
      vertex 191.56 -12.3579 3
      vertex 191.198 -11.0056 3
      vertex 191.595 -10.9265 3
    endloop
  endfacet
  facet normal 0 0 -1
    outer loop
      vertex 190.814 -11.136 3
      vertex 191.349 -12.4294 3
      vertex 191.15 -12.5278 3
    endloop
  endfacet
  facet normal 0 0 -1
    outer loop
      vertex 190.45 -11.3153 3
      vertex 191.15 -12.5278 3
      vertex 190.965 -12.6513 3
    endloop
  endfacet
  facet normal 0 0 -1
    outer loop
      vertex 191.349 -12.4294 3
      vertex 190.814 -11.136 3
      vertex 191.198 -11.0056 3
    endloop
  endfacet
  facet normal 0 0 -1
    outer loop
      vertex 190.113 -11.5406 3
      vertex 190.965 -12.6513 3
      vertex 190.798 -12.7979 3
    endloop
  endfacet
  facet normal 0 0 -1
    outer loop
      vertex 189.808 -11.808 3
      vertex 190.798 -12.7979 3
      vertex 190.651 -12.9651 3
    endloop
  endfacet
  facet normal 0 0 -1
    outer loop
      vertex 189.541 -12.1128 3
      vertex 190.651 -12.9651 3
      vertex 190.528 -13.15 3
    endloop
  endfacet
  facet normal 0 0 -1
    outer loop
      vertex 191.15 -12.5278 3
      vertex 190.45 -11.3153 3
      vertex 190.814 -11.136 3
    endloop
  endfacet
  facet normal 0 0 -1
    outer loop
      vertex 189.315 -12.45 3
      vertex 190.528 -13.15 3
      vertex 190.429 -13.3494 3
    endloop
  endfacet
  facet normal 0 0 -1
    outer loop
      vertex 189.136 -12.8137 3
      vertex 190.429 -13.3494 3
      vertex 190.358 -13.56 3
    endloop
  endfacet
  facet normal 0 0 -1
    outer loop
      vertex 189.006 -13.1977 3
      vertex 190.358 -13.56 3
      vertex 190.315 -13.7781 3
    endloop
  endfacet
  facet normal 0 0 -1
    outer loop
      vertex 188.927 -13.5954 3
      vertex 190.315 -13.7781 3
      vertex 190.3 -14 3
    endloop
  endfacet
  facet normal 0 0 -1
    outer loop
      vertex 189.136 -15.1863 3
      vertex 190.429 -14.6506 3
      vertex 189.315 -15.55 3
    endloop
  endfacet
  facet normal 0 0 -1
    outer loop
      vertex 190.965 -12.6513 3
      vertex 190.113 -11.5406 3
      vertex 190.45 -11.3153 3
    endloop
  endfacet
  facet normal -0 0 -1
    outer loop
      vertex 190.429 -14.6506 3
      vertex 189.136 -15.1863 3
      vertex 190.358 -14.44 3
    endloop
  endfacet
  facet normal 0 0 -1
    outer loop
      vertex 190.798 -12.7979 3
      vertex 189.808 -11.808 3
      vertex 190.113 -11.5406 3
    endloop
  endfacet
  facet normal 0 0 -1
    outer loop
      vertex 189.006 -14.8023 3
      vertex 190.358 -14.44 3
      vertex 189.136 -15.1863 3
    endloop
  endfacet
  facet normal 0 0 -1
    outer loop
      vertex 190.651 -12.9651 3
      vertex 189.541 -12.1128 3
      vertex 189.808 -11.808 3
    endloop
  endfacet
  facet normal -0 0 -1
    outer loop
      vertex 190.358 -14.44 3
      vertex 189.006 -14.8023 3
      vertex 190.315 -14.2219 3
    endloop
  endfacet
  facet normal 0 0 -1
    outer loop
      vertex 190.528 -13.15 3
      vertex 189.315 -12.45 3
      vertex 189.541 -12.1128 3
    endloop
  endfacet
  facet normal 0 0 -1
    outer loop
      vertex 188.927 -14.4046 3
      vertex 190.315 -14.2219 3
      vertex 189.006 -14.8023 3
    endloop
  endfacet
  facet normal 0 0 -1
    outer loop
      vertex 190.429 -13.3494 3
      vertex 189.136 -12.8137 3
      vertex 189.315 -12.45 3
    endloop
  endfacet
  facet normal -0 0 -1
    outer loop
      vertex 190.315 -14.2219 3
      vertex 188.927 -14.4046 3
      vertex 190.3 -14 3
    endloop
  endfacet
  facet normal 0 0 -1
    outer loop
      vertex 190.358 -13.56 3
      vertex 189.006 -13.1977 3
      vertex 189.136 -12.8137 3
    endloop
  endfacet
  facet normal 0 0 -1
    outer loop
      vertex 188.9 -14 3
      vertex 190.3 -14 3
      vertex 188.927 -14.4046 3
    endloop
  endfacet
  facet normal 0 0 -1
    outer loop
      vertex 190.315 -13.7781 3
      vertex 188.927 -13.5954 3
      vertex 189.006 -13.1977 3
    endloop
  endfacet
  facet normal 0 0 -1
    outer loop
      vertex 190.3 -14 3
      vertex 188.9 -14 3
      vertex 188.927 -13.5954 3
    endloop
  endfacet
  facet normal 0.897222 -0.44158 0
    outer loop
      vertex 189.136 -12.8137 3
      vertex 189.315 -12.45 0
      vertex 189.315 -12.45 3
    endloop
  endfacet
  facet normal 0.897222 -0.44158 0
    outer loop
      vertex 189.315 -12.45 0
      vertex 189.136 -12.8137 3
      vertex 189.136 -12.8137 0
    endloop
  endfacet
  facet normal 0.897222 0.44158 0
    outer loop
      vertex 189.315 -15.55 3
      vertex 189.136 -15.1863 0
      vertex 189.136 -15.1863 3
    endloop
  endfacet
  facet normal 0.897222 0.44158 0
    outer loop
      vertex 189.136 -15.1863 0
      vertex 189.315 -15.55 3
      vertex 189.315 -15.55 0
    endloop
  endfacet
  facet normal 0.830683 0.556745 0
    outer loop
      vertex 189.541 -15.8872 3
      vertex 189.315 -15.55 0
      vertex 189.315 -15.55 3
    endloop
  endfacet
  facet normal 0.830683 0.556745 0
    outer loop
      vertex 189.315 -15.55 0
      vertex 189.541 -15.8872 3
      vertex 189.541 -15.8872 0
    endloop
  endfacet
  facet normal 0.555781 -0.831329 0
    outer loop
      vertex 190.113 -11.5406 0
      vertex 190.45 -11.3153 3
      vertex 190.113 -11.5406 3
    endloop
  endfacet
  facet normal 0.555781 -0.831329 0
    outer loop
      vertex 190.45 -11.3153 3
      vertex 190.113 -11.5406 0
      vertex 190.45 -11.3153 0
    endloop
  endfacet
endsolid OpenSCAD_Model
